Created by PLY version 3.11 (http://www.dabeaz.com/ply)

Unused terminals:

    ARRAY
    BOOL
    DOUBLE_COLON
    FLOAT_TYPE
    NEWLINE
    UMINUS

Grammar

Rule 0     S' -> program
Rule 1     program -> statements
Rule 2     statement -> expression optional_semicolon
Rule 3     statement -> assign_stmt optional_semicolon
Rule 4     statement -> if_stmt
Rule 5     statement -> while_stmt
Rule 6     statement -> for_stmt
Rule 7     statement -> procedure_stmt
Rule 8     statement -> break_stmt
Rule 9     statement -> continue_stmt
Rule 10    statement -> return_stmt
Rule 11    statement -> scan_stmt
Rule 12    statement -> onscreen_stmt
Rule 13    statement -> call_stmt
Rule 14    statement -> pass_stmt
Rule 15    statement -> lambda_stmt
Rule 16    statements -> statement
Rule 17    statements -> statements statement
Rule 18    expression -> literal
Rule 19    expression -> IDENT
Rule 20    expression -> LPAREN expression RPAREN
Rule 21    expression -> LBRACE expression RBRACE
Rule 22    type -> I8
Rule 23    type -> I16
Rule 24    type -> I32
Rule 25    type -> I64
Rule 26    type -> U8
Rule 27    type -> U16
Rule 28    type -> U32
Rule 29    type -> U64
Rule 30    type -> F32
Rule 31    type -> F64
Rule 32    type -> USIZE
Rule 33    type -> ISIZE
Rule 34    type -> STR_TYPE
Rule 35    type -> BOOL_TYPE
Rule 36    type -> INT_TYPE
Rule 37    type -> CHAR_TYPE
Rule 38    type -> VOID
Rule 39    assign_stmt -> SET IDENT ASSIGN expression
Rule 40    assign_stmt -> SET expression ASSIGN expression
Rule 41    assign_stmt -> VAR type IDENT ASSIGN expression
Rule 42    assign_stmt -> VAR type IDENT
Rule 43    assign_stmt -> VAR LBRACKET type COMMA INT RBRACKET IDENT ASSIGN expression
Rule 44    literal -> STR
Rule 45    literal -> INT
Rule 46    literal -> FLOAT
Rule 47    literal -> TRUE
Rule 48    literal -> FALSE
Rule 49    literal -> CHAR
Rule 50    literal -> IDENT
Rule 51    expression -> expression ADD expression
Rule 52    expression -> expression SUB expression
Rule 53    expression -> expression MUL expression
Rule 54    expression -> expression DIV expression
Rule 55    expression -> expression MOD expression
Rule 56    expression -> expression POW expression
Rule 57    expression -> expression AND expression
Rule 58    expression -> expression OR expression
Rule 59    expression -> expression XOR expression
Rule 60    expression -> expression NE expression
Rule 61    expression -> expression EQ expression
Rule 62    expression -> expression GT expression
Rule 63    expression -> expression LT expression
Rule 64    expression -> expression GE expression
Rule 65    expression -> expression LE expression
Rule 66    expression -> NOT expression
Rule 67    expression -> SUB expression
Rule 68    if_stmt -> IF expression LBRACE statements RBRACE
Rule 69    if_stmt -> IF expression LBRACE statements RBRACE ELSE LBRACE statements RBRACE
Rule 70    while_stmt -> WHILE expression LBRACE statements RBRACE
Rule 71    for_stmt -> FOR assign_stmt SEMICOLON expression SEMICOLON assign_stmt LBRACE statements RBRACE
Rule 72    for_stmt -> FOR assign_stmt IN expression LBRACE statements RBRACE
Rule 73    for_stmt -> FOR expression LBRACE statements RBRACE
Rule 74    param -> IDENT COLON type
Rule 75    params_list -> param
Rule 76    params_list -> params_list COMMA param
Rule 77    params_list -> empty
Rule 78    block -> LBRACE statements RBRACE
Rule 79    block -> empty
Rule 80    procedure_stmt -> PROCEDURE IDENT LPAREN params_list RPAREN COLON type block
Rule 81    procedure_stmt -> PROCEDURE IDENT LPAREN params_list RPAREN block
Rule 82    break_stmt -> BREAK optional_semicolon
Rule 83    continue_stmt -> CONTINUE optional_semicolon
Rule 84    return_stmt -> RETURN expression optional_semicolon
Rule 85    return_stmt -> RETURN optional_semicolon
Rule 86    onscreen_stmt -> ONSCREEN LPAREN expression RPAREN optional_semicolon
Rule 87    scan_stmt -> SCAN LPAREN expression RPAREN optional_semicolon
Rule 88    element -> expression
Rule 89    element_list -> element
Rule 90    element_list -> element_list COMMA element
Rule 91    element_list -> empty
Rule 92    expression -> LBRACKET element_list RBRACKET optional_semicolon
Rule 93    expression -> IDENT LBRACKET expression RBRACKET
Rule 94    argument -> IDENT
Rule 95    argument -> IDENT ASSIGN expression
Rule 96    argument_list -> argument
Rule 97    argument_list -> argument_list COMMA argument
Rule 98    argument_list -> empty
Rule 99    call_stmt -> IDENT LPAREN argument_list RPAREN optional_semicolon
Rule 100   pass_stmt -> PASS optional_semicolon
Rule 101   lambda_stmt -> type LPAREN argument_list RPAREN ARROW statement
Rule 102   field -> IDENT COLON type
Rule 103   field_list -> field
Rule 104   field_list -> field_list COMMA field
Rule 105   field_list -> empty
Rule 106   struct_decl_stmt -> STRUCT IDENT LBRACE field_list RBRACE
Rule 107   expression -> expression DOT IDENT
Rule 108   optional_semicolon -> SEMICOLON
Rule 109   optional_semicolon -> empty
Rule 110   empty -> <empty>

Terminals, with rules where they appear

ADD                  : 51
AND                  : 57
ARRAY                : 
ARROW                : 101
ASSIGN               : 39 40 41 43 95
BOOL                 : 
BOOL_TYPE            : 35
BREAK                : 82
CHAR                 : 49
CHAR_TYPE            : 37
COLON                : 74 80 102
COMMA                : 43 76 90 97 104
CONTINUE             : 83
DIV                  : 54
DOT                  : 107
DOUBLE_COLON         : 
ELSE                 : 69
EQ                   : 61
F32                  : 30
F64                  : 31
FALSE                : 48
FLOAT                : 46
FLOAT_TYPE           : 
FOR                  : 71 72 73
GE                   : 64
GT                   : 62
I16                  : 23
I32                  : 24
I64                  : 25
I8                   : 22
IDENT                : 19 39 41 42 43 50 74 80 81 93 94 95 99 102 106 107
IF                   : 68 69
IN                   : 72
INT                  : 43 45
INT_TYPE             : 36
ISIZE                : 33
LBRACE               : 21 68 69 69 70 71 72 73 78 106
LBRACKET             : 43 92 93
LE                   : 65
LPAREN               : 20 80 81 86 87 99 101
LT                   : 63
MOD                  : 55
MUL                  : 53
NE                   : 60
NEWLINE              : 
NOT                  : 66
ONSCREEN             : 86
OR                   : 58
PASS                 : 100
POW                  : 56
PROCEDURE            : 80 81
RBRACE               : 21 68 69 69 70 71 72 73 78 106
RBRACKET             : 43 92 93
RETURN               : 84 85
RPAREN               : 20 80 81 86 87 99 101
SCAN                 : 87
SEMICOLON            : 71 71 108
SET                  : 39 40
STR                  : 44
STRUCT               : 106
STR_TYPE             : 34
SUB                  : 52 67
TRUE                 : 47
U16                  : 27
U32                  : 28
U64                  : 29
U8                   : 26
UMINUS               : 
USIZE                : 32
VAR                  : 41 42 43
VOID                 : 38
WHILE                : 70
XOR                  : 59
error                : 

Nonterminals, with rules where they appear

argument             : 96 97
argument_list        : 97 99 101
assign_stmt          : 3 71 71 72
block                : 80 81
break_stmt           : 8
call_stmt            : 13
continue_stmt        : 9
element              : 89 90
element_list         : 90 92
empty                : 77 79 91 98 105 109
expression           : 2 20 21 39 40 40 41 43 51 51 52 52 53 53 54 54 55 55 56 56 57 57 58 58 59 59 60 60 61 61 62 62 63 63 64 64 65 65 66 67 68 69 70 71 72 73 84 86 87 88 93 95 107
field                : 103 104
field_list           : 104 106
for_stmt             : 6
if_stmt              : 4
lambda_stmt          : 15
literal              : 18
onscreen_stmt        : 12
optional_semicolon   : 2 3 82 83 84 85 86 87 92 99 100
param                : 75 76
params_list          : 76 80 81
pass_stmt            : 14
procedure_stmt       : 7
program              : 0
return_stmt          : 10
scan_stmt            : 11
statement            : 16 17 101
statements           : 1 17 68 69 69 70 71 72 73 78
struct_decl_stmt     : 
type                 : 41 42 43 74 80 101 102
while_stmt           : 5

Parsing method: LALR

state 0

    (0) S' -> . program
    (1) program -> . statements
    (16) statements -> . statement
    (17) statements -> . statements statement
    (2) statement -> . expression optional_semicolon
    (3) statement -> . assign_stmt optional_semicolon
    (4) statement -> . if_stmt
    (5) statement -> . while_stmt
    (6) statement -> . for_stmt
    (7) statement -> . procedure_stmt
    (8) statement -> . break_stmt
    (9) statement -> . continue_stmt
    (10) statement -> . return_stmt
    (11) statement -> . scan_stmt
    (12) statement -> . onscreen_stmt
    (13) statement -> . call_stmt
    (14) statement -> . pass_stmt
    (15) statement -> . lambda_stmt
    (18) expression -> . literal
    (19) expression -> . IDENT
    (20) expression -> . LPAREN expression RPAREN
    (21) expression -> . LBRACE expression RBRACE
    (51) expression -> . expression ADD expression
    (52) expression -> . expression SUB expression
    (53) expression -> . expression MUL expression
    (54) expression -> . expression DIV expression
    (55) expression -> . expression MOD expression
    (56) expression -> . expression POW expression
    (57) expression -> . expression AND expression
    (58) expression -> . expression OR expression
    (59) expression -> . expression XOR expression
    (60) expression -> . expression NE expression
    (61) expression -> . expression EQ expression
    (62) expression -> . expression GT expression
    (63) expression -> . expression LT expression
    (64) expression -> . expression GE expression
    (65) expression -> . expression LE expression
    (66) expression -> . NOT expression
    (67) expression -> . SUB expression
    (92) expression -> . LBRACKET element_list RBRACKET optional_semicolon
    (93) expression -> . IDENT LBRACKET expression RBRACKET
    (107) expression -> . expression DOT IDENT
    (39) assign_stmt -> . SET IDENT ASSIGN expression
    (40) assign_stmt -> . SET expression ASSIGN expression
    (41) assign_stmt -> . VAR type IDENT ASSIGN expression
    (42) assign_stmt -> . VAR type IDENT
    (43) assign_stmt -> . VAR LBRACKET type COMMA INT RBRACKET IDENT ASSIGN expression
    (68) if_stmt -> . IF expression LBRACE statements RBRACE
    (69) if_stmt -> . IF expression LBRACE statements RBRACE ELSE LBRACE statements RBRACE
    (70) while_stmt -> . WHILE expression LBRACE statements RBRACE
    (71) for_stmt -> . FOR assign_stmt SEMICOLON expression SEMICOLON assign_stmt LBRACE statements RBRACE
    (72) for_stmt -> . FOR assign_stmt IN expression LBRACE statements RBRACE
    (73) for_stmt -> . FOR expression LBRACE statements RBRACE
    (80) procedure_stmt -> . PROCEDURE IDENT LPAREN params_list RPAREN COLON type block
    (81) procedure_stmt -> . PROCEDURE IDENT LPAREN params_list RPAREN block
    (82) break_stmt -> . BREAK optional_semicolon
    (83) continue_stmt -> . CONTINUE optional_semicolon
    (84) return_stmt -> . RETURN expression optional_semicolon
    (85) return_stmt -> . RETURN optional_semicolon
    (87) scan_stmt -> . SCAN LPAREN expression RPAREN optional_semicolon
    (86) onscreen_stmt -> . ONSCREEN LPAREN expression RPAREN optional_semicolon
    (99) call_stmt -> . IDENT LPAREN argument_list RPAREN optional_semicolon
    (100) pass_stmt -> . PASS optional_semicolon
    (101) lambda_stmt -> . type LPAREN argument_list RPAREN ARROW statement
    (44) literal -> . STR
    (45) literal -> . INT
    (46) literal -> . FLOAT
    (47) literal -> . TRUE
    (48) literal -> . FALSE
    (49) literal -> . CHAR
    (50) literal -> . IDENT
    (22) type -> . I8
    (23) type -> . I16
    (24) type -> . I32
    (25) type -> . I64
    (26) type -> . U8
    (27) type -> . U16
    (28) type -> . U32
    (29) type -> . U64
    (30) type -> . F32
    (31) type -> . F64
    (32) type -> . USIZE
    (33) type -> . ISIZE
    (34) type -> . STR_TYPE
    (35) type -> . BOOL_TYPE
    (36) type -> . INT_TYPE
    (37) type -> . CHAR_TYPE
    (38) type -> . VOID

    IDENT           shift and go to state 19
    LPAREN          shift and go to state 20
    LBRACE          shift and go to state 21
    NOT             shift and go to state 23
    SUB             shift and go to state 22
    LBRACKET        shift and go to state 24
    SET             shift and go to state 25
    VAR             shift and go to state 26
    IF              shift and go to state 29
    WHILE           shift and go to state 30
    FOR             shift and go to state 31
    PROCEDURE       shift and go to state 32
    BREAK           shift and go to state 33
    CONTINUE        shift and go to state 34
    RETURN          shift and go to state 35
    SCAN            shift and go to state 36
    ONSCREEN        shift and go to state 37
    PASS            shift and go to state 38
    STR             shift and go to state 39
    INT             shift and go to state 28
    FLOAT           shift and go to state 40
    TRUE            shift and go to state 41
    FALSE           shift and go to state 42
    CHAR            shift and go to state 43
    I8              shift and go to state 44
    I16             shift and go to state 45
    I32             shift and go to state 46
    I64             shift and go to state 47
    U8              shift and go to state 48
    U16             shift and go to state 49
    U32             shift and go to state 50
    U64             shift and go to state 51
    F32             shift and go to state 52
    F64             shift and go to state 53
    USIZE           shift and go to state 54
    ISIZE           shift and go to state 55
    STR_TYPE        shift and go to state 56
    BOOL_TYPE       shift and go to state 57
    INT_TYPE        shift and go to state 58
    CHAR_TYPE       shift and go to state 59
    VOID            shift and go to state 60

    program                        shift and go to state 1
    statements                     shift and go to state 2
    statement                      shift and go to state 3
    expression                     shift and go to state 4
    assign_stmt                    shift and go to state 5
    if_stmt                        shift and go to state 6
    while_stmt                     shift and go to state 7
    for_stmt                       shift and go to state 8
    procedure_stmt                 shift and go to state 9
    break_stmt                     shift and go to state 10
    continue_stmt                  shift and go to state 11
    return_stmt                    shift and go to state 12
    scan_stmt                      shift and go to state 13
    onscreen_stmt                  shift and go to state 14
    call_stmt                      shift and go to state 15
    pass_stmt                      shift and go to state 16
    lambda_stmt                    shift and go to state 17
    literal                        shift and go to state 18
    type                           shift and go to state 27

state 1

    (0) S' -> program .



state 2

    (1) program -> statements .
    (17) statements -> statements . statement
    (2) statement -> . expression optional_semicolon
    (3) statement -> . assign_stmt optional_semicolon
    (4) statement -> . if_stmt
    (5) statement -> . while_stmt
    (6) statement -> . for_stmt
    (7) statement -> . procedure_stmt
    (8) statement -> . break_stmt
    (9) statement -> . continue_stmt
    (10) statement -> . return_stmt
    (11) statement -> . scan_stmt
    (12) statement -> . onscreen_stmt
    (13) statement -> . call_stmt
    (14) statement -> . pass_stmt
    (15) statement -> . lambda_stmt
    (18) expression -> . literal
    (19) expression -> . IDENT
    (20) expression -> . LPAREN expression RPAREN
    (21) expression -> . LBRACE expression RBRACE
    (51) expression -> . expression ADD expression
    (52) expression -> . expression SUB expression
    (53) expression -> . expression MUL expression
    (54) expression -> . expression DIV expression
    (55) expression -> . expression MOD expression
    (56) expression -> . expression POW expression
    (57) expression -> . expression AND expression
    (58) expression -> . expression OR expression
    (59) expression -> . expression XOR expression
    (60) expression -> . expression NE expression
    (61) expression -> . expression EQ expression
    (62) expression -> . expression GT expression
    (63) expression -> . expression LT expression
    (64) expression -> . expression GE expression
    (65) expression -> . expression LE expression
    (66) expression -> . NOT expression
    (67) expression -> . SUB expression
    (92) expression -> . LBRACKET element_list RBRACKET optional_semicolon
    (93) expression -> . IDENT LBRACKET expression RBRACKET
    (107) expression -> . expression DOT IDENT
    (39) assign_stmt -> . SET IDENT ASSIGN expression
    (40) assign_stmt -> . SET expression ASSIGN expression
    (41) assign_stmt -> . VAR type IDENT ASSIGN expression
    (42) assign_stmt -> . VAR type IDENT
    (43) assign_stmt -> . VAR LBRACKET type COMMA INT RBRACKET IDENT ASSIGN expression
    (68) if_stmt -> . IF expression LBRACE statements RBRACE
    (69) if_stmt -> . IF expression LBRACE statements RBRACE ELSE LBRACE statements RBRACE
    (70) while_stmt -> . WHILE expression LBRACE statements RBRACE
    (71) for_stmt -> . FOR assign_stmt SEMICOLON expression SEMICOLON assign_stmt LBRACE statements RBRACE
    (72) for_stmt -> . FOR assign_stmt IN expression LBRACE statements RBRACE
    (73) for_stmt -> . FOR expression LBRACE statements RBRACE
    (80) procedure_stmt -> . PROCEDURE IDENT LPAREN params_list RPAREN COLON type block
    (81) procedure_stmt -> . PROCEDURE IDENT LPAREN params_list RPAREN block
    (82) break_stmt -> . BREAK optional_semicolon
    (83) continue_stmt -> . CONTINUE optional_semicolon
    (84) return_stmt -> . RETURN expression optional_semicolon
    (85) return_stmt -> . RETURN optional_semicolon
    (87) scan_stmt -> . SCAN LPAREN expression RPAREN optional_semicolon
    (86) onscreen_stmt -> . ONSCREEN LPAREN expression RPAREN optional_semicolon
    (99) call_stmt -> . IDENT LPAREN argument_list RPAREN optional_semicolon
    (100) pass_stmt -> . PASS optional_semicolon
    (101) lambda_stmt -> . type LPAREN argument_list RPAREN ARROW statement
    (44) literal -> . STR
    (45) literal -> . INT
    (46) literal -> . FLOAT
    (47) literal -> . TRUE
    (48) literal -> . FALSE
    (49) literal -> . CHAR
    (50) literal -> . IDENT
    (22) type -> . I8
    (23) type -> . I16
    (24) type -> . I32
    (25) type -> . I64
    (26) type -> . U8
    (27) type -> . U16
    (28) type -> . U32
    (29) type -> . U64
    (30) type -> . F32
    (31) type -> . F64
    (32) type -> . USIZE
    (33) type -> . ISIZE
    (34) type -> . STR_TYPE
    (35) type -> . BOOL_TYPE
    (36) type -> . INT_TYPE
    (37) type -> . CHAR_TYPE
    (38) type -> . VOID

    $end            reduce using rule 1 (program -> statements .)
    IDENT           shift and go to state 19
    LPAREN          shift and go to state 20
    LBRACE          shift and go to state 21
    NOT             shift and go to state 23
    SUB             shift and go to state 22
    LBRACKET        shift and go to state 24
    SET             shift and go to state 25
    VAR             shift and go to state 26
    IF              shift and go to state 29
    WHILE           shift and go to state 30
    FOR             shift and go to state 31
    PROCEDURE       shift and go to state 32
    BREAK           shift and go to state 33
    CONTINUE        shift and go to state 34
    RETURN          shift and go to state 35
    SCAN            shift and go to state 36
    ONSCREEN        shift and go to state 37
    PASS            shift and go to state 38
    STR             shift and go to state 39
    INT             shift and go to state 28
    FLOAT           shift and go to state 40
    TRUE            shift and go to state 41
    FALSE           shift and go to state 42
    CHAR            shift and go to state 43
    I8              shift and go to state 44
    I16             shift and go to state 45
    I32             shift and go to state 46
    I64             shift and go to state 47
    U8              shift and go to state 48
    U16             shift and go to state 49
    U32             shift and go to state 50
    U64             shift and go to state 51
    F32             shift and go to state 52
    F64             shift and go to state 53
    USIZE           shift and go to state 54
    ISIZE           shift and go to state 55
    STR_TYPE        shift and go to state 56
    BOOL_TYPE       shift and go to state 57
    INT_TYPE        shift and go to state 58
    CHAR_TYPE       shift and go to state 59
    VOID            shift and go to state 60

    statement                      shift and go to state 61
    expression                     shift and go to state 4
    assign_stmt                    shift and go to state 5
    if_stmt                        shift and go to state 6
    while_stmt                     shift and go to state 7
    for_stmt                       shift and go to state 8
    procedure_stmt                 shift and go to state 9
    break_stmt                     shift and go to state 10
    continue_stmt                  shift and go to state 11
    return_stmt                    shift and go to state 12
    scan_stmt                      shift and go to state 13
    onscreen_stmt                  shift and go to state 14
    call_stmt                      shift and go to state 15
    pass_stmt                      shift and go to state 16
    lambda_stmt                    shift and go to state 17
    literal                        shift and go to state 18
    type                           shift and go to state 27

state 3

    (16) statements -> statement .

    IDENT           reduce using rule 16 (statements -> statement .)
    LPAREN          reduce using rule 16 (statements -> statement .)
    LBRACE          reduce using rule 16 (statements -> statement .)
    NOT             reduce using rule 16 (statements -> statement .)
    SUB             reduce using rule 16 (statements -> statement .)
    LBRACKET        reduce using rule 16 (statements -> statement .)
    SET             reduce using rule 16 (statements -> statement .)
    VAR             reduce using rule 16 (statements -> statement .)
    IF              reduce using rule 16 (statements -> statement .)
    WHILE           reduce using rule 16 (statements -> statement .)
    FOR             reduce using rule 16 (statements -> statement .)
    PROCEDURE       reduce using rule 16 (statements -> statement .)
    BREAK           reduce using rule 16 (statements -> statement .)
    CONTINUE        reduce using rule 16 (statements -> statement .)
    RETURN          reduce using rule 16 (statements -> statement .)
    SCAN            reduce using rule 16 (statements -> statement .)
    ONSCREEN        reduce using rule 16 (statements -> statement .)
    PASS            reduce using rule 16 (statements -> statement .)
    STR             reduce using rule 16 (statements -> statement .)
    INT             reduce using rule 16 (statements -> statement .)
    FLOAT           reduce using rule 16 (statements -> statement .)
    TRUE            reduce using rule 16 (statements -> statement .)
    FALSE           reduce using rule 16 (statements -> statement .)
    CHAR            reduce using rule 16 (statements -> statement .)
    I8              reduce using rule 16 (statements -> statement .)
    I16             reduce using rule 16 (statements -> statement .)
    I32             reduce using rule 16 (statements -> statement .)
    I64             reduce using rule 16 (statements -> statement .)
    U8              reduce using rule 16 (statements -> statement .)
    U16             reduce using rule 16 (statements -> statement .)
    U32             reduce using rule 16 (statements -> statement .)
    U64             reduce using rule 16 (statements -> statement .)
    F32             reduce using rule 16 (statements -> statement .)
    F64             reduce using rule 16 (statements -> statement .)
    USIZE           reduce using rule 16 (statements -> statement .)
    ISIZE           reduce using rule 16 (statements -> statement .)
    STR_TYPE        reduce using rule 16 (statements -> statement .)
    BOOL_TYPE       reduce using rule 16 (statements -> statement .)
    INT_TYPE        reduce using rule 16 (statements -> statement .)
    CHAR_TYPE       reduce using rule 16 (statements -> statement .)
    VOID            reduce using rule 16 (statements -> statement .)
    $end            reduce using rule 16 (statements -> statement .)
    RBRACE          reduce using rule 16 (statements -> statement .)


state 4

    (2) statement -> expression . optional_semicolon
    (51) expression -> expression . ADD expression
    (52) expression -> expression . SUB expression
    (53) expression -> expression . MUL expression
    (54) expression -> expression . DIV expression
    (55) expression -> expression . MOD expression
    (56) expression -> expression . POW expression
    (57) expression -> expression . AND expression
    (58) expression -> expression . OR expression
    (59) expression -> expression . XOR expression
    (60) expression -> expression . NE expression
    (61) expression -> expression . EQ expression
    (62) expression -> expression . GT expression
    (63) expression -> expression . LT expression
    (64) expression -> expression . GE expression
    (65) expression -> expression . LE expression
    (107) expression -> expression . DOT IDENT
    (108) optional_semicolon -> . SEMICOLON
    (109) optional_semicolon -> . empty
    (110) empty -> .

  ! shift/reduce conflict for SUB resolved as shift
    ADD             shift and go to state 63
    SUB             shift and go to state 64
    MUL             shift and go to state 65
    DIV             shift and go to state 66
    MOD             shift and go to state 67
    POW             shift and go to state 68
    AND             shift and go to state 69
    OR              shift and go to state 70
    XOR             shift and go to state 71
    NE              shift and go to state 72
    EQ              shift and go to state 73
    GT              shift and go to state 74
    LT              shift and go to state 75
    GE              shift and go to state 76
    LE              shift and go to state 77
    DOT             shift and go to state 78
    SEMICOLON       shift and go to state 79
    IDENT           reduce using rule 110 (empty -> .)
    LPAREN          reduce using rule 110 (empty -> .)
    LBRACE          reduce using rule 110 (empty -> .)
    NOT             reduce using rule 110 (empty -> .)
    LBRACKET        reduce using rule 110 (empty -> .)
    SET             reduce using rule 110 (empty -> .)
    VAR             reduce using rule 110 (empty -> .)
    IF              reduce using rule 110 (empty -> .)
    WHILE           reduce using rule 110 (empty -> .)
    FOR             reduce using rule 110 (empty -> .)
    PROCEDURE       reduce using rule 110 (empty -> .)
    BREAK           reduce using rule 110 (empty -> .)
    CONTINUE        reduce using rule 110 (empty -> .)
    RETURN          reduce using rule 110 (empty -> .)
    SCAN            reduce using rule 110 (empty -> .)
    ONSCREEN        reduce using rule 110 (empty -> .)
    PASS            reduce using rule 110 (empty -> .)
    STR             reduce using rule 110 (empty -> .)
    INT             reduce using rule 110 (empty -> .)
    FLOAT           reduce using rule 110 (empty -> .)
    TRUE            reduce using rule 110 (empty -> .)
    FALSE           reduce using rule 110 (empty -> .)
    CHAR            reduce using rule 110 (empty -> .)
    I8              reduce using rule 110 (empty -> .)
    I16             reduce using rule 110 (empty -> .)
    I32             reduce using rule 110 (empty -> .)
    I64             reduce using rule 110 (empty -> .)
    U8              reduce using rule 110 (empty -> .)
    U16             reduce using rule 110 (empty -> .)
    U32             reduce using rule 110 (empty -> .)
    U64             reduce using rule 110 (empty -> .)
    F32             reduce using rule 110 (empty -> .)
    F64             reduce using rule 110 (empty -> .)
    USIZE           reduce using rule 110 (empty -> .)
    ISIZE           reduce using rule 110 (empty -> .)
    STR_TYPE        reduce using rule 110 (empty -> .)
    BOOL_TYPE       reduce using rule 110 (empty -> .)
    INT_TYPE        reduce using rule 110 (empty -> .)
    CHAR_TYPE       reduce using rule 110 (empty -> .)
    VOID            reduce using rule 110 (empty -> .)
    $end            reduce using rule 110 (empty -> .)
    RBRACE          reduce using rule 110 (empty -> .)

  ! SUB             [ reduce using rule 110 (empty -> .) ]

    optional_semicolon             shift and go to state 62
    empty                          shift and go to state 80

state 5

    (3) statement -> assign_stmt . optional_semicolon
    (108) optional_semicolon -> . SEMICOLON
    (109) optional_semicolon -> . empty
    (110) empty -> .

    SEMICOLON       shift and go to state 79
    IDENT           reduce using rule 110 (empty -> .)
    LPAREN          reduce using rule 110 (empty -> .)
    LBRACE          reduce using rule 110 (empty -> .)
    NOT             reduce using rule 110 (empty -> .)
    SUB             reduce using rule 110 (empty -> .)
    LBRACKET        reduce using rule 110 (empty -> .)
    SET             reduce using rule 110 (empty -> .)
    VAR             reduce using rule 110 (empty -> .)
    IF              reduce using rule 110 (empty -> .)
    WHILE           reduce using rule 110 (empty -> .)
    FOR             reduce using rule 110 (empty -> .)
    PROCEDURE       reduce using rule 110 (empty -> .)
    BREAK           reduce using rule 110 (empty -> .)
    CONTINUE        reduce using rule 110 (empty -> .)
    RETURN          reduce using rule 110 (empty -> .)
    SCAN            reduce using rule 110 (empty -> .)
    ONSCREEN        reduce using rule 110 (empty -> .)
    PASS            reduce using rule 110 (empty -> .)
    STR             reduce using rule 110 (empty -> .)
    INT             reduce using rule 110 (empty -> .)
    FLOAT           reduce using rule 110 (empty -> .)
    TRUE            reduce using rule 110 (empty -> .)
    FALSE           reduce using rule 110 (empty -> .)
    CHAR            reduce using rule 110 (empty -> .)
    I8              reduce using rule 110 (empty -> .)
    I16             reduce using rule 110 (empty -> .)
    I32             reduce using rule 110 (empty -> .)
    I64             reduce using rule 110 (empty -> .)
    U8              reduce using rule 110 (empty -> .)
    U16             reduce using rule 110 (empty -> .)
    U32             reduce using rule 110 (empty -> .)
    U64             reduce using rule 110 (empty -> .)
    F32             reduce using rule 110 (empty -> .)
    F64             reduce using rule 110 (empty -> .)
    USIZE           reduce using rule 110 (empty -> .)
    ISIZE           reduce using rule 110 (empty -> .)
    STR_TYPE        reduce using rule 110 (empty -> .)
    BOOL_TYPE       reduce using rule 110 (empty -> .)
    INT_TYPE        reduce using rule 110 (empty -> .)
    CHAR_TYPE       reduce using rule 110 (empty -> .)
    VOID            reduce using rule 110 (empty -> .)
    $end            reduce using rule 110 (empty -> .)
    RBRACE          reduce using rule 110 (empty -> .)

    optional_semicolon             shift and go to state 81
    empty                          shift and go to state 80

state 6

    (4) statement -> if_stmt .

    IDENT           reduce using rule 4 (statement -> if_stmt .)
    LPAREN          reduce using rule 4 (statement -> if_stmt .)
    LBRACE          reduce using rule 4 (statement -> if_stmt .)
    NOT             reduce using rule 4 (statement -> if_stmt .)
    SUB             reduce using rule 4 (statement -> if_stmt .)
    LBRACKET        reduce using rule 4 (statement -> if_stmt .)
    SET             reduce using rule 4 (statement -> if_stmt .)
    VAR             reduce using rule 4 (statement -> if_stmt .)
    IF              reduce using rule 4 (statement -> if_stmt .)
    WHILE           reduce using rule 4 (statement -> if_stmt .)
    FOR             reduce using rule 4 (statement -> if_stmt .)
    PROCEDURE       reduce using rule 4 (statement -> if_stmt .)
    BREAK           reduce using rule 4 (statement -> if_stmt .)
    CONTINUE        reduce using rule 4 (statement -> if_stmt .)
    RETURN          reduce using rule 4 (statement -> if_stmt .)
    SCAN            reduce using rule 4 (statement -> if_stmt .)
    ONSCREEN        reduce using rule 4 (statement -> if_stmt .)
    PASS            reduce using rule 4 (statement -> if_stmt .)
    STR             reduce using rule 4 (statement -> if_stmt .)
    INT             reduce using rule 4 (statement -> if_stmt .)
    FLOAT           reduce using rule 4 (statement -> if_stmt .)
    TRUE            reduce using rule 4 (statement -> if_stmt .)
    FALSE           reduce using rule 4 (statement -> if_stmt .)
    CHAR            reduce using rule 4 (statement -> if_stmt .)
    I8              reduce using rule 4 (statement -> if_stmt .)
    I16             reduce using rule 4 (statement -> if_stmt .)
    I32             reduce using rule 4 (statement -> if_stmt .)
    I64             reduce using rule 4 (statement -> if_stmt .)
    U8              reduce using rule 4 (statement -> if_stmt .)
    U16             reduce using rule 4 (statement -> if_stmt .)
    U32             reduce using rule 4 (statement -> if_stmt .)
    U64             reduce using rule 4 (statement -> if_stmt .)
    F32             reduce using rule 4 (statement -> if_stmt .)
    F64             reduce using rule 4 (statement -> if_stmt .)
    USIZE           reduce using rule 4 (statement -> if_stmt .)
    ISIZE           reduce using rule 4 (statement -> if_stmt .)
    STR_TYPE        reduce using rule 4 (statement -> if_stmt .)
    BOOL_TYPE       reduce using rule 4 (statement -> if_stmt .)
    INT_TYPE        reduce using rule 4 (statement -> if_stmt .)
    CHAR_TYPE       reduce using rule 4 (statement -> if_stmt .)
    VOID            reduce using rule 4 (statement -> if_stmt .)
    $end            reduce using rule 4 (statement -> if_stmt .)
    RBRACE          reduce using rule 4 (statement -> if_stmt .)


state 7

    (5) statement -> while_stmt .

    IDENT           reduce using rule 5 (statement -> while_stmt .)
    LPAREN          reduce using rule 5 (statement -> while_stmt .)
    LBRACE          reduce using rule 5 (statement -> while_stmt .)
    NOT             reduce using rule 5 (statement -> while_stmt .)
    SUB             reduce using rule 5 (statement -> while_stmt .)
    LBRACKET        reduce using rule 5 (statement -> while_stmt .)
    SET             reduce using rule 5 (statement -> while_stmt .)
    VAR             reduce using rule 5 (statement -> while_stmt .)
    IF              reduce using rule 5 (statement -> while_stmt .)
    WHILE           reduce using rule 5 (statement -> while_stmt .)
    FOR             reduce using rule 5 (statement -> while_stmt .)
    PROCEDURE       reduce using rule 5 (statement -> while_stmt .)
    BREAK           reduce using rule 5 (statement -> while_stmt .)
    CONTINUE        reduce using rule 5 (statement -> while_stmt .)
    RETURN          reduce using rule 5 (statement -> while_stmt .)
    SCAN            reduce using rule 5 (statement -> while_stmt .)
    ONSCREEN        reduce using rule 5 (statement -> while_stmt .)
    PASS            reduce using rule 5 (statement -> while_stmt .)
    STR             reduce using rule 5 (statement -> while_stmt .)
    INT             reduce using rule 5 (statement -> while_stmt .)
    FLOAT           reduce using rule 5 (statement -> while_stmt .)
    TRUE            reduce using rule 5 (statement -> while_stmt .)
    FALSE           reduce using rule 5 (statement -> while_stmt .)
    CHAR            reduce using rule 5 (statement -> while_stmt .)
    I8              reduce using rule 5 (statement -> while_stmt .)
    I16             reduce using rule 5 (statement -> while_stmt .)
    I32             reduce using rule 5 (statement -> while_stmt .)
    I64             reduce using rule 5 (statement -> while_stmt .)
    U8              reduce using rule 5 (statement -> while_stmt .)
    U16             reduce using rule 5 (statement -> while_stmt .)
    U32             reduce using rule 5 (statement -> while_stmt .)
    U64             reduce using rule 5 (statement -> while_stmt .)
    F32             reduce using rule 5 (statement -> while_stmt .)
    F64             reduce using rule 5 (statement -> while_stmt .)
    USIZE           reduce using rule 5 (statement -> while_stmt .)
    ISIZE           reduce using rule 5 (statement -> while_stmt .)
    STR_TYPE        reduce using rule 5 (statement -> while_stmt .)
    BOOL_TYPE       reduce using rule 5 (statement -> while_stmt .)
    INT_TYPE        reduce using rule 5 (statement -> while_stmt .)
    CHAR_TYPE       reduce using rule 5 (statement -> while_stmt .)
    VOID            reduce using rule 5 (statement -> while_stmt .)
    $end            reduce using rule 5 (statement -> while_stmt .)
    RBRACE          reduce using rule 5 (statement -> while_stmt .)


state 8

    (6) statement -> for_stmt .

    IDENT           reduce using rule 6 (statement -> for_stmt .)
    LPAREN          reduce using rule 6 (statement -> for_stmt .)
    LBRACE          reduce using rule 6 (statement -> for_stmt .)
    NOT             reduce using rule 6 (statement -> for_stmt .)
    SUB             reduce using rule 6 (statement -> for_stmt .)
    LBRACKET        reduce using rule 6 (statement -> for_stmt .)
    SET             reduce using rule 6 (statement -> for_stmt .)
    VAR             reduce using rule 6 (statement -> for_stmt .)
    IF              reduce using rule 6 (statement -> for_stmt .)
    WHILE           reduce using rule 6 (statement -> for_stmt .)
    FOR             reduce using rule 6 (statement -> for_stmt .)
    PROCEDURE       reduce using rule 6 (statement -> for_stmt .)
    BREAK           reduce using rule 6 (statement -> for_stmt .)
    CONTINUE        reduce using rule 6 (statement -> for_stmt .)
    RETURN          reduce using rule 6 (statement -> for_stmt .)
    SCAN            reduce using rule 6 (statement -> for_stmt .)
    ONSCREEN        reduce using rule 6 (statement -> for_stmt .)
    PASS            reduce using rule 6 (statement -> for_stmt .)
    STR             reduce using rule 6 (statement -> for_stmt .)
    INT             reduce using rule 6 (statement -> for_stmt .)
    FLOAT           reduce using rule 6 (statement -> for_stmt .)
    TRUE            reduce using rule 6 (statement -> for_stmt .)
    FALSE           reduce using rule 6 (statement -> for_stmt .)
    CHAR            reduce using rule 6 (statement -> for_stmt .)
    I8              reduce using rule 6 (statement -> for_stmt .)
    I16             reduce using rule 6 (statement -> for_stmt .)
    I32             reduce using rule 6 (statement -> for_stmt .)
    I64             reduce using rule 6 (statement -> for_stmt .)
    U8              reduce using rule 6 (statement -> for_stmt .)
    U16             reduce using rule 6 (statement -> for_stmt .)
    U32             reduce using rule 6 (statement -> for_stmt .)
    U64             reduce using rule 6 (statement -> for_stmt .)
    F32             reduce using rule 6 (statement -> for_stmt .)
    F64             reduce using rule 6 (statement -> for_stmt .)
    USIZE           reduce using rule 6 (statement -> for_stmt .)
    ISIZE           reduce using rule 6 (statement -> for_stmt .)
    STR_TYPE        reduce using rule 6 (statement -> for_stmt .)
    BOOL_TYPE       reduce using rule 6 (statement -> for_stmt .)
    INT_TYPE        reduce using rule 6 (statement -> for_stmt .)
    CHAR_TYPE       reduce using rule 6 (statement -> for_stmt .)
    VOID            reduce using rule 6 (statement -> for_stmt .)
    $end            reduce using rule 6 (statement -> for_stmt .)
    RBRACE          reduce using rule 6 (statement -> for_stmt .)


state 9

    (7) statement -> procedure_stmt .

    IDENT           reduce using rule 7 (statement -> procedure_stmt .)
    LPAREN          reduce using rule 7 (statement -> procedure_stmt .)
    LBRACE          reduce using rule 7 (statement -> procedure_stmt .)
    NOT             reduce using rule 7 (statement -> procedure_stmt .)
    SUB             reduce using rule 7 (statement -> procedure_stmt .)
    LBRACKET        reduce using rule 7 (statement -> procedure_stmt .)
    SET             reduce using rule 7 (statement -> procedure_stmt .)
    VAR             reduce using rule 7 (statement -> procedure_stmt .)
    IF              reduce using rule 7 (statement -> procedure_stmt .)
    WHILE           reduce using rule 7 (statement -> procedure_stmt .)
    FOR             reduce using rule 7 (statement -> procedure_stmt .)
    PROCEDURE       reduce using rule 7 (statement -> procedure_stmt .)
    BREAK           reduce using rule 7 (statement -> procedure_stmt .)
    CONTINUE        reduce using rule 7 (statement -> procedure_stmt .)
    RETURN          reduce using rule 7 (statement -> procedure_stmt .)
    SCAN            reduce using rule 7 (statement -> procedure_stmt .)
    ONSCREEN        reduce using rule 7 (statement -> procedure_stmt .)
    PASS            reduce using rule 7 (statement -> procedure_stmt .)
    STR             reduce using rule 7 (statement -> procedure_stmt .)
    INT             reduce using rule 7 (statement -> procedure_stmt .)
    FLOAT           reduce using rule 7 (statement -> procedure_stmt .)
    TRUE            reduce using rule 7 (statement -> procedure_stmt .)
    FALSE           reduce using rule 7 (statement -> procedure_stmt .)
    CHAR            reduce using rule 7 (statement -> procedure_stmt .)
    I8              reduce using rule 7 (statement -> procedure_stmt .)
    I16             reduce using rule 7 (statement -> procedure_stmt .)
    I32             reduce using rule 7 (statement -> procedure_stmt .)
    I64             reduce using rule 7 (statement -> procedure_stmt .)
    U8              reduce using rule 7 (statement -> procedure_stmt .)
    U16             reduce using rule 7 (statement -> procedure_stmt .)
    U32             reduce using rule 7 (statement -> procedure_stmt .)
    U64             reduce using rule 7 (statement -> procedure_stmt .)
    F32             reduce using rule 7 (statement -> procedure_stmt .)
    F64             reduce using rule 7 (statement -> procedure_stmt .)
    USIZE           reduce using rule 7 (statement -> procedure_stmt .)
    ISIZE           reduce using rule 7 (statement -> procedure_stmt .)
    STR_TYPE        reduce using rule 7 (statement -> procedure_stmt .)
    BOOL_TYPE       reduce using rule 7 (statement -> procedure_stmt .)
    INT_TYPE        reduce using rule 7 (statement -> procedure_stmt .)
    CHAR_TYPE       reduce using rule 7 (statement -> procedure_stmt .)
    VOID            reduce using rule 7 (statement -> procedure_stmt .)
    $end            reduce using rule 7 (statement -> procedure_stmt .)
    RBRACE          reduce using rule 7 (statement -> procedure_stmt .)


state 10

    (8) statement -> break_stmt .

    IDENT           reduce using rule 8 (statement -> break_stmt .)
    LPAREN          reduce using rule 8 (statement -> break_stmt .)
    LBRACE          reduce using rule 8 (statement -> break_stmt .)
    NOT             reduce using rule 8 (statement -> break_stmt .)
    SUB             reduce using rule 8 (statement -> break_stmt .)
    LBRACKET        reduce using rule 8 (statement -> break_stmt .)
    SET             reduce using rule 8 (statement -> break_stmt .)
    VAR             reduce using rule 8 (statement -> break_stmt .)
    IF              reduce using rule 8 (statement -> break_stmt .)
    WHILE           reduce using rule 8 (statement -> break_stmt .)
    FOR             reduce using rule 8 (statement -> break_stmt .)
    PROCEDURE       reduce using rule 8 (statement -> break_stmt .)
    BREAK           reduce using rule 8 (statement -> break_stmt .)
    CONTINUE        reduce using rule 8 (statement -> break_stmt .)
    RETURN          reduce using rule 8 (statement -> break_stmt .)
    SCAN            reduce using rule 8 (statement -> break_stmt .)
    ONSCREEN        reduce using rule 8 (statement -> break_stmt .)
    PASS            reduce using rule 8 (statement -> break_stmt .)
    STR             reduce using rule 8 (statement -> break_stmt .)
    INT             reduce using rule 8 (statement -> break_stmt .)
    FLOAT           reduce using rule 8 (statement -> break_stmt .)
    TRUE            reduce using rule 8 (statement -> break_stmt .)
    FALSE           reduce using rule 8 (statement -> break_stmt .)
    CHAR            reduce using rule 8 (statement -> break_stmt .)
    I8              reduce using rule 8 (statement -> break_stmt .)
    I16             reduce using rule 8 (statement -> break_stmt .)
    I32             reduce using rule 8 (statement -> break_stmt .)
    I64             reduce using rule 8 (statement -> break_stmt .)
    U8              reduce using rule 8 (statement -> break_stmt .)
    U16             reduce using rule 8 (statement -> break_stmt .)
    U32             reduce using rule 8 (statement -> break_stmt .)
    U64             reduce using rule 8 (statement -> break_stmt .)
    F32             reduce using rule 8 (statement -> break_stmt .)
    F64             reduce using rule 8 (statement -> break_stmt .)
    USIZE           reduce using rule 8 (statement -> break_stmt .)
    ISIZE           reduce using rule 8 (statement -> break_stmt .)
    STR_TYPE        reduce using rule 8 (statement -> break_stmt .)
    BOOL_TYPE       reduce using rule 8 (statement -> break_stmt .)
    INT_TYPE        reduce using rule 8 (statement -> break_stmt .)
    CHAR_TYPE       reduce using rule 8 (statement -> break_stmt .)
    VOID            reduce using rule 8 (statement -> break_stmt .)
    $end            reduce using rule 8 (statement -> break_stmt .)
    RBRACE          reduce using rule 8 (statement -> break_stmt .)


state 11

    (9) statement -> continue_stmt .

    IDENT           reduce using rule 9 (statement -> continue_stmt .)
    LPAREN          reduce using rule 9 (statement -> continue_stmt .)
    LBRACE          reduce using rule 9 (statement -> continue_stmt .)
    NOT             reduce using rule 9 (statement -> continue_stmt .)
    SUB             reduce using rule 9 (statement -> continue_stmt .)
    LBRACKET        reduce using rule 9 (statement -> continue_stmt .)
    SET             reduce using rule 9 (statement -> continue_stmt .)
    VAR             reduce using rule 9 (statement -> continue_stmt .)
    IF              reduce using rule 9 (statement -> continue_stmt .)
    WHILE           reduce using rule 9 (statement -> continue_stmt .)
    FOR             reduce using rule 9 (statement -> continue_stmt .)
    PROCEDURE       reduce using rule 9 (statement -> continue_stmt .)
    BREAK           reduce using rule 9 (statement -> continue_stmt .)
    CONTINUE        reduce using rule 9 (statement -> continue_stmt .)
    RETURN          reduce using rule 9 (statement -> continue_stmt .)
    SCAN            reduce using rule 9 (statement -> continue_stmt .)
    ONSCREEN        reduce using rule 9 (statement -> continue_stmt .)
    PASS            reduce using rule 9 (statement -> continue_stmt .)
    STR             reduce using rule 9 (statement -> continue_stmt .)
    INT             reduce using rule 9 (statement -> continue_stmt .)
    FLOAT           reduce using rule 9 (statement -> continue_stmt .)
    TRUE            reduce using rule 9 (statement -> continue_stmt .)
    FALSE           reduce using rule 9 (statement -> continue_stmt .)
    CHAR            reduce using rule 9 (statement -> continue_stmt .)
    I8              reduce using rule 9 (statement -> continue_stmt .)
    I16             reduce using rule 9 (statement -> continue_stmt .)
    I32             reduce using rule 9 (statement -> continue_stmt .)
    I64             reduce using rule 9 (statement -> continue_stmt .)
    U8              reduce using rule 9 (statement -> continue_stmt .)
    U16             reduce using rule 9 (statement -> continue_stmt .)
    U32             reduce using rule 9 (statement -> continue_stmt .)
    U64             reduce using rule 9 (statement -> continue_stmt .)
    F32             reduce using rule 9 (statement -> continue_stmt .)
    F64             reduce using rule 9 (statement -> continue_stmt .)
    USIZE           reduce using rule 9 (statement -> continue_stmt .)
    ISIZE           reduce using rule 9 (statement -> continue_stmt .)
    STR_TYPE        reduce using rule 9 (statement -> continue_stmt .)
    BOOL_TYPE       reduce using rule 9 (statement -> continue_stmt .)
    INT_TYPE        reduce using rule 9 (statement -> continue_stmt .)
    CHAR_TYPE       reduce using rule 9 (statement -> continue_stmt .)
    VOID            reduce using rule 9 (statement -> continue_stmt .)
    $end            reduce using rule 9 (statement -> continue_stmt .)
    RBRACE          reduce using rule 9 (statement -> continue_stmt .)


state 12

    (10) statement -> return_stmt .

    IDENT           reduce using rule 10 (statement -> return_stmt .)
    LPAREN          reduce using rule 10 (statement -> return_stmt .)
    LBRACE          reduce using rule 10 (statement -> return_stmt .)
    NOT             reduce using rule 10 (statement -> return_stmt .)
    SUB             reduce using rule 10 (statement -> return_stmt .)
    LBRACKET        reduce using rule 10 (statement -> return_stmt .)
    SET             reduce using rule 10 (statement -> return_stmt .)
    VAR             reduce using rule 10 (statement -> return_stmt .)
    IF              reduce using rule 10 (statement -> return_stmt .)
    WHILE           reduce using rule 10 (statement -> return_stmt .)
    FOR             reduce using rule 10 (statement -> return_stmt .)
    PROCEDURE       reduce using rule 10 (statement -> return_stmt .)
    BREAK           reduce using rule 10 (statement -> return_stmt .)
    CONTINUE        reduce using rule 10 (statement -> return_stmt .)
    RETURN          reduce using rule 10 (statement -> return_stmt .)
    SCAN            reduce using rule 10 (statement -> return_stmt .)
    ONSCREEN        reduce using rule 10 (statement -> return_stmt .)
    PASS            reduce using rule 10 (statement -> return_stmt .)
    STR             reduce using rule 10 (statement -> return_stmt .)
    INT             reduce using rule 10 (statement -> return_stmt .)
    FLOAT           reduce using rule 10 (statement -> return_stmt .)
    TRUE            reduce using rule 10 (statement -> return_stmt .)
    FALSE           reduce using rule 10 (statement -> return_stmt .)
    CHAR            reduce using rule 10 (statement -> return_stmt .)
    I8              reduce using rule 10 (statement -> return_stmt .)
    I16             reduce using rule 10 (statement -> return_stmt .)
    I32             reduce using rule 10 (statement -> return_stmt .)
    I64             reduce using rule 10 (statement -> return_stmt .)
    U8              reduce using rule 10 (statement -> return_stmt .)
    U16             reduce using rule 10 (statement -> return_stmt .)
    U32             reduce using rule 10 (statement -> return_stmt .)
    U64             reduce using rule 10 (statement -> return_stmt .)
    F32             reduce using rule 10 (statement -> return_stmt .)
    F64             reduce using rule 10 (statement -> return_stmt .)
    USIZE           reduce using rule 10 (statement -> return_stmt .)
    ISIZE           reduce using rule 10 (statement -> return_stmt .)
    STR_TYPE        reduce using rule 10 (statement -> return_stmt .)
    BOOL_TYPE       reduce using rule 10 (statement -> return_stmt .)
    INT_TYPE        reduce using rule 10 (statement -> return_stmt .)
    CHAR_TYPE       reduce using rule 10 (statement -> return_stmt .)
    VOID            reduce using rule 10 (statement -> return_stmt .)
    $end            reduce using rule 10 (statement -> return_stmt .)
    RBRACE          reduce using rule 10 (statement -> return_stmt .)


state 13

    (11) statement -> scan_stmt .

    IDENT           reduce using rule 11 (statement -> scan_stmt .)
    LPAREN          reduce using rule 11 (statement -> scan_stmt .)
    LBRACE          reduce using rule 11 (statement -> scan_stmt .)
    NOT             reduce using rule 11 (statement -> scan_stmt .)
    SUB             reduce using rule 11 (statement -> scan_stmt .)
    LBRACKET        reduce using rule 11 (statement -> scan_stmt .)
    SET             reduce using rule 11 (statement -> scan_stmt .)
    VAR             reduce using rule 11 (statement -> scan_stmt .)
    IF              reduce using rule 11 (statement -> scan_stmt .)
    WHILE           reduce using rule 11 (statement -> scan_stmt .)
    FOR             reduce using rule 11 (statement -> scan_stmt .)
    PROCEDURE       reduce using rule 11 (statement -> scan_stmt .)
    BREAK           reduce using rule 11 (statement -> scan_stmt .)
    CONTINUE        reduce using rule 11 (statement -> scan_stmt .)
    RETURN          reduce using rule 11 (statement -> scan_stmt .)
    SCAN            reduce using rule 11 (statement -> scan_stmt .)
    ONSCREEN        reduce using rule 11 (statement -> scan_stmt .)
    PASS            reduce using rule 11 (statement -> scan_stmt .)
    STR             reduce using rule 11 (statement -> scan_stmt .)
    INT             reduce using rule 11 (statement -> scan_stmt .)
    FLOAT           reduce using rule 11 (statement -> scan_stmt .)
    TRUE            reduce using rule 11 (statement -> scan_stmt .)
    FALSE           reduce using rule 11 (statement -> scan_stmt .)
    CHAR            reduce using rule 11 (statement -> scan_stmt .)
    I8              reduce using rule 11 (statement -> scan_stmt .)
    I16             reduce using rule 11 (statement -> scan_stmt .)
    I32             reduce using rule 11 (statement -> scan_stmt .)
    I64             reduce using rule 11 (statement -> scan_stmt .)
    U8              reduce using rule 11 (statement -> scan_stmt .)
    U16             reduce using rule 11 (statement -> scan_stmt .)
    U32             reduce using rule 11 (statement -> scan_stmt .)
    U64             reduce using rule 11 (statement -> scan_stmt .)
    F32             reduce using rule 11 (statement -> scan_stmt .)
    F64             reduce using rule 11 (statement -> scan_stmt .)
    USIZE           reduce using rule 11 (statement -> scan_stmt .)
    ISIZE           reduce using rule 11 (statement -> scan_stmt .)
    STR_TYPE        reduce using rule 11 (statement -> scan_stmt .)
    BOOL_TYPE       reduce using rule 11 (statement -> scan_stmt .)
    INT_TYPE        reduce using rule 11 (statement -> scan_stmt .)
    CHAR_TYPE       reduce using rule 11 (statement -> scan_stmt .)
    VOID            reduce using rule 11 (statement -> scan_stmt .)
    $end            reduce using rule 11 (statement -> scan_stmt .)
    RBRACE          reduce using rule 11 (statement -> scan_stmt .)


state 14

    (12) statement -> onscreen_stmt .

    IDENT           reduce using rule 12 (statement -> onscreen_stmt .)
    LPAREN          reduce using rule 12 (statement -> onscreen_stmt .)
    LBRACE          reduce using rule 12 (statement -> onscreen_stmt .)
    NOT             reduce using rule 12 (statement -> onscreen_stmt .)
    SUB             reduce using rule 12 (statement -> onscreen_stmt .)
    LBRACKET        reduce using rule 12 (statement -> onscreen_stmt .)
    SET             reduce using rule 12 (statement -> onscreen_stmt .)
    VAR             reduce using rule 12 (statement -> onscreen_stmt .)
    IF              reduce using rule 12 (statement -> onscreen_stmt .)
    WHILE           reduce using rule 12 (statement -> onscreen_stmt .)
    FOR             reduce using rule 12 (statement -> onscreen_stmt .)
    PROCEDURE       reduce using rule 12 (statement -> onscreen_stmt .)
    BREAK           reduce using rule 12 (statement -> onscreen_stmt .)
    CONTINUE        reduce using rule 12 (statement -> onscreen_stmt .)
    RETURN          reduce using rule 12 (statement -> onscreen_stmt .)
    SCAN            reduce using rule 12 (statement -> onscreen_stmt .)
    ONSCREEN        reduce using rule 12 (statement -> onscreen_stmt .)
    PASS            reduce using rule 12 (statement -> onscreen_stmt .)
    STR             reduce using rule 12 (statement -> onscreen_stmt .)
    INT             reduce using rule 12 (statement -> onscreen_stmt .)
    FLOAT           reduce using rule 12 (statement -> onscreen_stmt .)
    TRUE            reduce using rule 12 (statement -> onscreen_stmt .)
    FALSE           reduce using rule 12 (statement -> onscreen_stmt .)
    CHAR            reduce using rule 12 (statement -> onscreen_stmt .)
    I8              reduce using rule 12 (statement -> onscreen_stmt .)
    I16             reduce using rule 12 (statement -> onscreen_stmt .)
    I32             reduce using rule 12 (statement -> onscreen_stmt .)
    I64             reduce using rule 12 (statement -> onscreen_stmt .)
    U8              reduce using rule 12 (statement -> onscreen_stmt .)
    U16             reduce using rule 12 (statement -> onscreen_stmt .)
    U32             reduce using rule 12 (statement -> onscreen_stmt .)
    U64             reduce using rule 12 (statement -> onscreen_stmt .)
    F32             reduce using rule 12 (statement -> onscreen_stmt .)
    F64             reduce using rule 12 (statement -> onscreen_stmt .)
    USIZE           reduce using rule 12 (statement -> onscreen_stmt .)
    ISIZE           reduce using rule 12 (statement -> onscreen_stmt .)
    STR_TYPE        reduce using rule 12 (statement -> onscreen_stmt .)
    BOOL_TYPE       reduce using rule 12 (statement -> onscreen_stmt .)
    INT_TYPE        reduce using rule 12 (statement -> onscreen_stmt .)
    CHAR_TYPE       reduce using rule 12 (statement -> onscreen_stmt .)
    VOID            reduce using rule 12 (statement -> onscreen_stmt .)
    $end            reduce using rule 12 (statement -> onscreen_stmt .)
    RBRACE          reduce using rule 12 (statement -> onscreen_stmt .)


state 15

    (13) statement -> call_stmt .

    IDENT           reduce using rule 13 (statement -> call_stmt .)
    LPAREN          reduce using rule 13 (statement -> call_stmt .)
    LBRACE          reduce using rule 13 (statement -> call_stmt .)
    NOT             reduce using rule 13 (statement -> call_stmt .)
    SUB             reduce using rule 13 (statement -> call_stmt .)
    LBRACKET        reduce using rule 13 (statement -> call_stmt .)
    SET             reduce using rule 13 (statement -> call_stmt .)
    VAR             reduce using rule 13 (statement -> call_stmt .)
    IF              reduce using rule 13 (statement -> call_stmt .)
    WHILE           reduce using rule 13 (statement -> call_stmt .)
    FOR             reduce using rule 13 (statement -> call_stmt .)
    PROCEDURE       reduce using rule 13 (statement -> call_stmt .)
    BREAK           reduce using rule 13 (statement -> call_stmt .)
    CONTINUE        reduce using rule 13 (statement -> call_stmt .)
    RETURN          reduce using rule 13 (statement -> call_stmt .)
    SCAN            reduce using rule 13 (statement -> call_stmt .)
    ONSCREEN        reduce using rule 13 (statement -> call_stmt .)
    PASS            reduce using rule 13 (statement -> call_stmt .)
    STR             reduce using rule 13 (statement -> call_stmt .)
    INT             reduce using rule 13 (statement -> call_stmt .)
    FLOAT           reduce using rule 13 (statement -> call_stmt .)
    TRUE            reduce using rule 13 (statement -> call_stmt .)
    FALSE           reduce using rule 13 (statement -> call_stmt .)
    CHAR            reduce using rule 13 (statement -> call_stmt .)
    I8              reduce using rule 13 (statement -> call_stmt .)
    I16             reduce using rule 13 (statement -> call_stmt .)
    I32             reduce using rule 13 (statement -> call_stmt .)
    I64             reduce using rule 13 (statement -> call_stmt .)
    U8              reduce using rule 13 (statement -> call_stmt .)
    U16             reduce using rule 13 (statement -> call_stmt .)
    U32             reduce using rule 13 (statement -> call_stmt .)
    U64             reduce using rule 13 (statement -> call_stmt .)
    F32             reduce using rule 13 (statement -> call_stmt .)
    F64             reduce using rule 13 (statement -> call_stmt .)
    USIZE           reduce using rule 13 (statement -> call_stmt .)
    ISIZE           reduce using rule 13 (statement -> call_stmt .)
    STR_TYPE        reduce using rule 13 (statement -> call_stmt .)
    BOOL_TYPE       reduce using rule 13 (statement -> call_stmt .)
    INT_TYPE        reduce using rule 13 (statement -> call_stmt .)
    CHAR_TYPE       reduce using rule 13 (statement -> call_stmt .)
    VOID            reduce using rule 13 (statement -> call_stmt .)
    $end            reduce using rule 13 (statement -> call_stmt .)
    RBRACE          reduce using rule 13 (statement -> call_stmt .)


state 16

    (14) statement -> pass_stmt .

    IDENT           reduce using rule 14 (statement -> pass_stmt .)
    LPAREN          reduce using rule 14 (statement -> pass_stmt .)
    LBRACE          reduce using rule 14 (statement -> pass_stmt .)
    NOT             reduce using rule 14 (statement -> pass_stmt .)
    SUB             reduce using rule 14 (statement -> pass_stmt .)
    LBRACKET        reduce using rule 14 (statement -> pass_stmt .)
    SET             reduce using rule 14 (statement -> pass_stmt .)
    VAR             reduce using rule 14 (statement -> pass_stmt .)
    IF              reduce using rule 14 (statement -> pass_stmt .)
    WHILE           reduce using rule 14 (statement -> pass_stmt .)
    FOR             reduce using rule 14 (statement -> pass_stmt .)
    PROCEDURE       reduce using rule 14 (statement -> pass_stmt .)
    BREAK           reduce using rule 14 (statement -> pass_stmt .)
    CONTINUE        reduce using rule 14 (statement -> pass_stmt .)
    RETURN          reduce using rule 14 (statement -> pass_stmt .)
    SCAN            reduce using rule 14 (statement -> pass_stmt .)
    ONSCREEN        reduce using rule 14 (statement -> pass_stmt .)
    PASS            reduce using rule 14 (statement -> pass_stmt .)
    STR             reduce using rule 14 (statement -> pass_stmt .)
    INT             reduce using rule 14 (statement -> pass_stmt .)
    FLOAT           reduce using rule 14 (statement -> pass_stmt .)
    TRUE            reduce using rule 14 (statement -> pass_stmt .)
    FALSE           reduce using rule 14 (statement -> pass_stmt .)
    CHAR            reduce using rule 14 (statement -> pass_stmt .)
    I8              reduce using rule 14 (statement -> pass_stmt .)
    I16             reduce using rule 14 (statement -> pass_stmt .)
    I32             reduce using rule 14 (statement -> pass_stmt .)
    I64             reduce using rule 14 (statement -> pass_stmt .)
    U8              reduce using rule 14 (statement -> pass_stmt .)
    U16             reduce using rule 14 (statement -> pass_stmt .)
    U32             reduce using rule 14 (statement -> pass_stmt .)
    U64             reduce using rule 14 (statement -> pass_stmt .)
    F32             reduce using rule 14 (statement -> pass_stmt .)
    F64             reduce using rule 14 (statement -> pass_stmt .)
    USIZE           reduce using rule 14 (statement -> pass_stmt .)
    ISIZE           reduce using rule 14 (statement -> pass_stmt .)
    STR_TYPE        reduce using rule 14 (statement -> pass_stmt .)
    BOOL_TYPE       reduce using rule 14 (statement -> pass_stmt .)
    INT_TYPE        reduce using rule 14 (statement -> pass_stmt .)
    CHAR_TYPE       reduce using rule 14 (statement -> pass_stmt .)
    VOID            reduce using rule 14 (statement -> pass_stmt .)
    $end            reduce using rule 14 (statement -> pass_stmt .)
    RBRACE          reduce using rule 14 (statement -> pass_stmt .)


state 17

    (15) statement -> lambda_stmt .

    IDENT           reduce using rule 15 (statement -> lambda_stmt .)
    LPAREN          reduce using rule 15 (statement -> lambda_stmt .)
    LBRACE          reduce using rule 15 (statement -> lambda_stmt .)
    NOT             reduce using rule 15 (statement -> lambda_stmt .)
    SUB             reduce using rule 15 (statement -> lambda_stmt .)
    LBRACKET        reduce using rule 15 (statement -> lambda_stmt .)
    SET             reduce using rule 15 (statement -> lambda_stmt .)
    VAR             reduce using rule 15 (statement -> lambda_stmt .)
    IF              reduce using rule 15 (statement -> lambda_stmt .)
    WHILE           reduce using rule 15 (statement -> lambda_stmt .)
    FOR             reduce using rule 15 (statement -> lambda_stmt .)
    PROCEDURE       reduce using rule 15 (statement -> lambda_stmt .)
    BREAK           reduce using rule 15 (statement -> lambda_stmt .)
    CONTINUE        reduce using rule 15 (statement -> lambda_stmt .)
    RETURN          reduce using rule 15 (statement -> lambda_stmt .)
    SCAN            reduce using rule 15 (statement -> lambda_stmt .)
    ONSCREEN        reduce using rule 15 (statement -> lambda_stmt .)
    PASS            reduce using rule 15 (statement -> lambda_stmt .)
    STR             reduce using rule 15 (statement -> lambda_stmt .)
    INT             reduce using rule 15 (statement -> lambda_stmt .)
    FLOAT           reduce using rule 15 (statement -> lambda_stmt .)
    TRUE            reduce using rule 15 (statement -> lambda_stmt .)
    FALSE           reduce using rule 15 (statement -> lambda_stmt .)
    CHAR            reduce using rule 15 (statement -> lambda_stmt .)
    I8              reduce using rule 15 (statement -> lambda_stmt .)
    I16             reduce using rule 15 (statement -> lambda_stmt .)
    I32             reduce using rule 15 (statement -> lambda_stmt .)
    I64             reduce using rule 15 (statement -> lambda_stmt .)
    U8              reduce using rule 15 (statement -> lambda_stmt .)
    U16             reduce using rule 15 (statement -> lambda_stmt .)
    U32             reduce using rule 15 (statement -> lambda_stmt .)
    U64             reduce using rule 15 (statement -> lambda_stmt .)
    F32             reduce using rule 15 (statement -> lambda_stmt .)
    F64             reduce using rule 15 (statement -> lambda_stmt .)
    USIZE           reduce using rule 15 (statement -> lambda_stmt .)
    ISIZE           reduce using rule 15 (statement -> lambda_stmt .)
    STR_TYPE        reduce using rule 15 (statement -> lambda_stmt .)
    BOOL_TYPE       reduce using rule 15 (statement -> lambda_stmt .)
    INT_TYPE        reduce using rule 15 (statement -> lambda_stmt .)
    CHAR_TYPE       reduce using rule 15 (statement -> lambda_stmt .)
    VOID            reduce using rule 15 (statement -> lambda_stmt .)
    $end            reduce using rule 15 (statement -> lambda_stmt .)
    RBRACE          reduce using rule 15 (statement -> lambda_stmt .)


state 18

    (18) expression -> literal .

    ADD             reduce using rule 18 (expression -> literal .)
    SUB             reduce using rule 18 (expression -> literal .)
    MUL             reduce using rule 18 (expression -> literal .)
    DIV             reduce using rule 18 (expression -> literal .)
    MOD             reduce using rule 18 (expression -> literal .)
    POW             reduce using rule 18 (expression -> literal .)
    AND             reduce using rule 18 (expression -> literal .)
    OR              reduce using rule 18 (expression -> literal .)
    XOR             reduce using rule 18 (expression -> literal .)
    NE              reduce using rule 18 (expression -> literal .)
    EQ              reduce using rule 18 (expression -> literal .)
    GT              reduce using rule 18 (expression -> literal .)
    LT              reduce using rule 18 (expression -> literal .)
    GE              reduce using rule 18 (expression -> literal .)
    LE              reduce using rule 18 (expression -> literal .)
    DOT             reduce using rule 18 (expression -> literal .)
    SEMICOLON       reduce using rule 18 (expression -> literal .)
    IDENT           reduce using rule 18 (expression -> literal .)
    LPAREN          reduce using rule 18 (expression -> literal .)
    LBRACE          reduce using rule 18 (expression -> literal .)
    NOT             reduce using rule 18 (expression -> literal .)
    LBRACKET        reduce using rule 18 (expression -> literal .)
    SET             reduce using rule 18 (expression -> literal .)
    VAR             reduce using rule 18 (expression -> literal .)
    IF              reduce using rule 18 (expression -> literal .)
    WHILE           reduce using rule 18 (expression -> literal .)
    FOR             reduce using rule 18 (expression -> literal .)
    PROCEDURE       reduce using rule 18 (expression -> literal .)
    BREAK           reduce using rule 18 (expression -> literal .)
    CONTINUE        reduce using rule 18 (expression -> literal .)
    RETURN          reduce using rule 18 (expression -> literal .)
    SCAN            reduce using rule 18 (expression -> literal .)
    ONSCREEN        reduce using rule 18 (expression -> literal .)
    PASS            reduce using rule 18 (expression -> literal .)
    STR             reduce using rule 18 (expression -> literal .)
    INT             reduce using rule 18 (expression -> literal .)
    FLOAT           reduce using rule 18 (expression -> literal .)
    TRUE            reduce using rule 18 (expression -> literal .)
    FALSE           reduce using rule 18 (expression -> literal .)
    CHAR            reduce using rule 18 (expression -> literal .)
    I8              reduce using rule 18 (expression -> literal .)
    I16             reduce using rule 18 (expression -> literal .)
    I32             reduce using rule 18 (expression -> literal .)
    I64             reduce using rule 18 (expression -> literal .)
    U8              reduce using rule 18 (expression -> literal .)
    U16             reduce using rule 18 (expression -> literal .)
    U32             reduce using rule 18 (expression -> literal .)
    U64             reduce using rule 18 (expression -> literal .)
    F32             reduce using rule 18 (expression -> literal .)
    F64             reduce using rule 18 (expression -> literal .)
    USIZE           reduce using rule 18 (expression -> literal .)
    ISIZE           reduce using rule 18 (expression -> literal .)
    STR_TYPE        reduce using rule 18 (expression -> literal .)
    BOOL_TYPE       reduce using rule 18 (expression -> literal .)
    INT_TYPE        reduce using rule 18 (expression -> literal .)
    CHAR_TYPE       reduce using rule 18 (expression -> literal .)
    VOID            reduce using rule 18 (expression -> literal .)
    $end            reduce using rule 18 (expression -> literal .)
    RPAREN          reduce using rule 18 (expression -> literal .)
    RBRACE          reduce using rule 18 (expression -> literal .)
    RBRACKET        reduce using rule 18 (expression -> literal .)
    COMMA           reduce using rule 18 (expression -> literal .)
    ASSIGN          reduce using rule 18 (expression -> literal .)
    IN              reduce using rule 18 (expression -> literal .)


state 19

    (19) expression -> IDENT .
    (93) expression -> IDENT . LBRACKET expression RBRACKET
    (99) call_stmt -> IDENT . LPAREN argument_list RPAREN optional_semicolon
    (50) literal -> IDENT .

  ! shift/reduce conflict for LBRACKET resolved as shift
  ! shift/reduce conflict for LPAREN resolved as shift
  ! reduce/reduce conflict for ADD resolved using rule 19 (expression -> IDENT .)
  ! reduce/reduce conflict for SUB resolved using rule 19 (expression -> IDENT .)
  ! reduce/reduce conflict for MUL resolved using rule 19 (expression -> IDENT .)
  ! reduce/reduce conflict for DIV resolved using rule 19 (expression -> IDENT .)
  ! reduce/reduce conflict for MOD resolved using rule 19 (expression -> IDENT .)
  ! reduce/reduce conflict for POW resolved using rule 19 (expression -> IDENT .)
  ! reduce/reduce conflict for AND resolved using rule 19 (expression -> IDENT .)
  ! reduce/reduce conflict for OR resolved using rule 19 (expression -> IDENT .)
  ! reduce/reduce conflict for XOR resolved using rule 19 (expression -> IDENT .)
  ! reduce/reduce conflict for NE resolved using rule 19 (expression -> IDENT .)
  ! reduce/reduce conflict for EQ resolved using rule 19 (expression -> IDENT .)
  ! reduce/reduce conflict for GT resolved using rule 19 (expression -> IDENT .)
  ! reduce/reduce conflict for LT resolved using rule 19 (expression -> IDENT .)
  ! reduce/reduce conflict for GE resolved using rule 19 (expression -> IDENT .)
  ! reduce/reduce conflict for LE resolved using rule 19 (expression -> IDENT .)
  ! reduce/reduce conflict for DOT resolved using rule 19 (expression -> IDENT .)
  ! reduce/reduce conflict for SEMICOLON resolved using rule 19 (expression -> IDENT .)
  ! reduce/reduce conflict for IDENT resolved using rule 19 (expression -> IDENT .)
  ! shift/reduce conflict for LPAREN resolved as shift
  ! reduce/reduce conflict for LBRACE resolved using rule 19 (expression -> IDENT .)
  ! reduce/reduce conflict for NOT resolved using rule 19 (expression -> IDENT .)
  ! shift/reduce conflict for LBRACKET resolved as shift
  ! reduce/reduce conflict for SET resolved using rule 19 (expression -> IDENT .)
  ! reduce/reduce conflict for VAR resolved using rule 19 (expression -> IDENT .)
  ! reduce/reduce conflict for IF resolved using rule 19 (expression -> IDENT .)
  ! reduce/reduce conflict for WHILE resolved using rule 19 (expression -> IDENT .)
  ! reduce/reduce conflict for FOR resolved using rule 19 (expression -> IDENT .)
  ! reduce/reduce conflict for PROCEDURE resolved using rule 19 (expression -> IDENT .)
  ! reduce/reduce conflict for BREAK resolved using rule 19 (expression -> IDENT .)
  ! reduce/reduce conflict for CONTINUE resolved using rule 19 (expression -> IDENT .)
  ! reduce/reduce conflict for RETURN resolved using rule 19 (expression -> IDENT .)
  ! reduce/reduce conflict for SCAN resolved using rule 19 (expression -> IDENT .)
  ! reduce/reduce conflict for ONSCREEN resolved using rule 19 (expression -> IDENT .)
  ! reduce/reduce conflict for PASS resolved using rule 19 (expression -> IDENT .)
  ! reduce/reduce conflict for STR resolved using rule 19 (expression -> IDENT .)
  ! reduce/reduce conflict for INT resolved using rule 19 (expression -> IDENT .)
  ! reduce/reduce conflict for FLOAT resolved using rule 19 (expression -> IDENT .)
  ! reduce/reduce conflict for TRUE resolved using rule 19 (expression -> IDENT .)
  ! reduce/reduce conflict for FALSE resolved using rule 19 (expression -> IDENT .)
  ! reduce/reduce conflict for CHAR resolved using rule 19 (expression -> IDENT .)
  ! reduce/reduce conflict for I8 resolved using rule 19 (expression -> IDENT .)
  ! reduce/reduce conflict for I16 resolved using rule 19 (expression -> IDENT .)
  ! reduce/reduce conflict for I32 resolved using rule 19 (expression -> IDENT .)
  ! reduce/reduce conflict for I64 resolved using rule 19 (expression -> IDENT .)
  ! reduce/reduce conflict for U8 resolved using rule 19 (expression -> IDENT .)
  ! reduce/reduce conflict for U16 resolved using rule 19 (expression -> IDENT .)
  ! reduce/reduce conflict for U32 resolved using rule 19 (expression -> IDENT .)
  ! reduce/reduce conflict for U64 resolved using rule 19 (expression -> IDENT .)
  ! reduce/reduce conflict for F32 resolved using rule 19 (expression -> IDENT .)
  ! reduce/reduce conflict for F64 resolved using rule 19 (expression -> IDENT .)
  ! reduce/reduce conflict for USIZE resolved using rule 19 (expression -> IDENT .)
  ! reduce/reduce conflict for ISIZE resolved using rule 19 (expression -> IDENT .)
  ! reduce/reduce conflict for STR_TYPE resolved using rule 19 (expression -> IDENT .)
  ! reduce/reduce conflict for BOOL_TYPE resolved using rule 19 (expression -> IDENT .)
  ! reduce/reduce conflict for INT_TYPE resolved using rule 19 (expression -> IDENT .)
  ! reduce/reduce conflict for CHAR_TYPE resolved using rule 19 (expression -> IDENT .)
  ! reduce/reduce conflict for VOID resolved using rule 19 (expression -> IDENT .)
  ! reduce/reduce conflict for $end resolved using rule 19 (expression -> IDENT .)
  ! reduce/reduce conflict for RBRACE resolved using rule 19 (expression -> IDENT .)
    ADD             reduce using rule 19 (expression -> IDENT .)
    SUB             reduce using rule 19 (expression -> IDENT .)
    MUL             reduce using rule 19 (expression -> IDENT .)
    DIV             reduce using rule 19 (expression -> IDENT .)
    MOD             reduce using rule 19 (expression -> IDENT .)
    POW             reduce using rule 19 (expression -> IDENT .)
    AND             reduce using rule 19 (expression -> IDENT .)
    OR              reduce using rule 19 (expression -> IDENT .)
    XOR             reduce using rule 19 (expression -> IDENT .)
    NE              reduce using rule 19 (expression -> IDENT .)
    EQ              reduce using rule 19 (expression -> IDENT .)
    GT              reduce using rule 19 (expression -> IDENT .)
    LT              reduce using rule 19 (expression -> IDENT .)
    GE              reduce using rule 19 (expression -> IDENT .)
    LE              reduce using rule 19 (expression -> IDENT .)
    DOT             reduce using rule 19 (expression -> IDENT .)
    SEMICOLON       reduce using rule 19 (expression -> IDENT .)
    IDENT           reduce using rule 19 (expression -> IDENT .)
    LBRACE          reduce using rule 19 (expression -> IDENT .)
    NOT             reduce using rule 19 (expression -> IDENT .)
    SET             reduce using rule 19 (expression -> IDENT .)
    VAR             reduce using rule 19 (expression -> IDENT .)
    IF              reduce using rule 19 (expression -> IDENT .)
    WHILE           reduce using rule 19 (expression -> IDENT .)
    FOR             reduce using rule 19 (expression -> IDENT .)
    PROCEDURE       reduce using rule 19 (expression -> IDENT .)
    BREAK           reduce using rule 19 (expression -> IDENT .)
    CONTINUE        reduce using rule 19 (expression -> IDENT .)
    RETURN          reduce using rule 19 (expression -> IDENT .)
    SCAN            reduce using rule 19 (expression -> IDENT .)
    ONSCREEN        reduce using rule 19 (expression -> IDENT .)
    PASS            reduce using rule 19 (expression -> IDENT .)
    STR             reduce using rule 19 (expression -> IDENT .)
    INT             reduce using rule 19 (expression -> IDENT .)
    FLOAT           reduce using rule 19 (expression -> IDENT .)
    TRUE            reduce using rule 19 (expression -> IDENT .)
    FALSE           reduce using rule 19 (expression -> IDENT .)
    CHAR            reduce using rule 19 (expression -> IDENT .)
    I8              reduce using rule 19 (expression -> IDENT .)
    I16             reduce using rule 19 (expression -> IDENT .)
    I32             reduce using rule 19 (expression -> IDENT .)
    I64             reduce using rule 19 (expression -> IDENT .)
    U8              reduce using rule 19 (expression -> IDENT .)
    U16             reduce using rule 19 (expression -> IDENT .)
    U32             reduce using rule 19 (expression -> IDENT .)
    U64             reduce using rule 19 (expression -> IDENT .)
    F32             reduce using rule 19 (expression -> IDENT .)
    F64             reduce using rule 19 (expression -> IDENT .)
    USIZE           reduce using rule 19 (expression -> IDENT .)
    ISIZE           reduce using rule 19 (expression -> IDENT .)
    STR_TYPE        reduce using rule 19 (expression -> IDENT .)
    BOOL_TYPE       reduce using rule 19 (expression -> IDENT .)
    INT_TYPE        reduce using rule 19 (expression -> IDENT .)
    CHAR_TYPE       reduce using rule 19 (expression -> IDENT .)
    VOID            reduce using rule 19 (expression -> IDENT .)
    $end            reduce using rule 19 (expression -> IDENT .)
    RBRACE          reduce using rule 19 (expression -> IDENT .)
    LBRACKET        shift and go to state 82
    LPAREN          shift and go to state 83

  ! LPAREN          [ reduce using rule 19 (expression -> IDENT .) ]
  ! LBRACKET        [ reduce using rule 19 (expression -> IDENT .) ]
  ! ADD             [ reduce using rule 50 (literal -> IDENT .) ]
  ! SUB             [ reduce using rule 50 (literal -> IDENT .) ]
  ! MUL             [ reduce using rule 50 (literal -> IDENT .) ]
  ! DIV             [ reduce using rule 50 (literal -> IDENT .) ]
  ! MOD             [ reduce using rule 50 (literal -> IDENT .) ]
  ! POW             [ reduce using rule 50 (literal -> IDENT .) ]
  ! AND             [ reduce using rule 50 (literal -> IDENT .) ]
  ! OR              [ reduce using rule 50 (literal -> IDENT .) ]
  ! XOR             [ reduce using rule 50 (literal -> IDENT .) ]
  ! NE              [ reduce using rule 50 (literal -> IDENT .) ]
  ! EQ              [ reduce using rule 50 (literal -> IDENT .) ]
  ! GT              [ reduce using rule 50 (literal -> IDENT .) ]
  ! LT              [ reduce using rule 50 (literal -> IDENT .) ]
  ! GE              [ reduce using rule 50 (literal -> IDENT .) ]
  ! LE              [ reduce using rule 50 (literal -> IDENT .) ]
  ! DOT             [ reduce using rule 50 (literal -> IDENT .) ]
  ! SEMICOLON       [ reduce using rule 50 (literal -> IDENT .) ]
  ! IDENT           [ reduce using rule 50 (literal -> IDENT .) ]
  ! LPAREN          [ reduce using rule 50 (literal -> IDENT .) ]
  ! LBRACE          [ reduce using rule 50 (literal -> IDENT .) ]
  ! NOT             [ reduce using rule 50 (literal -> IDENT .) ]
  ! LBRACKET        [ reduce using rule 50 (literal -> IDENT .) ]
  ! SET             [ reduce using rule 50 (literal -> IDENT .) ]
  ! VAR             [ reduce using rule 50 (literal -> IDENT .) ]
  ! IF              [ reduce using rule 50 (literal -> IDENT .) ]
  ! WHILE           [ reduce using rule 50 (literal -> IDENT .) ]
  ! FOR             [ reduce using rule 50 (literal -> IDENT .) ]
  ! PROCEDURE       [ reduce using rule 50 (literal -> IDENT .) ]
  ! BREAK           [ reduce using rule 50 (literal -> IDENT .) ]
  ! CONTINUE        [ reduce using rule 50 (literal -> IDENT .) ]
  ! RETURN          [ reduce using rule 50 (literal -> IDENT .) ]
  ! SCAN            [ reduce using rule 50 (literal -> IDENT .) ]
  ! ONSCREEN        [ reduce using rule 50 (literal -> IDENT .) ]
  ! PASS            [ reduce using rule 50 (literal -> IDENT .) ]
  ! STR             [ reduce using rule 50 (literal -> IDENT .) ]
  ! INT             [ reduce using rule 50 (literal -> IDENT .) ]
  ! FLOAT           [ reduce using rule 50 (literal -> IDENT .) ]
  ! TRUE            [ reduce using rule 50 (literal -> IDENT .) ]
  ! FALSE           [ reduce using rule 50 (literal -> IDENT .) ]
  ! CHAR            [ reduce using rule 50 (literal -> IDENT .) ]
  ! I8              [ reduce using rule 50 (literal -> IDENT .) ]
  ! I16             [ reduce using rule 50 (literal -> IDENT .) ]
  ! I32             [ reduce using rule 50 (literal -> IDENT .) ]
  ! I64             [ reduce using rule 50 (literal -> IDENT .) ]
  ! U8              [ reduce using rule 50 (literal -> IDENT .) ]
  ! U16             [ reduce using rule 50 (literal -> IDENT .) ]
  ! U32             [ reduce using rule 50 (literal -> IDENT .) ]
  ! U64             [ reduce using rule 50 (literal -> IDENT .) ]
  ! F32             [ reduce using rule 50 (literal -> IDENT .) ]
  ! F64             [ reduce using rule 50 (literal -> IDENT .) ]
  ! USIZE           [ reduce using rule 50 (literal -> IDENT .) ]
  ! ISIZE           [ reduce using rule 50 (literal -> IDENT .) ]
  ! STR_TYPE        [ reduce using rule 50 (literal -> IDENT .) ]
  ! BOOL_TYPE       [ reduce using rule 50 (literal -> IDENT .) ]
  ! INT_TYPE        [ reduce using rule 50 (literal -> IDENT .) ]
  ! CHAR_TYPE       [ reduce using rule 50 (literal -> IDENT .) ]
  ! VOID            [ reduce using rule 50 (literal -> IDENT .) ]
  ! $end            [ reduce using rule 50 (literal -> IDENT .) ]
  ! RBRACE          [ reduce using rule 50 (literal -> IDENT .) ]


state 20

    (20) expression -> LPAREN . expression RPAREN
    (18) expression -> . literal
    (19) expression -> . IDENT
    (20) expression -> . LPAREN expression RPAREN
    (21) expression -> . LBRACE expression RBRACE
    (51) expression -> . expression ADD expression
    (52) expression -> . expression SUB expression
    (53) expression -> . expression MUL expression
    (54) expression -> . expression DIV expression
    (55) expression -> . expression MOD expression
    (56) expression -> . expression POW expression
    (57) expression -> . expression AND expression
    (58) expression -> . expression OR expression
    (59) expression -> . expression XOR expression
    (60) expression -> . expression NE expression
    (61) expression -> . expression EQ expression
    (62) expression -> . expression GT expression
    (63) expression -> . expression LT expression
    (64) expression -> . expression GE expression
    (65) expression -> . expression LE expression
    (66) expression -> . NOT expression
    (67) expression -> . SUB expression
    (92) expression -> . LBRACKET element_list RBRACKET optional_semicolon
    (93) expression -> . IDENT LBRACKET expression RBRACKET
    (107) expression -> . expression DOT IDENT
    (44) literal -> . STR
    (45) literal -> . INT
    (46) literal -> . FLOAT
    (47) literal -> . TRUE
    (48) literal -> . FALSE
    (49) literal -> . CHAR
    (50) literal -> . IDENT

    IDENT           shift and go to state 85
    LPAREN          shift and go to state 20
    LBRACE          shift and go to state 21
    NOT             shift and go to state 23
    SUB             shift and go to state 22
    LBRACKET        shift and go to state 24
    STR             shift and go to state 39
    INT             shift and go to state 28
    FLOAT           shift and go to state 40
    TRUE            shift and go to state 41
    FALSE           shift and go to state 42
    CHAR            shift and go to state 43

    expression                     shift and go to state 84
    literal                        shift and go to state 18

state 21

    (21) expression -> LBRACE . expression RBRACE
    (18) expression -> . literal
    (19) expression -> . IDENT
    (20) expression -> . LPAREN expression RPAREN
    (21) expression -> . LBRACE expression RBRACE
    (51) expression -> . expression ADD expression
    (52) expression -> . expression SUB expression
    (53) expression -> . expression MUL expression
    (54) expression -> . expression DIV expression
    (55) expression -> . expression MOD expression
    (56) expression -> . expression POW expression
    (57) expression -> . expression AND expression
    (58) expression -> . expression OR expression
    (59) expression -> . expression XOR expression
    (60) expression -> . expression NE expression
    (61) expression -> . expression EQ expression
    (62) expression -> . expression GT expression
    (63) expression -> . expression LT expression
    (64) expression -> . expression GE expression
    (65) expression -> . expression LE expression
    (66) expression -> . NOT expression
    (67) expression -> . SUB expression
    (92) expression -> . LBRACKET element_list RBRACKET optional_semicolon
    (93) expression -> . IDENT LBRACKET expression RBRACKET
    (107) expression -> . expression DOT IDENT
    (44) literal -> . STR
    (45) literal -> . INT
    (46) literal -> . FLOAT
    (47) literal -> . TRUE
    (48) literal -> . FALSE
    (49) literal -> . CHAR
    (50) literal -> . IDENT

    IDENT           shift and go to state 85
    LPAREN          shift and go to state 20
    LBRACE          shift and go to state 21
    NOT             shift and go to state 23
    SUB             shift and go to state 22
    LBRACKET        shift and go to state 24
    STR             shift and go to state 39
    INT             shift and go to state 28
    FLOAT           shift and go to state 40
    TRUE            shift and go to state 41
    FALSE           shift and go to state 42
    CHAR            shift and go to state 43

    expression                     shift and go to state 86
    literal                        shift and go to state 18

state 22

    (67) expression -> SUB . expression
    (18) expression -> . literal
    (19) expression -> . IDENT
    (20) expression -> . LPAREN expression RPAREN
    (21) expression -> . LBRACE expression RBRACE
    (51) expression -> . expression ADD expression
    (52) expression -> . expression SUB expression
    (53) expression -> . expression MUL expression
    (54) expression -> . expression DIV expression
    (55) expression -> . expression MOD expression
    (56) expression -> . expression POW expression
    (57) expression -> . expression AND expression
    (58) expression -> . expression OR expression
    (59) expression -> . expression XOR expression
    (60) expression -> . expression NE expression
    (61) expression -> . expression EQ expression
    (62) expression -> . expression GT expression
    (63) expression -> . expression LT expression
    (64) expression -> . expression GE expression
    (65) expression -> . expression LE expression
    (66) expression -> . NOT expression
    (67) expression -> . SUB expression
    (92) expression -> . LBRACKET element_list RBRACKET optional_semicolon
    (93) expression -> . IDENT LBRACKET expression RBRACKET
    (107) expression -> . expression DOT IDENT
    (44) literal -> . STR
    (45) literal -> . INT
    (46) literal -> . FLOAT
    (47) literal -> . TRUE
    (48) literal -> . FALSE
    (49) literal -> . CHAR
    (50) literal -> . IDENT

    IDENT           shift and go to state 85
    LPAREN          shift and go to state 20
    LBRACE          shift and go to state 21
    NOT             shift and go to state 23
    SUB             shift and go to state 22
    LBRACKET        shift and go to state 24
    STR             shift and go to state 39
    INT             shift and go to state 28
    FLOAT           shift and go to state 40
    TRUE            shift and go to state 41
    FALSE           shift and go to state 42
    CHAR            shift and go to state 43

    expression                     shift and go to state 87
    literal                        shift and go to state 18

state 23

    (66) expression -> NOT . expression
    (18) expression -> . literal
    (19) expression -> . IDENT
    (20) expression -> . LPAREN expression RPAREN
    (21) expression -> . LBRACE expression RBRACE
    (51) expression -> . expression ADD expression
    (52) expression -> . expression SUB expression
    (53) expression -> . expression MUL expression
    (54) expression -> . expression DIV expression
    (55) expression -> . expression MOD expression
    (56) expression -> . expression POW expression
    (57) expression -> . expression AND expression
    (58) expression -> . expression OR expression
    (59) expression -> . expression XOR expression
    (60) expression -> . expression NE expression
    (61) expression -> . expression EQ expression
    (62) expression -> . expression GT expression
    (63) expression -> . expression LT expression
    (64) expression -> . expression GE expression
    (65) expression -> . expression LE expression
    (66) expression -> . NOT expression
    (67) expression -> . SUB expression
    (92) expression -> . LBRACKET element_list RBRACKET optional_semicolon
    (93) expression -> . IDENT LBRACKET expression RBRACKET
    (107) expression -> . expression DOT IDENT
    (44) literal -> . STR
    (45) literal -> . INT
    (46) literal -> . FLOAT
    (47) literal -> . TRUE
    (48) literal -> . FALSE
    (49) literal -> . CHAR
    (50) literal -> . IDENT

    IDENT           shift and go to state 85
    LPAREN          shift and go to state 20
    LBRACE          shift and go to state 21
    NOT             shift and go to state 23
    SUB             shift and go to state 22
    LBRACKET        shift and go to state 24
    STR             shift and go to state 39
    INT             shift and go to state 28
    FLOAT           shift and go to state 40
    TRUE            shift and go to state 41
    FALSE           shift and go to state 42
    CHAR            shift and go to state 43

    expression                     shift and go to state 88
    literal                        shift and go to state 18

state 24

    (92) expression -> LBRACKET . element_list RBRACKET optional_semicolon
    (89) element_list -> . element
    (90) element_list -> . element_list COMMA element
    (91) element_list -> . empty
    (88) element -> . expression
    (110) empty -> .
    (18) expression -> . literal
    (19) expression -> . IDENT
    (20) expression -> . LPAREN expression RPAREN
    (21) expression -> . LBRACE expression RBRACE
    (51) expression -> . expression ADD expression
    (52) expression -> . expression SUB expression
    (53) expression -> . expression MUL expression
    (54) expression -> . expression DIV expression
    (55) expression -> . expression MOD expression
    (56) expression -> . expression POW expression
    (57) expression -> . expression AND expression
    (58) expression -> . expression OR expression
    (59) expression -> . expression XOR expression
    (60) expression -> . expression NE expression
    (61) expression -> . expression EQ expression
    (62) expression -> . expression GT expression
    (63) expression -> . expression LT expression
    (64) expression -> . expression GE expression
    (65) expression -> . expression LE expression
    (66) expression -> . NOT expression
    (67) expression -> . SUB expression
    (92) expression -> . LBRACKET element_list RBRACKET optional_semicolon
    (93) expression -> . IDENT LBRACKET expression RBRACKET
    (107) expression -> . expression DOT IDENT
    (44) literal -> . STR
    (45) literal -> . INT
    (46) literal -> . FLOAT
    (47) literal -> . TRUE
    (48) literal -> . FALSE
    (49) literal -> . CHAR
    (50) literal -> . IDENT

    RBRACKET        reduce using rule 110 (empty -> .)
    COMMA           reduce using rule 110 (empty -> .)
    IDENT           shift and go to state 85
    LPAREN          shift and go to state 20
    LBRACE          shift and go to state 21
    NOT             shift and go to state 23
    SUB             shift and go to state 22
    LBRACKET        shift and go to state 24
    STR             shift and go to state 39
    INT             shift and go to state 28
    FLOAT           shift and go to state 40
    TRUE            shift and go to state 41
    FALSE           shift and go to state 42
    CHAR            shift and go to state 43

    element_list                   shift and go to state 89
    element                        shift and go to state 90
    empty                          shift and go to state 91
    expression                     shift and go to state 92
    literal                        shift and go to state 18

state 25

    (39) assign_stmt -> SET . IDENT ASSIGN expression
    (40) assign_stmt -> SET . expression ASSIGN expression
    (18) expression -> . literal
    (19) expression -> . IDENT
    (20) expression -> . LPAREN expression RPAREN
    (21) expression -> . LBRACE expression RBRACE
    (51) expression -> . expression ADD expression
    (52) expression -> . expression SUB expression
    (53) expression -> . expression MUL expression
    (54) expression -> . expression DIV expression
    (55) expression -> . expression MOD expression
    (56) expression -> . expression POW expression
    (57) expression -> . expression AND expression
    (58) expression -> . expression OR expression
    (59) expression -> . expression XOR expression
    (60) expression -> . expression NE expression
    (61) expression -> . expression EQ expression
    (62) expression -> . expression GT expression
    (63) expression -> . expression LT expression
    (64) expression -> . expression GE expression
    (65) expression -> . expression LE expression
    (66) expression -> . NOT expression
    (67) expression -> . SUB expression
    (92) expression -> . LBRACKET element_list RBRACKET optional_semicolon
    (93) expression -> . IDENT LBRACKET expression RBRACKET
    (107) expression -> . expression DOT IDENT
    (44) literal -> . STR
    (45) literal -> . INT
    (46) literal -> . FLOAT
    (47) literal -> . TRUE
    (48) literal -> . FALSE
    (49) literal -> . CHAR
    (50) literal -> . IDENT

    IDENT           shift and go to state 93
    LPAREN          shift and go to state 20
    LBRACE          shift and go to state 21
    NOT             shift and go to state 23
    SUB             shift and go to state 22
    LBRACKET        shift and go to state 24
    STR             shift and go to state 39
    INT             shift and go to state 28
    FLOAT           shift and go to state 40
    TRUE            shift and go to state 41
    FALSE           shift and go to state 42
    CHAR            shift and go to state 43

    expression                     shift and go to state 94
    literal                        shift and go to state 18

state 26

    (41) assign_stmt -> VAR . type IDENT ASSIGN expression
    (42) assign_stmt -> VAR . type IDENT
    (43) assign_stmt -> VAR . LBRACKET type COMMA INT RBRACKET IDENT ASSIGN expression
    (22) type -> . I8
    (23) type -> . I16
    (24) type -> . I32
    (25) type -> . I64
    (26) type -> . U8
    (27) type -> . U16
    (28) type -> . U32
    (29) type -> . U64
    (30) type -> . F32
    (31) type -> . F64
    (32) type -> . USIZE
    (33) type -> . ISIZE
    (34) type -> . STR_TYPE
    (35) type -> . BOOL_TYPE
    (36) type -> . INT_TYPE
    (37) type -> . CHAR_TYPE
    (38) type -> . VOID

    LBRACKET        shift and go to state 96
    I8              shift and go to state 44
    I16             shift and go to state 45
    I32             shift and go to state 46
    I64             shift and go to state 47
    U8              shift and go to state 48
    U16             shift and go to state 49
    U32             shift and go to state 50
    U64             shift and go to state 51
    F32             shift and go to state 52
    F64             shift and go to state 53
    USIZE           shift and go to state 54
    ISIZE           shift and go to state 55
    STR_TYPE        shift and go to state 56
    BOOL_TYPE       shift and go to state 57
    INT_TYPE        shift and go to state 58
    CHAR_TYPE       shift and go to state 59
    VOID            shift and go to state 60

    type                           shift and go to state 95

state 27

    (101) lambda_stmt -> type . LPAREN argument_list RPAREN ARROW statement

    LPAREN          shift and go to state 97


state 28

    (45) literal -> INT .

    ADD             reduce using rule 45 (literal -> INT .)
    SUB             reduce using rule 45 (literal -> INT .)
    MUL             reduce using rule 45 (literal -> INT .)
    DIV             reduce using rule 45 (literal -> INT .)
    MOD             reduce using rule 45 (literal -> INT .)
    POW             reduce using rule 45 (literal -> INT .)
    AND             reduce using rule 45 (literal -> INT .)
    OR              reduce using rule 45 (literal -> INT .)
    XOR             reduce using rule 45 (literal -> INT .)
    NE              reduce using rule 45 (literal -> INT .)
    EQ              reduce using rule 45 (literal -> INT .)
    GT              reduce using rule 45 (literal -> INT .)
    LT              reduce using rule 45 (literal -> INT .)
    GE              reduce using rule 45 (literal -> INT .)
    LE              reduce using rule 45 (literal -> INT .)
    DOT             reduce using rule 45 (literal -> INT .)
    SEMICOLON       reduce using rule 45 (literal -> INT .)
    IDENT           reduce using rule 45 (literal -> INT .)
    LPAREN          reduce using rule 45 (literal -> INT .)
    LBRACE          reduce using rule 45 (literal -> INT .)
    NOT             reduce using rule 45 (literal -> INT .)
    LBRACKET        reduce using rule 45 (literal -> INT .)
    SET             reduce using rule 45 (literal -> INT .)
    VAR             reduce using rule 45 (literal -> INT .)
    IF              reduce using rule 45 (literal -> INT .)
    WHILE           reduce using rule 45 (literal -> INT .)
    FOR             reduce using rule 45 (literal -> INT .)
    PROCEDURE       reduce using rule 45 (literal -> INT .)
    BREAK           reduce using rule 45 (literal -> INT .)
    CONTINUE        reduce using rule 45 (literal -> INT .)
    RETURN          reduce using rule 45 (literal -> INT .)
    SCAN            reduce using rule 45 (literal -> INT .)
    ONSCREEN        reduce using rule 45 (literal -> INT .)
    PASS            reduce using rule 45 (literal -> INT .)
    STR             reduce using rule 45 (literal -> INT .)
    INT             reduce using rule 45 (literal -> INT .)
    FLOAT           reduce using rule 45 (literal -> INT .)
    TRUE            reduce using rule 45 (literal -> INT .)
    FALSE           reduce using rule 45 (literal -> INT .)
    CHAR            reduce using rule 45 (literal -> INT .)
    I8              reduce using rule 45 (literal -> INT .)
    I16             reduce using rule 45 (literal -> INT .)
    I32             reduce using rule 45 (literal -> INT .)
    I64             reduce using rule 45 (literal -> INT .)
    U8              reduce using rule 45 (literal -> INT .)
    U16             reduce using rule 45 (literal -> INT .)
    U32             reduce using rule 45 (literal -> INT .)
    U64             reduce using rule 45 (literal -> INT .)
    F32             reduce using rule 45 (literal -> INT .)
    F64             reduce using rule 45 (literal -> INT .)
    USIZE           reduce using rule 45 (literal -> INT .)
    ISIZE           reduce using rule 45 (literal -> INT .)
    STR_TYPE        reduce using rule 45 (literal -> INT .)
    BOOL_TYPE       reduce using rule 45 (literal -> INT .)
    INT_TYPE        reduce using rule 45 (literal -> INT .)
    CHAR_TYPE       reduce using rule 45 (literal -> INT .)
    VOID            reduce using rule 45 (literal -> INT .)
    $end            reduce using rule 45 (literal -> INT .)
    RPAREN          reduce using rule 45 (literal -> INT .)
    RBRACE          reduce using rule 45 (literal -> INT .)
    RBRACKET        reduce using rule 45 (literal -> INT .)
    COMMA           reduce using rule 45 (literal -> INT .)
    ASSIGN          reduce using rule 45 (literal -> INT .)
    IN              reduce using rule 45 (literal -> INT .)


state 29

    (68) if_stmt -> IF . expression LBRACE statements RBRACE
    (69) if_stmt -> IF . expression LBRACE statements RBRACE ELSE LBRACE statements RBRACE
    (18) expression -> . literal
    (19) expression -> . IDENT
    (20) expression -> . LPAREN expression RPAREN
    (21) expression -> . LBRACE expression RBRACE
    (51) expression -> . expression ADD expression
    (52) expression -> . expression SUB expression
    (53) expression -> . expression MUL expression
    (54) expression -> . expression DIV expression
    (55) expression -> . expression MOD expression
    (56) expression -> . expression POW expression
    (57) expression -> . expression AND expression
    (58) expression -> . expression OR expression
    (59) expression -> . expression XOR expression
    (60) expression -> . expression NE expression
    (61) expression -> . expression EQ expression
    (62) expression -> . expression GT expression
    (63) expression -> . expression LT expression
    (64) expression -> . expression GE expression
    (65) expression -> . expression LE expression
    (66) expression -> . NOT expression
    (67) expression -> . SUB expression
    (92) expression -> . LBRACKET element_list RBRACKET optional_semicolon
    (93) expression -> . IDENT LBRACKET expression RBRACKET
    (107) expression -> . expression DOT IDENT
    (44) literal -> . STR
    (45) literal -> . INT
    (46) literal -> . FLOAT
    (47) literal -> . TRUE
    (48) literal -> . FALSE
    (49) literal -> . CHAR
    (50) literal -> . IDENT

    IDENT           shift and go to state 85
    LPAREN          shift and go to state 20
    LBRACE          shift and go to state 21
    NOT             shift and go to state 23
    SUB             shift and go to state 22
    LBRACKET        shift and go to state 24
    STR             shift and go to state 39
    INT             shift and go to state 28
    FLOAT           shift and go to state 40
    TRUE            shift and go to state 41
    FALSE           shift and go to state 42
    CHAR            shift and go to state 43

    expression                     shift and go to state 98
    literal                        shift and go to state 18

state 30

    (70) while_stmt -> WHILE . expression LBRACE statements RBRACE
    (18) expression -> . literal
    (19) expression -> . IDENT
    (20) expression -> . LPAREN expression RPAREN
    (21) expression -> . LBRACE expression RBRACE
    (51) expression -> . expression ADD expression
    (52) expression -> . expression SUB expression
    (53) expression -> . expression MUL expression
    (54) expression -> . expression DIV expression
    (55) expression -> . expression MOD expression
    (56) expression -> . expression POW expression
    (57) expression -> . expression AND expression
    (58) expression -> . expression OR expression
    (59) expression -> . expression XOR expression
    (60) expression -> . expression NE expression
    (61) expression -> . expression EQ expression
    (62) expression -> . expression GT expression
    (63) expression -> . expression LT expression
    (64) expression -> . expression GE expression
    (65) expression -> . expression LE expression
    (66) expression -> . NOT expression
    (67) expression -> . SUB expression
    (92) expression -> . LBRACKET element_list RBRACKET optional_semicolon
    (93) expression -> . IDENT LBRACKET expression RBRACKET
    (107) expression -> . expression DOT IDENT
    (44) literal -> . STR
    (45) literal -> . INT
    (46) literal -> . FLOAT
    (47) literal -> . TRUE
    (48) literal -> . FALSE
    (49) literal -> . CHAR
    (50) literal -> . IDENT

    IDENT           shift and go to state 85
    LPAREN          shift and go to state 20
    LBRACE          shift and go to state 21
    NOT             shift and go to state 23
    SUB             shift and go to state 22
    LBRACKET        shift and go to state 24
    STR             shift and go to state 39
    INT             shift and go to state 28
    FLOAT           shift and go to state 40
    TRUE            shift and go to state 41
    FALSE           shift and go to state 42
    CHAR            shift and go to state 43

    expression                     shift and go to state 99
    literal                        shift and go to state 18

state 31

    (71) for_stmt -> FOR . assign_stmt SEMICOLON expression SEMICOLON assign_stmt LBRACE statements RBRACE
    (72) for_stmt -> FOR . assign_stmt IN expression LBRACE statements RBRACE
    (73) for_stmt -> FOR . expression LBRACE statements RBRACE
    (39) assign_stmt -> . SET IDENT ASSIGN expression
    (40) assign_stmt -> . SET expression ASSIGN expression
    (41) assign_stmt -> . VAR type IDENT ASSIGN expression
    (42) assign_stmt -> . VAR type IDENT
    (43) assign_stmt -> . VAR LBRACKET type COMMA INT RBRACKET IDENT ASSIGN expression
    (18) expression -> . literal
    (19) expression -> . IDENT
    (20) expression -> . LPAREN expression RPAREN
    (21) expression -> . LBRACE expression RBRACE
    (51) expression -> . expression ADD expression
    (52) expression -> . expression SUB expression
    (53) expression -> . expression MUL expression
    (54) expression -> . expression DIV expression
    (55) expression -> . expression MOD expression
    (56) expression -> . expression POW expression
    (57) expression -> . expression AND expression
    (58) expression -> . expression OR expression
    (59) expression -> . expression XOR expression
    (60) expression -> . expression NE expression
    (61) expression -> . expression EQ expression
    (62) expression -> . expression GT expression
    (63) expression -> . expression LT expression
    (64) expression -> . expression GE expression
    (65) expression -> . expression LE expression
    (66) expression -> . NOT expression
    (67) expression -> . SUB expression
    (92) expression -> . LBRACKET element_list RBRACKET optional_semicolon
    (93) expression -> . IDENT LBRACKET expression RBRACKET
    (107) expression -> . expression DOT IDENT
    (44) literal -> . STR
    (45) literal -> . INT
    (46) literal -> . FLOAT
    (47) literal -> . TRUE
    (48) literal -> . FALSE
    (49) literal -> . CHAR
    (50) literal -> . IDENT

    SET             shift and go to state 25
    VAR             shift and go to state 26
    IDENT           shift and go to state 85
    LPAREN          shift and go to state 20
    LBRACE          shift and go to state 21
    NOT             shift and go to state 23
    SUB             shift and go to state 22
    LBRACKET        shift and go to state 24
    STR             shift and go to state 39
    INT             shift and go to state 28
    FLOAT           shift and go to state 40
    TRUE            shift and go to state 41
    FALSE           shift and go to state 42
    CHAR            shift and go to state 43

    assign_stmt                    shift and go to state 100
    expression                     shift and go to state 101
    literal                        shift and go to state 18

state 32

    (80) procedure_stmt -> PROCEDURE . IDENT LPAREN params_list RPAREN COLON type block
    (81) procedure_stmt -> PROCEDURE . IDENT LPAREN params_list RPAREN block

    IDENT           shift and go to state 102


state 33

    (82) break_stmt -> BREAK . optional_semicolon
    (108) optional_semicolon -> . SEMICOLON
    (109) optional_semicolon -> . empty
    (110) empty -> .

    SEMICOLON       shift and go to state 79
    IDENT           reduce using rule 110 (empty -> .)
    LPAREN          reduce using rule 110 (empty -> .)
    LBRACE          reduce using rule 110 (empty -> .)
    NOT             reduce using rule 110 (empty -> .)
    SUB             reduce using rule 110 (empty -> .)
    LBRACKET        reduce using rule 110 (empty -> .)
    SET             reduce using rule 110 (empty -> .)
    VAR             reduce using rule 110 (empty -> .)
    IF              reduce using rule 110 (empty -> .)
    WHILE           reduce using rule 110 (empty -> .)
    FOR             reduce using rule 110 (empty -> .)
    PROCEDURE       reduce using rule 110 (empty -> .)
    BREAK           reduce using rule 110 (empty -> .)
    CONTINUE        reduce using rule 110 (empty -> .)
    RETURN          reduce using rule 110 (empty -> .)
    SCAN            reduce using rule 110 (empty -> .)
    ONSCREEN        reduce using rule 110 (empty -> .)
    PASS            reduce using rule 110 (empty -> .)
    STR             reduce using rule 110 (empty -> .)
    INT             reduce using rule 110 (empty -> .)
    FLOAT           reduce using rule 110 (empty -> .)
    TRUE            reduce using rule 110 (empty -> .)
    FALSE           reduce using rule 110 (empty -> .)
    CHAR            reduce using rule 110 (empty -> .)
    I8              reduce using rule 110 (empty -> .)
    I16             reduce using rule 110 (empty -> .)
    I32             reduce using rule 110 (empty -> .)
    I64             reduce using rule 110 (empty -> .)
    U8              reduce using rule 110 (empty -> .)
    U16             reduce using rule 110 (empty -> .)
    U32             reduce using rule 110 (empty -> .)
    U64             reduce using rule 110 (empty -> .)
    F32             reduce using rule 110 (empty -> .)
    F64             reduce using rule 110 (empty -> .)
    USIZE           reduce using rule 110 (empty -> .)
    ISIZE           reduce using rule 110 (empty -> .)
    STR_TYPE        reduce using rule 110 (empty -> .)
    BOOL_TYPE       reduce using rule 110 (empty -> .)
    INT_TYPE        reduce using rule 110 (empty -> .)
    CHAR_TYPE       reduce using rule 110 (empty -> .)
    VOID            reduce using rule 110 (empty -> .)
    $end            reduce using rule 110 (empty -> .)
    RBRACE          reduce using rule 110 (empty -> .)

    optional_semicolon             shift and go to state 103
    empty                          shift and go to state 80

state 34

    (83) continue_stmt -> CONTINUE . optional_semicolon
    (108) optional_semicolon -> . SEMICOLON
    (109) optional_semicolon -> . empty
    (110) empty -> .

    SEMICOLON       shift and go to state 79
    IDENT           reduce using rule 110 (empty -> .)
    LPAREN          reduce using rule 110 (empty -> .)
    LBRACE          reduce using rule 110 (empty -> .)
    NOT             reduce using rule 110 (empty -> .)
    SUB             reduce using rule 110 (empty -> .)
    LBRACKET        reduce using rule 110 (empty -> .)
    SET             reduce using rule 110 (empty -> .)
    VAR             reduce using rule 110 (empty -> .)
    IF              reduce using rule 110 (empty -> .)
    WHILE           reduce using rule 110 (empty -> .)
    FOR             reduce using rule 110 (empty -> .)
    PROCEDURE       reduce using rule 110 (empty -> .)
    BREAK           reduce using rule 110 (empty -> .)
    CONTINUE        reduce using rule 110 (empty -> .)
    RETURN          reduce using rule 110 (empty -> .)
    SCAN            reduce using rule 110 (empty -> .)
    ONSCREEN        reduce using rule 110 (empty -> .)
    PASS            reduce using rule 110 (empty -> .)
    STR             reduce using rule 110 (empty -> .)
    INT             reduce using rule 110 (empty -> .)
    FLOAT           reduce using rule 110 (empty -> .)
    TRUE            reduce using rule 110 (empty -> .)
    FALSE           reduce using rule 110 (empty -> .)
    CHAR            reduce using rule 110 (empty -> .)
    I8              reduce using rule 110 (empty -> .)
    I16             reduce using rule 110 (empty -> .)
    I32             reduce using rule 110 (empty -> .)
    I64             reduce using rule 110 (empty -> .)
    U8              reduce using rule 110 (empty -> .)
    U16             reduce using rule 110 (empty -> .)
    U32             reduce using rule 110 (empty -> .)
    U64             reduce using rule 110 (empty -> .)
    F32             reduce using rule 110 (empty -> .)
    F64             reduce using rule 110 (empty -> .)
    USIZE           reduce using rule 110 (empty -> .)
    ISIZE           reduce using rule 110 (empty -> .)
    STR_TYPE        reduce using rule 110 (empty -> .)
    BOOL_TYPE       reduce using rule 110 (empty -> .)
    INT_TYPE        reduce using rule 110 (empty -> .)
    CHAR_TYPE       reduce using rule 110 (empty -> .)
    VOID            reduce using rule 110 (empty -> .)
    $end            reduce using rule 110 (empty -> .)
    RBRACE          reduce using rule 110 (empty -> .)

    optional_semicolon             shift and go to state 104
    empty                          shift and go to state 80

state 35

    (84) return_stmt -> RETURN . expression optional_semicolon
    (85) return_stmt -> RETURN . optional_semicolon
    (18) expression -> . literal
    (19) expression -> . IDENT
    (20) expression -> . LPAREN expression RPAREN
    (21) expression -> . LBRACE expression RBRACE
    (51) expression -> . expression ADD expression
    (52) expression -> . expression SUB expression
    (53) expression -> . expression MUL expression
    (54) expression -> . expression DIV expression
    (55) expression -> . expression MOD expression
    (56) expression -> . expression POW expression
    (57) expression -> . expression AND expression
    (58) expression -> . expression OR expression
    (59) expression -> . expression XOR expression
    (60) expression -> . expression NE expression
    (61) expression -> . expression EQ expression
    (62) expression -> . expression GT expression
    (63) expression -> . expression LT expression
    (64) expression -> . expression GE expression
    (65) expression -> . expression LE expression
    (66) expression -> . NOT expression
    (67) expression -> . SUB expression
    (92) expression -> . LBRACKET element_list RBRACKET optional_semicolon
    (93) expression -> . IDENT LBRACKET expression RBRACKET
    (107) expression -> . expression DOT IDENT
    (108) optional_semicolon -> . SEMICOLON
    (109) optional_semicolon -> . empty
    (44) literal -> . STR
    (45) literal -> . INT
    (46) literal -> . FLOAT
    (47) literal -> . TRUE
    (48) literal -> . FALSE
    (49) literal -> . CHAR
    (50) literal -> . IDENT
    (110) empty -> .

  ! shift/reduce conflict for IDENT resolved as shift
  ! shift/reduce conflict for LPAREN resolved as shift
  ! shift/reduce conflict for LBRACE resolved as shift
  ! shift/reduce conflict for NOT resolved as shift
  ! shift/reduce conflict for SUB resolved as shift
  ! shift/reduce conflict for LBRACKET resolved as shift
  ! shift/reduce conflict for STR resolved as shift
  ! shift/reduce conflict for INT resolved as shift
  ! shift/reduce conflict for FLOAT resolved as shift
  ! shift/reduce conflict for TRUE resolved as shift
  ! shift/reduce conflict for FALSE resolved as shift
  ! shift/reduce conflict for CHAR resolved as shift
    IDENT           shift and go to state 85
    LPAREN          shift and go to state 20
    LBRACE          shift and go to state 21
    NOT             shift and go to state 23
    SUB             shift and go to state 22
    LBRACKET        shift and go to state 24
    SEMICOLON       shift and go to state 79
    STR             shift and go to state 39
    INT             shift and go to state 28
    FLOAT           shift and go to state 40
    TRUE            shift and go to state 41
    FALSE           shift and go to state 42
    CHAR            shift and go to state 43
    SET             reduce using rule 110 (empty -> .)
    VAR             reduce using rule 110 (empty -> .)
    IF              reduce using rule 110 (empty -> .)
    WHILE           reduce using rule 110 (empty -> .)
    FOR             reduce using rule 110 (empty -> .)
    PROCEDURE       reduce using rule 110 (empty -> .)
    BREAK           reduce using rule 110 (empty -> .)
    CONTINUE        reduce using rule 110 (empty -> .)
    RETURN          reduce using rule 110 (empty -> .)
    SCAN            reduce using rule 110 (empty -> .)
    ONSCREEN        reduce using rule 110 (empty -> .)
    PASS            reduce using rule 110 (empty -> .)
    I8              reduce using rule 110 (empty -> .)
    I16             reduce using rule 110 (empty -> .)
    I32             reduce using rule 110 (empty -> .)
    I64             reduce using rule 110 (empty -> .)
    U8              reduce using rule 110 (empty -> .)
    U16             reduce using rule 110 (empty -> .)
    U32             reduce using rule 110 (empty -> .)
    U64             reduce using rule 110 (empty -> .)
    F32             reduce using rule 110 (empty -> .)
    F64             reduce using rule 110 (empty -> .)
    USIZE           reduce using rule 110 (empty -> .)
    ISIZE           reduce using rule 110 (empty -> .)
    STR_TYPE        reduce using rule 110 (empty -> .)
    BOOL_TYPE       reduce using rule 110 (empty -> .)
    INT_TYPE        reduce using rule 110 (empty -> .)
    CHAR_TYPE       reduce using rule 110 (empty -> .)
    VOID            reduce using rule 110 (empty -> .)
    $end            reduce using rule 110 (empty -> .)
    RBRACE          reduce using rule 110 (empty -> .)

  ! IDENT           [ reduce using rule 110 (empty -> .) ]
  ! LPAREN          [ reduce using rule 110 (empty -> .) ]
  ! LBRACE          [ reduce using rule 110 (empty -> .) ]
  ! NOT             [ reduce using rule 110 (empty -> .) ]
  ! SUB             [ reduce using rule 110 (empty -> .) ]
  ! LBRACKET        [ reduce using rule 110 (empty -> .) ]
  ! STR             [ reduce using rule 110 (empty -> .) ]
  ! INT             [ reduce using rule 110 (empty -> .) ]
  ! FLOAT           [ reduce using rule 110 (empty -> .) ]
  ! TRUE            [ reduce using rule 110 (empty -> .) ]
  ! FALSE           [ reduce using rule 110 (empty -> .) ]
  ! CHAR            [ reduce using rule 110 (empty -> .) ]

    expression                     shift and go to state 105
    optional_semicolon             shift and go to state 106
    literal                        shift and go to state 18
    empty                          shift and go to state 80

state 36

    (87) scan_stmt -> SCAN . LPAREN expression RPAREN optional_semicolon

    LPAREN          shift and go to state 107


state 37

    (86) onscreen_stmt -> ONSCREEN . LPAREN expression RPAREN optional_semicolon

    LPAREN          shift and go to state 108


state 38

    (100) pass_stmt -> PASS . optional_semicolon
    (108) optional_semicolon -> . SEMICOLON
    (109) optional_semicolon -> . empty
    (110) empty -> .

    SEMICOLON       shift and go to state 79
    IDENT           reduce using rule 110 (empty -> .)
    LPAREN          reduce using rule 110 (empty -> .)
    LBRACE          reduce using rule 110 (empty -> .)
    NOT             reduce using rule 110 (empty -> .)
    SUB             reduce using rule 110 (empty -> .)
    LBRACKET        reduce using rule 110 (empty -> .)
    SET             reduce using rule 110 (empty -> .)
    VAR             reduce using rule 110 (empty -> .)
    IF              reduce using rule 110 (empty -> .)
    WHILE           reduce using rule 110 (empty -> .)
    FOR             reduce using rule 110 (empty -> .)
    PROCEDURE       reduce using rule 110 (empty -> .)
    BREAK           reduce using rule 110 (empty -> .)
    CONTINUE        reduce using rule 110 (empty -> .)
    RETURN          reduce using rule 110 (empty -> .)
    SCAN            reduce using rule 110 (empty -> .)
    ONSCREEN        reduce using rule 110 (empty -> .)
    PASS            reduce using rule 110 (empty -> .)
    STR             reduce using rule 110 (empty -> .)
    INT             reduce using rule 110 (empty -> .)
    FLOAT           reduce using rule 110 (empty -> .)
    TRUE            reduce using rule 110 (empty -> .)
    FALSE           reduce using rule 110 (empty -> .)
    CHAR            reduce using rule 110 (empty -> .)
    I8              reduce using rule 110 (empty -> .)
    I16             reduce using rule 110 (empty -> .)
    I32             reduce using rule 110 (empty -> .)
    I64             reduce using rule 110 (empty -> .)
    U8              reduce using rule 110 (empty -> .)
    U16             reduce using rule 110 (empty -> .)
    U32             reduce using rule 110 (empty -> .)
    U64             reduce using rule 110 (empty -> .)
    F32             reduce using rule 110 (empty -> .)
    F64             reduce using rule 110 (empty -> .)
    USIZE           reduce using rule 110 (empty -> .)
    ISIZE           reduce using rule 110 (empty -> .)
    STR_TYPE        reduce using rule 110 (empty -> .)
    BOOL_TYPE       reduce using rule 110 (empty -> .)
    INT_TYPE        reduce using rule 110 (empty -> .)
    CHAR_TYPE       reduce using rule 110 (empty -> .)
    VOID            reduce using rule 110 (empty -> .)
    $end            reduce using rule 110 (empty -> .)
    RBRACE          reduce using rule 110 (empty -> .)

    optional_semicolon             shift and go to state 109
    empty                          shift and go to state 80

state 39

    (44) literal -> STR .

    ADD             reduce using rule 44 (literal -> STR .)
    SUB             reduce using rule 44 (literal -> STR .)
    MUL             reduce using rule 44 (literal -> STR .)
    DIV             reduce using rule 44 (literal -> STR .)
    MOD             reduce using rule 44 (literal -> STR .)
    POW             reduce using rule 44 (literal -> STR .)
    AND             reduce using rule 44 (literal -> STR .)
    OR              reduce using rule 44 (literal -> STR .)
    XOR             reduce using rule 44 (literal -> STR .)
    NE              reduce using rule 44 (literal -> STR .)
    EQ              reduce using rule 44 (literal -> STR .)
    GT              reduce using rule 44 (literal -> STR .)
    LT              reduce using rule 44 (literal -> STR .)
    GE              reduce using rule 44 (literal -> STR .)
    LE              reduce using rule 44 (literal -> STR .)
    DOT             reduce using rule 44 (literal -> STR .)
    SEMICOLON       reduce using rule 44 (literal -> STR .)
    IDENT           reduce using rule 44 (literal -> STR .)
    LPAREN          reduce using rule 44 (literal -> STR .)
    LBRACE          reduce using rule 44 (literal -> STR .)
    NOT             reduce using rule 44 (literal -> STR .)
    LBRACKET        reduce using rule 44 (literal -> STR .)
    SET             reduce using rule 44 (literal -> STR .)
    VAR             reduce using rule 44 (literal -> STR .)
    IF              reduce using rule 44 (literal -> STR .)
    WHILE           reduce using rule 44 (literal -> STR .)
    FOR             reduce using rule 44 (literal -> STR .)
    PROCEDURE       reduce using rule 44 (literal -> STR .)
    BREAK           reduce using rule 44 (literal -> STR .)
    CONTINUE        reduce using rule 44 (literal -> STR .)
    RETURN          reduce using rule 44 (literal -> STR .)
    SCAN            reduce using rule 44 (literal -> STR .)
    ONSCREEN        reduce using rule 44 (literal -> STR .)
    PASS            reduce using rule 44 (literal -> STR .)
    STR             reduce using rule 44 (literal -> STR .)
    INT             reduce using rule 44 (literal -> STR .)
    FLOAT           reduce using rule 44 (literal -> STR .)
    TRUE            reduce using rule 44 (literal -> STR .)
    FALSE           reduce using rule 44 (literal -> STR .)
    CHAR            reduce using rule 44 (literal -> STR .)
    I8              reduce using rule 44 (literal -> STR .)
    I16             reduce using rule 44 (literal -> STR .)
    I32             reduce using rule 44 (literal -> STR .)
    I64             reduce using rule 44 (literal -> STR .)
    U8              reduce using rule 44 (literal -> STR .)
    U16             reduce using rule 44 (literal -> STR .)
    U32             reduce using rule 44 (literal -> STR .)
    U64             reduce using rule 44 (literal -> STR .)
    F32             reduce using rule 44 (literal -> STR .)
    F64             reduce using rule 44 (literal -> STR .)
    USIZE           reduce using rule 44 (literal -> STR .)
    ISIZE           reduce using rule 44 (literal -> STR .)
    STR_TYPE        reduce using rule 44 (literal -> STR .)
    BOOL_TYPE       reduce using rule 44 (literal -> STR .)
    INT_TYPE        reduce using rule 44 (literal -> STR .)
    CHAR_TYPE       reduce using rule 44 (literal -> STR .)
    VOID            reduce using rule 44 (literal -> STR .)
    $end            reduce using rule 44 (literal -> STR .)
    RPAREN          reduce using rule 44 (literal -> STR .)
    RBRACE          reduce using rule 44 (literal -> STR .)
    RBRACKET        reduce using rule 44 (literal -> STR .)
    COMMA           reduce using rule 44 (literal -> STR .)
    ASSIGN          reduce using rule 44 (literal -> STR .)
    IN              reduce using rule 44 (literal -> STR .)


state 40

    (46) literal -> FLOAT .

    ADD             reduce using rule 46 (literal -> FLOAT .)
    SUB             reduce using rule 46 (literal -> FLOAT .)
    MUL             reduce using rule 46 (literal -> FLOAT .)
    DIV             reduce using rule 46 (literal -> FLOAT .)
    MOD             reduce using rule 46 (literal -> FLOAT .)
    POW             reduce using rule 46 (literal -> FLOAT .)
    AND             reduce using rule 46 (literal -> FLOAT .)
    OR              reduce using rule 46 (literal -> FLOAT .)
    XOR             reduce using rule 46 (literal -> FLOAT .)
    NE              reduce using rule 46 (literal -> FLOAT .)
    EQ              reduce using rule 46 (literal -> FLOAT .)
    GT              reduce using rule 46 (literal -> FLOAT .)
    LT              reduce using rule 46 (literal -> FLOAT .)
    GE              reduce using rule 46 (literal -> FLOAT .)
    LE              reduce using rule 46 (literal -> FLOAT .)
    DOT             reduce using rule 46 (literal -> FLOAT .)
    SEMICOLON       reduce using rule 46 (literal -> FLOAT .)
    IDENT           reduce using rule 46 (literal -> FLOAT .)
    LPAREN          reduce using rule 46 (literal -> FLOAT .)
    LBRACE          reduce using rule 46 (literal -> FLOAT .)
    NOT             reduce using rule 46 (literal -> FLOAT .)
    LBRACKET        reduce using rule 46 (literal -> FLOAT .)
    SET             reduce using rule 46 (literal -> FLOAT .)
    VAR             reduce using rule 46 (literal -> FLOAT .)
    IF              reduce using rule 46 (literal -> FLOAT .)
    WHILE           reduce using rule 46 (literal -> FLOAT .)
    FOR             reduce using rule 46 (literal -> FLOAT .)
    PROCEDURE       reduce using rule 46 (literal -> FLOAT .)
    BREAK           reduce using rule 46 (literal -> FLOAT .)
    CONTINUE        reduce using rule 46 (literal -> FLOAT .)
    RETURN          reduce using rule 46 (literal -> FLOAT .)
    SCAN            reduce using rule 46 (literal -> FLOAT .)
    ONSCREEN        reduce using rule 46 (literal -> FLOAT .)
    PASS            reduce using rule 46 (literal -> FLOAT .)
    STR             reduce using rule 46 (literal -> FLOAT .)
    INT             reduce using rule 46 (literal -> FLOAT .)
    FLOAT           reduce using rule 46 (literal -> FLOAT .)
    TRUE            reduce using rule 46 (literal -> FLOAT .)
    FALSE           reduce using rule 46 (literal -> FLOAT .)
    CHAR            reduce using rule 46 (literal -> FLOAT .)
    I8              reduce using rule 46 (literal -> FLOAT .)
    I16             reduce using rule 46 (literal -> FLOAT .)
    I32             reduce using rule 46 (literal -> FLOAT .)
    I64             reduce using rule 46 (literal -> FLOAT .)
    U8              reduce using rule 46 (literal -> FLOAT .)
    U16             reduce using rule 46 (literal -> FLOAT .)
    U32             reduce using rule 46 (literal -> FLOAT .)
    U64             reduce using rule 46 (literal -> FLOAT .)
    F32             reduce using rule 46 (literal -> FLOAT .)
    F64             reduce using rule 46 (literal -> FLOAT .)
    USIZE           reduce using rule 46 (literal -> FLOAT .)
    ISIZE           reduce using rule 46 (literal -> FLOAT .)
    STR_TYPE        reduce using rule 46 (literal -> FLOAT .)
    BOOL_TYPE       reduce using rule 46 (literal -> FLOAT .)
    INT_TYPE        reduce using rule 46 (literal -> FLOAT .)
    CHAR_TYPE       reduce using rule 46 (literal -> FLOAT .)
    VOID            reduce using rule 46 (literal -> FLOAT .)
    $end            reduce using rule 46 (literal -> FLOAT .)
    RPAREN          reduce using rule 46 (literal -> FLOAT .)
    RBRACE          reduce using rule 46 (literal -> FLOAT .)
    RBRACKET        reduce using rule 46 (literal -> FLOAT .)
    COMMA           reduce using rule 46 (literal -> FLOAT .)
    ASSIGN          reduce using rule 46 (literal -> FLOAT .)
    IN              reduce using rule 46 (literal -> FLOAT .)


state 41

    (47) literal -> TRUE .

    ADD             reduce using rule 47 (literal -> TRUE .)
    SUB             reduce using rule 47 (literal -> TRUE .)
    MUL             reduce using rule 47 (literal -> TRUE .)
    DIV             reduce using rule 47 (literal -> TRUE .)
    MOD             reduce using rule 47 (literal -> TRUE .)
    POW             reduce using rule 47 (literal -> TRUE .)
    AND             reduce using rule 47 (literal -> TRUE .)
    OR              reduce using rule 47 (literal -> TRUE .)
    XOR             reduce using rule 47 (literal -> TRUE .)
    NE              reduce using rule 47 (literal -> TRUE .)
    EQ              reduce using rule 47 (literal -> TRUE .)
    GT              reduce using rule 47 (literal -> TRUE .)
    LT              reduce using rule 47 (literal -> TRUE .)
    GE              reduce using rule 47 (literal -> TRUE .)
    LE              reduce using rule 47 (literal -> TRUE .)
    DOT             reduce using rule 47 (literal -> TRUE .)
    SEMICOLON       reduce using rule 47 (literal -> TRUE .)
    IDENT           reduce using rule 47 (literal -> TRUE .)
    LPAREN          reduce using rule 47 (literal -> TRUE .)
    LBRACE          reduce using rule 47 (literal -> TRUE .)
    NOT             reduce using rule 47 (literal -> TRUE .)
    LBRACKET        reduce using rule 47 (literal -> TRUE .)
    SET             reduce using rule 47 (literal -> TRUE .)
    VAR             reduce using rule 47 (literal -> TRUE .)
    IF              reduce using rule 47 (literal -> TRUE .)
    WHILE           reduce using rule 47 (literal -> TRUE .)
    FOR             reduce using rule 47 (literal -> TRUE .)
    PROCEDURE       reduce using rule 47 (literal -> TRUE .)
    BREAK           reduce using rule 47 (literal -> TRUE .)
    CONTINUE        reduce using rule 47 (literal -> TRUE .)
    RETURN          reduce using rule 47 (literal -> TRUE .)
    SCAN            reduce using rule 47 (literal -> TRUE .)
    ONSCREEN        reduce using rule 47 (literal -> TRUE .)
    PASS            reduce using rule 47 (literal -> TRUE .)
    STR             reduce using rule 47 (literal -> TRUE .)
    INT             reduce using rule 47 (literal -> TRUE .)
    FLOAT           reduce using rule 47 (literal -> TRUE .)
    TRUE            reduce using rule 47 (literal -> TRUE .)
    FALSE           reduce using rule 47 (literal -> TRUE .)
    CHAR            reduce using rule 47 (literal -> TRUE .)
    I8              reduce using rule 47 (literal -> TRUE .)
    I16             reduce using rule 47 (literal -> TRUE .)
    I32             reduce using rule 47 (literal -> TRUE .)
    I64             reduce using rule 47 (literal -> TRUE .)
    U8              reduce using rule 47 (literal -> TRUE .)
    U16             reduce using rule 47 (literal -> TRUE .)
    U32             reduce using rule 47 (literal -> TRUE .)
    U64             reduce using rule 47 (literal -> TRUE .)
    F32             reduce using rule 47 (literal -> TRUE .)
    F64             reduce using rule 47 (literal -> TRUE .)
    USIZE           reduce using rule 47 (literal -> TRUE .)
    ISIZE           reduce using rule 47 (literal -> TRUE .)
    STR_TYPE        reduce using rule 47 (literal -> TRUE .)
    BOOL_TYPE       reduce using rule 47 (literal -> TRUE .)
    INT_TYPE        reduce using rule 47 (literal -> TRUE .)
    CHAR_TYPE       reduce using rule 47 (literal -> TRUE .)
    VOID            reduce using rule 47 (literal -> TRUE .)
    $end            reduce using rule 47 (literal -> TRUE .)
    RPAREN          reduce using rule 47 (literal -> TRUE .)
    RBRACE          reduce using rule 47 (literal -> TRUE .)
    RBRACKET        reduce using rule 47 (literal -> TRUE .)
    COMMA           reduce using rule 47 (literal -> TRUE .)
    ASSIGN          reduce using rule 47 (literal -> TRUE .)
    IN              reduce using rule 47 (literal -> TRUE .)


state 42

    (48) literal -> FALSE .

    ADD             reduce using rule 48 (literal -> FALSE .)
    SUB             reduce using rule 48 (literal -> FALSE .)
    MUL             reduce using rule 48 (literal -> FALSE .)
    DIV             reduce using rule 48 (literal -> FALSE .)
    MOD             reduce using rule 48 (literal -> FALSE .)
    POW             reduce using rule 48 (literal -> FALSE .)
    AND             reduce using rule 48 (literal -> FALSE .)
    OR              reduce using rule 48 (literal -> FALSE .)
    XOR             reduce using rule 48 (literal -> FALSE .)
    NE              reduce using rule 48 (literal -> FALSE .)
    EQ              reduce using rule 48 (literal -> FALSE .)
    GT              reduce using rule 48 (literal -> FALSE .)
    LT              reduce using rule 48 (literal -> FALSE .)
    GE              reduce using rule 48 (literal -> FALSE .)
    LE              reduce using rule 48 (literal -> FALSE .)
    DOT             reduce using rule 48 (literal -> FALSE .)
    SEMICOLON       reduce using rule 48 (literal -> FALSE .)
    IDENT           reduce using rule 48 (literal -> FALSE .)
    LPAREN          reduce using rule 48 (literal -> FALSE .)
    LBRACE          reduce using rule 48 (literal -> FALSE .)
    NOT             reduce using rule 48 (literal -> FALSE .)
    LBRACKET        reduce using rule 48 (literal -> FALSE .)
    SET             reduce using rule 48 (literal -> FALSE .)
    VAR             reduce using rule 48 (literal -> FALSE .)
    IF              reduce using rule 48 (literal -> FALSE .)
    WHILE           reduce using rule 48 (literal -> FALSE .)
    FOR             reduce using rule 48 (literal -> FALSE .)
    PROCEDURE       reduce using rule 48 (literal -> FALSE .)
    BREAK           reduce using rule 48 (literal -> FALSE .)
    CONTINUE        reduce using rule 48 (literal -> FALSE .)
    RETURN          reduce using rule 48 (literal -> FALSE .)
    SCAN            reduce using rule 48 (literal -> FALSE .)
    ONSCREEN        reduce using rule 48 (literal -> FALSE .)
    PASS            reduce using rule 48 (literal -> FALSE .)
    STR             reduce using rule 48 (literal -> FALSE .)
    INT             reduce using rule 48 (literal -> FALSE .)
    FLOAT           reduce using rule 48 (literal -> FALSE .)
    TRUE            reduce using rule 48 (literal -> FALSE .)
    FALSE           reduce using rule 48 (literal -> FALSE .)
    CHAR            reduce using rule 48 (literal -> FALSE .)
    I8              reduce using rule 48 (literal -> FALSE .)
    I16             reduce using rule 48 (literal -> FALSE .)
    I32             reduce using rule 48 (literal -> FALSE .)
    I64             reduce using rule 48 (literal -> FALSE .)
    U8              reduce using rule 48 (literal -> FALSE .)
    U16             reduce using rule 48 (literal -> FALSE .)
    U32             reduce using rule 48 (literal -> FALSE .)
    U64             reduce using rule 48 (literal -> FALSE .)
    F32             reduce using rule 48 (literal -> FALSE .)
    F64             reduce using rule 48 (literal -> FALSE .)
    USIZE           reduce using rule 48 (literal -> FALSE .)
    ISIZE           reduce using rule 48 (literal -> FALSE .)
    STR_TYPE        reduce using rule 48 (literal -> FALSE .)
    BOOL_TYPE       reduce using rule 48 (literal -> FALSE .)
    INT_TYPE        reduce using rule 48 (literal -> FALSE .)
    CHAR_TYPE       reduce using rule 48 (literal -> FALSE .)
    VOID            reduce using rule 48 (literal -> FALSE .)
    $end            reduce using rule 48 (literal -> FALSE .)
    RPAREN          reduce using rule 48 (literal -> FALSE .)
    RBRACE          reduce using rule 48 (literal -> FALSE .)
    RBRACKET        reduce using rule 48 (literal -> FALSE .)
    COMMA           reduce using rule 48 (literal -> FALSE .)
    ASSIGN          reduce using rule 48 (literal -> FALSE .)
    IN              reduce using rule 48 (literal -> FALSE .)


state 43

    (49) literal -> CHAR .

    ADD             reduce using rule 49 (literal -> CHAR .)
    SUB             reduce using rule 49 (literal -> CHAR .)
    MUL             reduce using rule 49 (literal -> CHAR .)
    DIV             reduce using rule 49 (literal -> CHAR .)
    MOD             reduce using rule 49 (literal -> CHAR .)
    POW             reduce using rule 49 (literal -> CHAR .)
    AND             reduce using rule 49 (literal -> CHAR .)
    OR              reduce using rule 49 (literal -> CHAR .)
    XOR             reduce using rule 49 (literal -> CHAR .)
    NE              reduce using rule 49 (literal -> CHAR .)
    EQ              reduce using rule 49 (literal -> CHAR .)
    GT              reduce using rule 49 (literal -> CHAR .)
    LT              reduce using rule 49 (literal -> CHAR .)
    GE              reduce using rule 49 (literal -> CHAR .)
    LE              reduce using rule 49 (literal -> CHAR .)
    DOT             reduce using rule 49 (literal -> CHAR .)
    SEMICOLON       reduce using rule 49 (literal -> CHAR .)
    IDENT           reduce using rule 49 (literal -> CHAR .)
    LPAREN          reduce using rule 49 (literal -> CHAR .)
    LBRACE          reduce using rule 49 (literal -> CHAR .)
    NOT             reduce using rule 49 (literal -> CHAR .)
    LBRACKET        reduce using rule 49 (literal -> CHAR .)
    SET             reduce using rule 49 (literal -> CHAR .)
    VAR             reduce using rule 49 (literal -> CHAR .)
    IF              reduce using rule 49 (literal -> CHAR .)
    WHILE           reduce using rule 49 (literal -> CHAR .)
    FOR             reduce using rule 49 (literal -> CHAR .)
    PROCEDURE       reduce using rule 49 (literal -> CHAR .)
    BREAK           reduce using rule 49 (literal -> CHAR .)
    CONTINUE        reduce using rule 49 (literal -> CHAR .)
    RETURN          reduce using rule 49 (literal -> CHAR .)
    SCAN            reduce using rule 49 (literal -> CHAR .)
    ONSCREEN        reduce using rule 49 (literal -> CHAR .)
    PASS            reduce using rule 49 (literal -> CHAR .)
    STR             reduce using rule 49 (literal -> CHAR .)
    INT             reduce using rule 49 (literal -> CHAR .)
    FLOAT           reduce using rule 49 (literal -> CHAR .)
    TRUE            reduce using rule 49 (literal -> CHAR .)
    FALSE           reduce using rule 49 (literal -> CHAR .)
    CHAR            reduce using rule 49 (literal -> CHAR .)
    I8              reduce using rule 49 (literal -> CHAR .)
    I16             reduce using rule 49 (literal -> CHAR .)
    I32             reduce using rule 49 (literal -> CHAR .)
    I64             reduce using rule 49 (literal -> CHAR .)
    U8              reduce using rule 49 (literal -> CHAR .)
    U16             reduce using rule 49 (literal -> CHAR .)
    U32             reduce using rule 49 (literal -> CHAR .)
    U64             reduce using rule 49 (literal -> CHAR .)
    F32             reduce using rule 49 (literal -> CHAR .)
    F64             reduce using rule 49 (literal -> CHAR .)
    USIZE           reduce using rule 49 (literal -> CHAR .)
    ISIZE           reduce using rule 49 (literal -> CHAR .)
    STR_TYPE        reduce using rule 49 (literal -> CHAR .)
    BOOL_TYPE       reduce using rule 49 (literal -> CHAR .)
    INT_TYPE        reduce using rule 49 (literal -> CHAR .)
    CHAR_TYPE       reduce using rule 49 (literal -> CHAR .)
    VOID            reduce using rule 49 (literal -> CHAR .)
    $end            reduce using rule 49 (literal -> CHAR .)
    RPAREN          reduce using rule 49 (literal -> CHAR .)
    RBRACE          reduce using rule 49 (literal -> CHAR .)
    RBRACKET        reduce using rule 49 (literal -> CHAR .)
    COMMA           reduce using rule 49 (literal -> CHAR .)
    ASSIGN          reduce using rule 49 (literal -> CHAR .)
    IN              reduce using rule 49 (literal -> CHAR .)


state 44

    (22) type -> I8 .

    LPAREN          reduce using rule 22 (type -> I8 .)
    IDENT           reduce using rule 22 (type -> I8 .)
    COMMA           reduce using rule 22 (type -> I8 .)
    RPAREN          reduce using rule 22 (type -> I8 .)
    LBRACE          reduce using rule 22 (type -> I8 .)
    NOT             reduce using rule 22 (type -> I8 .)
    SUB             reduce using rule 22 (type -> I8 .)
    LBRACKET        reduce using rule 22 (type -> I8 .)
    SET             reduce using rule 22 (type -> I8 .)
    VAR             reduce using rule 22 (type -> I8 .)
    IF              reduce using rule 22 (type -> I8 .)
    WHILE           reduce using rule 22 (type -> I8 .)
    FOR             reduce using rule 22 (type -> I8 .)
    PROCEDURE       reduce using rule 22 (type -> I8 .)
    BREAK           reduce using rule 22 (type -> I8 .)
    CONTINUE        reduce using rule 22 (type -> I8 .)
    RETURN          reduce using rule 22 (type -> I8 .)
    SCAN            reduce using rule 22 (type -> I8 .)
    ONSCREEN        reduce using rule 22 (type -> I8 .)
    PASS            reduce using rule 22 (type -> I8 .)
    STR             reduce using rule 22 (type -> I8 .)
    INT             reduce using rule 22 (type -> I8 .)
    FLOAT           reduce using rule 22 (type -> I8 .)
    TRUE            reduce using rule 22 (type -> I8 .)
    FALSE           reduce using rule 22 (type -> I8 .)
    CHAR            reduce using rule 22 (type -> I8 .)
    I8              reduce using rule 22 (type -> I8 .)
    I16             reduce using rule 22 (type -> I8 .)
    I32             reduce using rule 22 (type -> I8 .)
    I64             reduce using rule 22 (type -> I8 .)
    U8              reduce using rule 22 (type -> I8 .)
    U16             reduce using rule 22 (type -> I8 .)
    U32             reduce using rule 22 (type -> I8 .)
    U64             reduce using rule 22 (type -> I8 .)
    F32             reduce using rule 22 (type -> I8 .)
    F64             reduce using rule 22 (type -> I8 .)
    USIZE           reduce using rule 22 (type -> I8 .)
    ISIZE           reduce using rule 22 (type -> I8 .)
    STR_TYPE        reduce using rule 22 (type -> I8 .)
    BOOL_TYPE       reduce using rule 22 (type -> I8 .)
    INT_TYPE        reduce using rule 22 (type -> I8 .)
    CHAR_TYPE       reduce using rule 22 (type -> I8 .)
    VOID            reduce using rule 22 (type -> I8 .)
    $end            reduce using rule 22 (type -> I8 .)
    RBRACE          reduce using rule 22 (type -> I8 .)


state 45

    (23) type -> I16 .

    LPAREN          reduce using rule 23 (type -> I16 .)
    IDENT           reduce using rule 23 (type -> I16 .)
    COMMA           reduce using rule 23 (type -> I16 .)
    RPAREN          reduce using rule 23 (type -> I16 .)
    LBRACE          reduce using rule 23 (type -> I16 .)
    NOT             reduce using rule 23 (type -> I16 .)
    SUB             reduce using rule 23 (type -> I16 .)
    LBRACKET        reduce using rule 23 (type -> I16 .)
    SET             reduce using rule 23 (type -> I16 .)
    VAR             reduce using rule 23 (type -> I16 .)
    IF              reduce using rule 23 (type -> I16 .)
    WHILE           reduce using rule 23 (type -> I16 .)
    FOR             reduce using rule 23 (type -> I16 .)
    PROCEDURE       reduce using rule 23 (type -> I16 .)
    BREAK           reduce using rule 23 (type -> I16 .)
    CONTINUE        reduce using rule 23 (type -> I16 .)
    RETURN          reduce using rule 23 (type -> I16 .)
    SCAN            reduce using rule 23 (type -> I16 .)
    ONSCREEN        reduce using rule 23 (type -> I16 .)
    PASS            reduce using rule 23 (type -> I16 .)
    STR             reduce using rule 23 (type -> I16 .)
    INT             reduce using rule 23 (type -> I16 .)
    FLOAT           reduce using rule 23 (type -> I16 .)
    TRUE            reduce using rule 23 (type -> I16 .)
    FALSE           reduce using rule 23 (type -> I16 .)
    CHAR            reduce using rule 23 (type -> I16 .)
    I8              reduce using rule 23 (type -> I16 .)
    I16             reduce using rule 23 (type -> I16 .)
    I32             reduce using rule 23 (type -> I16 .)
    I64             reduce using rule 23 (type -> I16 .)
    U8              reduce using rule 23 (type -> I16 .)
    U16             reduce using rule 23 (type -> I16 .)
    U32             reduce using rule 23 (type -> I16 .)
    U64             reduce using rule 23 (type -> I16 .)
    F32             reduce using rule 23 (type -> I16 .)
    F64             reduce using rule 23 (type -> I16 .)
    USIZE           reduce using rule 23 (type -> I16 .)
    ISIZE           reduce using rule 23 (type -> I16 .)
    STR_TYPE        reduce using rule 23 (type -> I16 .)
    BOOL_TYPE       reduce using rule 23 (type -> I16 .)
    INT_TYPE        reduce using rule 23 (type -> I16 .)
    CHAR_TYPE       reduce using rule 23 (type -> I16 .)
    VOID            reduce using rule 23 (type -> I16 .)
    $end            reduce using rule 23 (type -> I16 .)
    RBRACE          reduce using rule 23 (type -> I16 .)


state 46

    (24) type -> I32 .

    LPAREN          reduce using rule 24 (type -> I32 .)
    IDENT           reduce using rule 24 (type -> I32 .)
    COMMA           reduce using rule 24 (type -> I32 .)
    RPAREN          reduce using rule 24 (type -> I32 .)
    LBRACE          reduce using rule 24 (type -> I32 .)
    NOT             reduce using rule 24 (type -> I32 .)
    SUB             reduce using rule 24 (type -> I32 .)
    LBRACKET        reduce using rule 24 (type -> I32 .)
    SET             reduce using rule 24 (type -> I32 .)
    VAR             reduce using rule 24 (type -> I32 .)
    IF              reduce using rule 24 (type -> I32 .)
    WHILE           reduce using rule 24 (type -> I32 .)
    FOR             reduce using rule 24 (type -> I32 .)
    PROCEDURE       reduce using rule 24 (type -> I32 .)
    BREAK           reduce using rule 24 (type -> I32 .)
    CONTINUE        reduce using rule 24 (type -> I32 .)
    RETURN          reduce using rule 24 (type -> I32 .)
    SCAN            reduce using rule 24 (type -> I32 .)
    ONSCREEN        reduce using rule 24 (type -> I32 .)
    PASS            reduce using rule 24 (type -> I32 .)
    STR             reduce using rule 24 (type -> I32 .)
    INT             reduce using rule 24 (type -> I32 .)
    FLOAT           reduce using rule 24 (type -> I32 .)
    TRUE            reduce using rule 24 (type -> I32 .)
    FALSE           reduce using rule 24 (type -> I32 .)
    CHAR            reduce using rule 24 (type -> I32 .)
    I8              reduce using rule 24 (type -> I32 .)
    I16             reduce using rule 24 (type -> I32 .)
    I32             reduce using rule 24 (type -> I32 .)
    I64             reduce using rule 24 (type -> I32 .)
    U8              reduce using rule 24 (type -> I32 .)
    U16             reduce using rule 24 (type -> I32 .)
    U32             reduce using rule 24 (type -> I32 .)
    U64             reduce using rule 24 (type -> I32 .)
    F32             reduce using rule 24 (type -> I32 .)
    F64             reduce using rule 24 (type -> I32 .)
    USIZE           reduce using rule 24 (type -> I32 .)
    ISIZE           reduce using rule 24 (type -> I32 .)
    STR_TYPE        reduce using rule 24 (type -> I32 .)
    BOOL_TYPE       reduce using rule 24 (type -> I32 .)
    INT_TYPE        reduce using rule 24 (type -> I32 .)
    CHAR_TYPE       reduce using rule 24 (type -> I32 .)
    VOID            reduce using rule 24 (type -> I32 .)
    $end            reduce using rule 24 (type -> I32 .)
    RBRACE          reduce using rule 24 (type -> I32 .)


state 47

    (25) type -> I64 .

    LPAREN          reduce using rule 25 (type -> I64 .)
    IDENT           reduce using rule 25 (type -> I64 .)
    COMMA           reduce using rule 25 (type -> I64 .)
    RPAREN          reduce using rule 25 (type -> I64 .)
    LBRACE          reduce using rule 25 (type -> I64 .)
    NOT             reduce using rule 25 (type -> I64 .)
    SUB             reduce using rule 25 (type -> I64 .)
    LBRACKET        reduce using rule 25 (type -> I64 .)
    SET             reduce using rule 25 (type -> I64 .)
    VAR             reduce using rule 25 (type -> I64 .)
    IF              reduce using rule 25 (type -> I64 .)
    WHILE           reduce using rule 25 (type -> I64 .)
    FOR             reduce using rule 25 (type -> I64 .)
    PROCEDURE       reduce using rule 25 (type -> I64 .)
    BREAK           reduce using rule 25 (type -> I64 .)
    CONTINUE        reduce using rule 25 (type -> I64 .)
    RETURN          reduce using rule 25 (type -> I64 .)
    SCAN            reduce using rule 25 (type -> I64 .)
    ONSCREEN        reduce using rule 25 (type -> I64 .)
    PASS            reduce using rule 25 (type -> I64 .)
    STR             reduce using rule 25 (type -> I64 .)
    INT             reduce using rule 25 (type -> I64 .)
    FLOAT           reduce using rule 25 (type -> I64 .)
    TRUE            reduce using rule 25 (type -> I64 .)
    FALSE           reduce using rule 25 (type -> I64 .)
    CHAR            reduce using rule 25 (type -> I64 .)
    I8              reduce using rule 25 (type -> I64 .)
    I16             reduce using rule 25 (type -> I64 .)
    I32             reduce using rule 25 (type -> I64 .)
    I64             reduce using rule 25 (type -> I64 .)
    U8              reduce using rule 25 (type -> I64 .)
    U16             reduce using rule 25 (type -> I64 .)
    U32             reduce using rule 25 (type -> I64 .)
    U64             reduce using rule 25 (type -> I64 .)
    F32             reduce using rule 25 (type -> I64 .)
    F64             reduce using rule 25 (type -> I64 .)
    USIZE           reduce using rule 25 (type -> I64 .)
    ISIZE           reduce using rule 25 (type -> I64 .)
    STR_TYPE        reduce using rule 25 (type -> I64 .)
    BOOL_TYPE       reduce using rule 25 (type -> I64 .)
    INT_TYPE        reduce using rule 25 (type -> I64 .)
    CHAR_TYPE       reduce using rule 25 (type -> I64 .)
    VOID            reduce using rule 25 (type -> I64 .)
    $end            reduce using rule 25 (type -> I64 .)
    RBRACE          reduce using rule 25 (type -> I64 .)


state 48

    (26) type -> U8 .

    LPAREN          reduce using rule 26 (type -> U8 .)
    IDENT           reduce using rule 26 (type -> U8 .)
    COMMA           reduce using rule 26 (type -> U8 .)
    RPAREN          reduce using rule 26 (type -> U8 .)
    LBRACE          reduce using rule 26 (type -> U8 .)
    NOT             reduce using rule 26 (type -> U8 .)
    SUB             reduce using rule 26 (type -> U8 .)
    LBRACKET        reduce using rule 26 (type -> U8 .)
    SET             reduce using rule 26 (type -> U8 .)
    VAR             reduce using rule 26 (type -> U8 .)
    IF              reduce using rule 26 (type -> U8 .)
    WHILE           reduce using rule 26 (type -> U8 .)
    FOR             reduce using rule 26 (type -> U8 .)
    PROCEDURE       reduce using rule 26 (type -> U8 .)
    BREAK           reduce using rule 26 (type -> U8 .)
    CONTINUE        reduce using rule 26 (type -> U8 .)
    RETURN          reduce using rule 26 (type -> U8 .)
    SCAN            reduce using rule 26 (type -> U8 .)
    ONSCREEN        reduce using rule 26 (type -> U8 .)
    PASS            reduce using rule 26 (type -> U8 .)
    STR             reduce using rule 26 (type -> U8 .)
    INT             reduce using rule 26 (type -> U8 .)
    FLOAT           reduce using rule 26 (type -> U8 .)
    TRUE            reduce using rule 26 (type -> U8 .)
    FALSE           reduce using rule 26 (type -> U8 .)
    CHAR            reduce using rule 26 (type -> U8 .)
    I8              reduce using rule 26 (type -> U8 .)
    I16             reduce using rule 26 (type -> U8 .)
    I32             reduce using rule 26 (type -> U8 .)
    I64             reduce using rule 26 (type -> U8 .)
    U8              reduce using rule 26 (type -> U8 .)
    U16             reduce using rule 26 (type -> U8 .)
    U32             reduce using rule 26 (type -> U8 .)
    U64             reduce using rule 26 (type -> U8 .)
    F32             reduce using rule 26 (type -> U8 .)
    F64             reduce using rule 26 (type -> U8 .)
    USIZE           reduce using rule 26 (type -> U8 .)
    ISIZE           reduce using rule 26 (type -> U8 .)
    STR_TYPE        reduce using rule 26 (type -> U8 .)
    BOOL_TYPE       reduce using rule 26 (type -> U8 .)
    INT_TYPE        reduce using rule 26 (type -> U8 .)
    CHAR_TYPE       reduce using rule 26 (type -> U8 .)
    VOID            reduce using rule 26 (type -> U8 .)
    $end            reduce using rule 26 (type -> U8 .)
    RBRACE          reduce using rule 26 (type -> U8 .)


state 49

    (27) type -> U16 .

    LPAREN          reduce using rule 27 (type -> U16 .)
    IDENT           reduce using rule 27 (type -> U16 .)
    COMMA           reduce using rule 27 (type -> U16 .)
    RPAREN          reduce using rule 27 (type -> U16 .)
    LBRACE          reduce using rule 27 (type -> U16 .)
    NOT             reduce using rule 27 (type -> U16 .)
    SUB             reduce using rule 27 (type -> U16 .)
    LBRACKET        reduce using rule 27 (type -> U16 .)
    SET             reduce using rule 27 (type -> U16 .)
    VAR             reduce using rule 27 (type -> U16 .)
    IF              reduce using rule 27 (type -> U16 .)
    WHILE           reduce using rule 27 (type -> U16 .)
    FOR             reduce using rule 27 (type -> U16 .)
    PROCEDURE       reduce using rule 27 (type -> U16 .)
    BREAK           reduce using rule 27 (type -> U16 .)
    CONTINUE        reduce using rule 27 (type -> U16 .)
    RETURN          reduce using rule 27 (type -> U16 .)
    SCAN            reduce using rule 27 (type -> U16 .)
    ONSCREEN        reduce using rule 27 (type -> U16 .)
    PASS            reduce using rule 27 (type -> U16 .)
    STR             reduce using rule 27 (type -> U16 .)
    INT             reduce using rule 27 (type -> U16 .)
    FLOAT           reduce using rule 27 (type -> U16 .)
    TRUE            reduce using rule 27 (type -> U16 .)
    FALSE           reduce using rule 27 (type -> U16 .)
    CHAR            reduce using rule 27 (type -> U16 .)
    I8              reduce using rule 27 (type -> U16 .)
    I16             reduce using rule 27 (type -> U16 .)
    I32             reduce using rule 27 (type -> U16 .)
    I64             reduce using rule 27 (type -> U16 .)
    U8              reduce using rule 27 (type -> U16 .)
    U16             reduce using rule 27 (type -> U16 .)
    U32             reduce using rule 27 (type -> U16 .)
    U64             reduce using rule 27 (type -> U16 .)
    F32             reduce using rule 27 (type -> U16 .)
    F64             reduce using rule 27 (type -> U16 .)
    USIZE           reduce using rule 27 (type -> U16 .)
    ISIZE           reduce using rule 27 (type -> U16 .)
    STR_TYPE        reduce using rule 27 (type -> U16 .)
    BOOL_TYPE       reduce using rule 27 (type -> U16 .)
    INT_TYPE        reduce using rule 27 (type -> U16 .)
    CHAR_TYPE       reduce using rule 27 (type -> U16 .)
    VOID            reduce using rule 27 (type -> U16 .)
    $end            reduce using rule 27 (type -> U16 .)
    RBRACE          reduce using rule 27 (type -> U16 .)


state 50

    (28) type -> U32 .

    LPAREN          reduce using rule 28 (type -> U32 .)
    IDENT           reduce using rule 28 (type -> U32 .)
    COMMA           reduce using rule 28 (type -> U32 .)
    RPAREN          reduce using rule 28 (type -> U32 .)
    LBRACE          reduce using rule 28 (type -> U32 .)
    NOT             reduce using rule 28 (type -> U32 .)
    SUB             reduce using rule 28 (type -> U32 .)
    LBRACKET        reduce using rule 28 (type -> U32 .)
    SET             reduce using rule 28 (type -> U32 .)
    VAR             reduce using rule 28 (type -> U32 .)
    IF              reduce using rule 28 (type -> U32 .)
    WHILE           reduce using rule 28 (type -> U32 .)
    FOR             reduce using rule 28 (type -> U32 .)
    PROCEDURE       reduce using rule 28 (type -> U32 .)
    BREAK           reduce using rule 28 (type -> U32 .)
    CONTINUE        reduce using rule 28 (type -> U32 .)
    RETURN          reduce using rule 28 (type -> U32 .)
    SCAN            reduce using rule 28 (type -> U32 .)
    ONSCREEN        reduce using rule 28 (type -> U32 .)
    PASS            reduce using rule 28 (type -> U32 .)
    STR             reduce using rule 28 (type -> U32 .)
    INT             reduce using rule 28 (type -> U32 .)
    FLOAT           reduce using rule 28 (type -> U32 .)
    TRUE            reduce using rule 28 (type -> U32 .)
    FALSE           reduce using rule 28 (type -> U32 .)
    CHAR            reduce using rule 28 (type -> U32 .)
    I8              reduce using rule 28 (type -> U32 .)
    I16             reduce using rule 28 (type -> U32 .)
    I32             reduce using rule 28 (type -> U32 .)
    I64             reduce using rule 28 (type -> U32 .)
    U8              reduce using rule 28 (type -> U32 .)
    U16             reduce using rule 28 (type -> U32 .)
    U32             reduce using rule 28 (type -> U32 .)
    U64             reduce using rule 28 (type -> U32 .)
    F32             reduce using rule 28 (type -> U32 .)
    F64             reduce using rule 28 (type -> U32 .)
    USIZE           reduce using rule 28 (type -> U32 .)
    ISIZE           reduce using rule 28 (type -> U32 .)
    STR_TYPE        reduce using rule 28 (type -> U32 .)
    BOOL_TYPE       reduce using rule 28 (type -> U32 .)
    INT_TYPE        reduce using rule 28 (type -> U32 .)
    CHAR_TYPE       reduce using rule 28 (type -> U32 .)
    VOID            reduce using rule 28 (type -> U32 .)
    $end            reduce using rule 28 (type -> U32 .)
    RBRACE          reduce using rule 28 (type -> U32 .)


state 51

    (29) type -> U64 .

    LPAREN          reduce using rule 29 (type -> U64 .)
    IDENT           reduce using rule 29 (type -> U64 .)
    COMMA           reduce using rule 29 (type -> U64 .)
    RPAREN          reduce using rule 29 (type -> U64 .)
    LBRACE          reduce using rule 29 (type -> U64 .)
    NOT             reduce using rule 29 (type -> U64 .)
    SUB             reduce using rule 29 (type -> U64 .)
    LBRACKET        reduce using rule 29 (type -> U64 .)
    SET             reduce using rule 29 (type -> U64 .)
    VAR             reduce using rule 29 (type -> U64 .)
    IF              reduce using rule 29 (type -> U64 .)
    WHILE           reduce using rule 29 (type -> U64 .)
    FOR             reduce using rule 29 (type -> U64 .)
    PROCEDURE       reduce using rule 29 (type -> U64 .)
    BREAK           reduce using rule 29 (type -> U64 .)
    CONTINUE        reduce using rule 29 (type -> U64 .)
    RETURN          reduce using rule 29 (type -> U64 .)
    SCAN            reduce using rule 29 (type -> U64 .)
    ONSCREEN        reduce using rule 29 (type -> U64 .)
    PASS            reduce using rule 29 (type -> U64 .)
    STR             reduce using rule 29 (type -> U64 .)
    INT             reduce using rule 29 (type -> U64 .)
    FLOAT           reduce using rule 29 (type -> U64 .)
    TRUE            reduce using rule 29 (type -> U64 .)
    FALSE           reduce using rule 29 (type -> U64 .)
    CHAR            reduce using rule 29 (type -> U64 .)
    I8              reduce using rule 29 (type -> U64 .)
    I16             reduce using rule 29 (type -> U64 .)
    I32             reduce using rule 29 (type -> U64 .)
    I64             reduce using rule 29 (type -> U64 .)
    U8              reduce using rule 29 (type -> U64 .)
    U16             reduce using rule 29 (type -> U64 .)
    U32             reduce using rule 29 (type -> U64 .)
    U64             reduce using rule 29 (type -> U64 .)
    F32             reduce using rule 29 (type -> U64 .)
    F64             reduce using rule 29 (type -> U64 .)
    USIZE           reduce using rule 29 (type -> U64 .)
    ISIZE           reduce using rule 29 (type -> U64 .)
    STR_TYPE        reduce using rule 29 (type -> U64 .)
    BOOL_TYPE       reduce using rule 29 (type -> U64 .)
    INT_TYPE        reduce using rule 29 (type -> U64 .)
    CHAR_TYPE       reduce using rule 29 (type -> U64 .)
    VOID            reduce using rule 29 (type -> U64 .)
    $end            reduce using rule 29 (type -> U64 .)
    RBRACE          reduce using rule 29 (type -> U64 .)


state 52

    (30) type -> F32 .

    LPAREN          reduce using rule 30 (type -> F32 .)
    IDENT           reduce using rule 30 (type -> F32 .)
    COMMA           reduce using rule 30 (type -> F32 .)
    RPAREN          reduce using rule 30 (type -> F32 .)
    LBRACE          reduce using rule 30 (type -> F32 .)
    NOT             reduce using rule 30 (type -> F32 .)
    SUB             reduce using rule 30 (type -> F32 .)
    LBRACKET        reduce using rule 30 (type -> F32 .)
    SET             reduce using rule 30 (type -> F32 .)
    VAR             reduce using rule 30 (type -> F32 .)
    IF              reduce using rule 30 (type -> F32 .)
    WHILE           reduce using rule 30 (type -> F32 .)
    FOR             reduce using rule 30 (type -> F32 .)
    PROCEDURE       reduce using rule 30 (type -> F32 .)
    BREAK           reduce using rule 30 (type -> F32 .)
    CONTINUE        reduce using rule 30 (type -> F32 .)
    RETURN          reduce using rule 30 (type -> F32 .)
    SCAN            reduce using rule 30 (type -> F32 .)
    ONSCREEN        reduce using rule 30 (type -> F32 .)
    PASS            reduce using rule 30 (type -> F32 .)
    STR             reduce using rule 30 (type -> F32 .)
    INT             reduce using rule 30 (type -> F32 .)
    FLOAT           reduce using rule 30 (type -> F32 .)
    TRUE            reduce using rule 30 (type -> F32 .)
    FALSE           reduce using rule 30 (type -> F32 .)
    CHAR            reduce using rule 30 (type -> F32 .)
    I8              reduce using rule 30 (type -> F32 .)
    I16             reduce using rule 30 (type -> F32 .)
    I32             reduce using rule 30 (type -> F32 .)
    I64             reduce using rule 30 (type -> F32 .)
    U8              reduce using rule 30 (type -> F32 .)
    U16             reduce using rule 30 (type -> F32 .)
    U32             reduce using rule 30 (type -> F32 .)
    U64             reduce using rule 30 (type -> F32 .)
    F32             reduce using rule 30 (type -> F32 .)
    F64             reduce using rule 30 (type -> F32 .)
    USIZE           reduce using rule 30 (type -> F32 .)
    ISIZE           reduce using rule 30 (type -> F32 .)
    STR_TYPE        reduce using rule 30 (type -> F32 .)
    BOOL_TYPE       reduce using rule 30 (type -> F32 .)
    INT_TYPE        reduce using rule 30 (type -> F32 .)
    CHAR_TYPE       reduce using rule 30 (type -> F32 .)
    VOID            reduce using rule 30 (type -> F32 .)
    $end            reduce using rule 30 (type -> F32 .)
    RBRACE          reduce using rule 30 (type -> F32 .)


state 53

    (31) type -> F64 .

    LPAREN          reduce using rule 31 (type -> F64 .)
    IDENT           reduce using rule 31 (type -> F64 .)
    COMMA           reduce using rule 31 (type -> F64 .)
    RPAREN          reduce using rule 31 (type -> F64 .)
    LBRACE          reduce using rule 31 (type -> F64 .)
    NOT             reduce using rule 31 (type -> F64 .)
    SUB             reduce using rule 31 (type -> F64 .)
    LBRACKET        reduce using rule 31 (type -> F64 .)
    SET             reduce using rule 31 (type -> F64 .)
    VAR             reduce using rule 31 (type -> F64 .)
    IF              reduce using rule 31 (type -> F64 .)
    WHILE           reduce using rule 31 (type -> F64 .)
    FOR             reduce using rule 31 (type -> F64 .)
    PROCEDURE       reduce using rule 31 (type -> F64 .)
    BREAK           reduce using rule 31 (type -> F64 .)
    CONTINUE        reduce using rule 31 (type -> F64 .)
    RETURN          reduce using rule 31 (type -> F64 .)
    SCAN            reduce using rule 31 (type -> F64 .)
    ONSCREEN        reduce using rule 31 (type -> F64 .)
    PASS            reduce using rule 31 (type -> F64 .)
    STR             reduce using rule 31 (type -> F64 .)
    INT             reduce using rule 31 (type -> F64 .)
    FLOAT           reduce using rule 31 (type -> F64 .)
    TRUE            reduce using rule 31 (type -> F64 .)
    FALSE           reduce using rule 31 (type -> F64 .)
    CHAR            reduce using rule 31 (type -> F64 .)
    I8              reduce using rule 31 (type -> F64 .)
    I16             reduce using rule 31 (type -> F64 .)
    I32             reduce using rule 31 (type -> F64 .)
    I64             reduce using rule 31 (type -> F64 .)
    U8              reduce using rule 31 (type -> F64 .)
    U16             reduce using rule 31 (type -> F64 .)
    U32             reduce using rule 31 (type -> F64 .)
    U64             reduce using rule 31 (type -> F64 .)
    F32             reduce using rule 31 (type -> F64 .)
    F64             reduce using rule 31 (type -> F64 .)
    USIZE           reduce using rule 31 (type -> F64 .)
    ISIZE           reduce using rule 31 (type -> F64 .)
    STR_TYPE        reduce using rule 31 (type -> F64 .)
    BOOL_TYPE       reduce using rule 31 (type -> F64 .)
    INT_TYPE        reduce using rule 31 (type -> F64 .)
    CHAR_TYPE       reduce using rule 31 (type -> F64 .)
    VOID            reduce using rule 31 (type -> F64 .)
    $end            reduce using rule 31 (type -> F64 .)
    RBRACE          reduce using rule 31 (type -> F64 .)


state 54

    (32) type -> USIZE .

    LPAREN          reduce using rule 32 (type -> USIZE .)
    IDENT           reduce using rule 32 (type -> USIZE .)
    COMMA           reduce using rule 32 (type -> USIZE .)
    RPAREN          reduce using rule 32 (type -> USIZE .)
    LBRACE          reduce using rule 32 (type -> USIZE .)
    NOT             reduce using rule 32 (type -> USIZE .)
    SUB             reduce using rule 32 (type -> USIZE .)
    LBRACKET        reduce using rule 32 (type -> USIZE .)
    SET             reduce using rule 32 (type -> USIZE .)
    VAR             reduce using rule 32 (type -> USIZE .)
    IF              reduce using rule 32 (type -> USIZE .)
    WHILE           reduce using rule 32 (type -> USIZE .)
    FOR             reduce using rule 32 (type -> USIZE .)
    PROCEDURE       reduce using rule 32 (type -> USIZE .)
    BREAK           reduce using rule 32 (type -> USIZE .)
    CONTINUE        reduce using rule 32 (type -> USIZE .)
    RETURN          reduce using rule 32 (type -> USIZE .)
    SCAN            reduce using rule 32 (type -> USIZE .)
    ONSCREEN        reduce using rule 32 (type -> USIZE .)
    PASS            reduce using rule 32 (type -> USIZE .)
    STR             reduce using rule 32 (type -> USIZE .)
    INT             reduce using rule 32 (type -> USIZE .)
    FLOAT           reduce using rule 32 (type -> USIZE .)
    TRUE            reduce using rule 32 (type -> USIZE .)
    FALSE           reduce using rule 32 (type -> USIZE .)
    CHAR            reduce using rule 32 (type -> USIZE .)
    I8              reduce using rule 32 (type -> USIZE .)
    I16             reduce using rule 32 (type -> USIZE .)
    I32             reduce using rule 32 (type -> USIZE .)
    I64             reduce using rule 32 (type -> USIZE .)
    U8              reduce using rule 32 (type -> USIZE .)
    U16             reduce using rule 32 (type -> USIZE .)
    U32             reduce using rule 32 (type -> USIZE .)
    U64             reduce using rule 32 (type -> USIZE .)
    F32             reduce using rule 32 (type -> USIZE .)
    F64             reduce using rule 32 (type -> USIZE .)
    USIZE           reduce using rule 32 (type -> USIZE .)
    ISIZE           reduce using rule 32 (type -> USIZE .)
    STR_TYPE        reduce using rule 32 (type -> USIZE .)
    BOOL_TYPE       reduce using rule 32 (type -> USIZE .)
    INT_TYPE        reduce using rule 32 (type -> USIZE .)
    CHAR_TYPE       reduce using rule 32 (type -> USIZE .)
    VOID            reduce using rule 32 (type -> USIZE .)
    $end            reduce using rule 32 (type -> USIZE .)
    RBRACE          reduce using rule 32 (type -> USIZE .)


state 55

    (33) type -> ISIZE .

    LPAREN          reduce using rule 33 (type -> ISIZE .)
    IDENT           reduce using rule 33 (type -> ISIZE .)
    COMMA           reduce using rule 33 (type -> ISIZE .)
    RPAREN          reduce using rule 33 (type -> ISIZE .)
    LBRACE          reduce using rule 33 (type -> ISIZE .)
    NOT             reduce using rule 33 (type -> ISIZE .)
    SUB             reduce using rule 33 (type -> ISIZE .)
    LBRACKET        reduce using rule 33 (type -> ISIZE .)
    SET             reduce using rule 33 (type -> ISIZE .)
    VAR             reduce using rule 33 (type -> ISIZE .)
    IF              reduce using rule 33 (type -> ISIZE .)
    WHILE           reduce using rule 33 (type -> ISIZE .)
    FOR             reduce using rule 33 (type -> ISIZE .)
    PROCEDURE       reduce using rule 33 (type -> ISIZE .)
    BREAK           reduce using rule 33 (type -> ISIZE .)
    CONTINUE        reduce using rule 33 (type -> ISIZE .)
    RETURN          reduce using rule 33 (type -> ISIZE .)
    SCAN            reduce using rule 33 (type -> ISIZE .)
    ONSCREEN        reduce using rule 33 (type -> ISIZE .)
    PASS            reduce using rule 33 (type -> ISIZE .)
    STR             reduce using rule 33 (type -> ISIZE .)
    INT             reduce using rule 33 (type -> ISIZE .)
    FLOAT           reduce using rule 33 (type -> ISIZE .)
    TRUE            reduce using rule 33 (type -> ISIZE .)
    FALSE           reduce using rule 33 (type -> ISIZE .)
    CHAR            reduce using rule 33 (type -> ISIZE .)
    I8              reduce using rule 33 (type -> ISIZE .)
    I16             reduce using rule 33 (type -> ISIZE .)
    I32             reduce using rule 33 (type -> ISIZE .)
    I64             reduce using rule 33 (type -> ISIZE .)
    U8              reduce using rule 33 (type -> ISIZE .)
    U16             reduce using rule 33 (type -> ISIZE .)
    U32             reduce using rule 33 (type -> ISIZE .)
    U64             reduce using rule 33 (type -> ISIZE .)
    F32             reduce using rule 33 (type -> ISIZE .)
    F64             reduce using rule 33 (type -> ISIZE .)
    USIZE           reduce using rule 33 (type -> ISIZE .)
    ISIZE           reduce using rule 33 (type -> ISIZE .)
    STR_TYPE        reduce using rule 33 (type -> ISIZE .)
    BOOL_TYPE       reduce using rule 33 (type -> ISIZE .)
    INT_TYPE        reduce using rule 33 (type -> ISIZE .)
    CHAR_TYPE       reduce using rule 33 (type -> ISIZE .)
    VOID            reduce using rule 33 (type -> ISIZE .)
    $end            reduce using rule 33 (type -> ISIZE .)
    RBRACE          reduce using rule 33 (type -> ISIZE .)


state 56

    (34) type -> STR_TYPE .

    LPAREN          reduce using rule 34 (type -> STR_TYPE .)
    IDENT           reduce using rule 34 (type -> STR_TYPE .)
    COMMA           reduce using rule 34 (type -> STR_TYPE .)
    RPAREN          reduce using rule 34 (type -> STR_TYPE .)
    LBRACE          reduce using rule 34 (type -> STR_TYPE .)
    NOT             reduce using rule 34 (type -> STR_TYPE .)
    SUB             reduce using rule 34 (type -> STR_TYPE .)
    LBRACKET        reduce using rule 34 (type -> STR_TYPE .)
    SET             reduce using rule 34 (type -> STR_TYPE .)
    VAR             reduce using rule 34 (type -> STR_TYPE .)
    IF              reduce using rule 34 (type -> STR_TYPE .)
    WHILE           reduce using rule 34 (type -> STR_TYPE .)
    FOR             reduce using rule 34 (type -> STR_TYPE .)
    PROCEDURE       reduce using rule 34 (type -> STR_TYPE .)
    BREAK           reduce using rule 34 (type -> STR_TYPE .)
    CONTINUE        reduce using rule 34 (type -> STR_TYPE .)
    RETURN          reduce using rule 34 (type -> STR_TYPE .)
    SCAN            reduce using rule 34 (type -> STR_TYPE .)
    ONSCREEN        reduce using rule 34 (type -> STR_TYPE .)
    PASS            reduce using rule 34 (type -> STR_TYPE .)
    STR             reduce using rule 34 (type -> STR_TYPE .)
    INT             reduce using rule 34 (type -> STR_TYPE .)
    FLOAT           reduce using rule 34 (type -> STR_TYPE .)
    TRUE            reduce using rule 34 (type -> STR_TYPE .)
    FALSE           reduce using rule 34 (type -> STR_TYPE .)
    CHAR            reduce using rule 34 (type -> STR_TYPE .)
    I8              reduce using rule 34 (type -> STR_TYPE .)
    I16             reduce using rule 34 (type -> STR_TYPE .)
    I32             reduce using rule 34 (type -> STR_TYPE .)
    I64             reduce using rule 34 (type -> STR_TYPE .)
    U8              reduce using rule 34 (type -> STR_TYPE .)
    U16             reduce using rule 34 (type -> STR_TYPE .)
    U32             reduce using rule 34 (type -> STR_TYPE .)
    U64             reduce using rule 34 (type -> STR_TYPE .)
    F32             reduce using rule 34 (type -> STR_TYPE .)
    F64             reduce using rule 34 (type -> STR_TYPE .)
    USIZE           reduce using rule 34 (type -> STR_TYPE .)
    ISIZE           reduce using rule 34 (type -> STR_TYPE .)
    STR_TYPE        reduce using rule 34 (type -> STR_TYPE .)
    BOOL_TYPE       reduce using rule 34 (type -> STR_TYPE .)
    INT_TYPE        reduce using rule 34 (type -> STR_TYPE .)
    CHAR_TYPE       reduce using rule 34 (type -> STR_TYPE .)
    VOID            reduce using rule 34 (type -> STR_TYPE .)
    $end            reduce using rule 34 (type -> STR_TYPE .)
    RBRACE          reduce using rule 34 (type -> STR_TYPE .)


state 57

    (35) type -> BOOL_TYPE .

    LPAREN          reduce using rule 35 (type -> BOOL_TYPE .)
    IDENT           reduce using rule 35 (type -> BOOL_TYPE .)
    COMMA           reduce using rule 35 (type -> BOOL_TYPE .)
    RPAREN          reduce using rule 35 (type -> BOOL_TYPE .)
    LBRACE          reduce using rule 35 (type -> BOOL_TYPE .)
    NOT             reduce using rule 35 (type -> BOOL_TYPE .)
    SUB             reduce using rule 35 (type -> BOOL_TYPE .)
    LBRACKET        reduce using rule 35 (type -> BOOL_TYPE .)
    SET             reduce using rule 35 (type -> BOOL_TYPE .)
    VAR             reduce using rule 35 (type -> BOOL_TYPE .)
    IF              reduce using rule 35 (type -> BOOL_TYPE .)
    WHILE           reduce using rule 35 (type -> BOOL_TYPE .)
    FOR             reduce using rule 35 (type -> BOOL_TYPE .)
    PROCEDURE       reduce using rule 35 (type -> BOOL_TYPE .)
    BREAK           reduce using rule 35 (type -> BOOL_TYPE .)
    CONTINUE        reduce using rule 35 (type -> BOOL_TYPE .)
    RETURN          reduce using rule 35 (type -> BOOL_TYPE .)
    SCAN            reduce using rule 35 (type -> BOOL_TYPE .)
    ONSCREEN        reduce using rule 35 (type -> BOOL_TYPE .)
    PASS            reduce using rule 35 (type -> BOOL_TYPE .)
    STR             reduce using rule 35 (type -> BOOL_TYPE .)
    INT             reduce using rule 35 (type -> BOOL_TYPE .)
    FLOAT           reduce using rule 35 (type -> BOOL_TYPE .)
    TRUE            reduce using rule 35 (type -> BOOL_TYPE .)
    FALSE           reduce using rule 35 (type -> BOOL_TYPE .)
    CHAR            reduce using rule 35 (type -> BOOL_TYPE .)
    I8              reduce using rule 35 (type -> BOOL_TYPE .)
    I16             reduce using rule 35 (type -> BOOL_TYPE .)
    I32             reduce using rule 35 (type -> BOOL_TYPE .)
    I64             reduce using rule 35 (type -> BOOL_TYPE .)
    U8              reduce using rule 35 (type -> BOOL_TYPE .)
    U16             reduce using rule 35 (type -> BOOL_TYPE .)
    U32             reduce using rule 35 (type -> BOOL_TYPE .)
    U64             reduce using rule 35 (type -> BOOL_TYPE .)
    F32             reduce using rule 35 (type -> BOOL_TYPE .)
    F64             reduce using rule 35 (type -> BOOL_TYPE .)
    USIZE           reduce using rule 35 (type -> BOOL_TYPE .)
    ISIZE           reduce using rule 35 (type -> BOOL_TYPE .)
    STR_TYPE        reduce using rule 35 (type -> BOOL_TYPE .)
    BOOL_TYPE       reduce using rule 35 (type -> BOOL_TYPE .)
    INT_TYPE        reduce using rule 35 (type -> BOOL_TYPE .)
    CHAR_TYPE       reduce using rule 35 (type -> BOOL_TYPE .)
    VOID            reduce using rule 35 (type -> BOOL_TYPE .)
    $end            reduce using rule 35 (type -> BOOL_TYPE .)
    RBRACE          reduce using rule 35 (type -> BOOL_TYPE .)


state 58

    (36) type -> INT_TYPE .

    LPAREN          reduce using rule 36 (type -> INT_TYPE .)
    IDENT           reduce using rule 36 (type -> INT_TYPE .)
    COMMA           reduce using rule 36 (type -> INT_TYPE .)
    RPAREN          reduce using rule 36 (type -> INT_TYPE .)
    LBRACE          reduce using rule 36 (type -> INT_TYPE .)
    NOT             reduce using rule 36 (type -> INT_TYPE .)
    SUB             reduce using rule 36 (type -> INT_TYPE .)
    LBRACKET        reduce using rule 36 (type -> INT_TYPE .)
    SET             reduce using rule 36 (type -> INT_TYPE .)
    VAR             reduce using rule 36 (type -> INT_TYPE .)
    IF              reduce using rule 36 (type -> INT_TYPE .)
    WHILE           reduce using rule 36 (type -> INT_TYPE .)
    FOR             reduce using rule 36 (type -> INT_TYPE .)
    PROCEDURE       reduce using rule 36 (type -> INT_TYPE .)
    BREAK           reduce using rule 36 (type -> INT_TYPE .)
    CONTINUE        reduce using rule 36 (type -> INT_TYPE .)
    RETURN          reduce using rule 36 (type -> INT_TYPE .)
    SCAN            reduce using rule 36 (type -> INT_TYPE .)
    ONSCREEN        reduce using rule 36 (type -> INT_TYPE .)
    PASS            reduce using rule 36 (type -> INT_TYPE .)
    STR             reduce using rule 36 (type -> INT_TYPE .)
    INT             reduce using rule 36 (type -> INT_TYPE .)
    FLOAT           reduce using rule 36 (type -> INT_TYPE .)
    TRUE            reduce using rule 36 (type -> INT_TYPE .)
    FALSE           reduce using rule 36 (type -> INT_TYPE .)
    CHAR            reduce using rule 36 (type -> INT_TYPE .)
    I8              reduce using rule 36 (type -> INT_TYPE .)
    I16             reduce using rule 36 (type -> INT_TYPE .)
    I32             reduce using rule 36 (type -> INT_TYPE .)
    I64             reduce using rule 36 (type -> INT_TYPE .)
    U8              reduce using rule 36 (type -> INT_TYPE .)
    U16             reduce using rule 36 (type -> INT_TYPE .)
    U32             reduce using rule 36 (type -> INT_TYPE .)
    U64             reduce using rule 36 (type -> INT_TYPE .)
    F32             reduce using rule 36 (type -> INT_TYPE .)
    F64             reduce using rule 36 (type -> INT_TYPE .)
    USIZE           reduce using rule 36 (type -> INT_TYPE .)
    ISIZE           reduce using rule 36 (type -> INT_TYPE .)
    STR_TYPE        reduce using rule 36 (type -> INT_TYPE .)
    BOOL_TYPE       reduce using rule 36 (type -> INT_TYPE .)
    INT_TYPE        reduce using rule 36 (type -> INT_TYPE .)
    CHAR_TYPE       reduce using rule 36 (type -> INT_TYPE .)
    VOID            reduce using rule 36 (type -> INT_TYPE .)
    $end            reduce using rule 36 (type -> INT_TYPE .)
    RBRACE          reduce using rule 36 (type -> INT_TYPE .)


state 59

    (37) type -> CHAR_TYPE .

    LPAREN          reduce using rule 37 (type -> CHAR_TYPE .)
    IDENT           reduce using rule 37 (type -> CHAR_TYPE .)
    COMMA           reduce using rule 37 (type -> CHAR_TYPE .)
    RPAREN          reduce using rule 37 (type -> CHAR_TYPE .)
    LBRACE          reduce using rule 37 (type -> CHAR_TYPE .)
    NOT             reduce using rule 37 (type -> CHAR_TYPE .)
    SUB             reduce using rule 37 (type -> CHAR_TYPE .)
    LBRACKET        reduce using rule 37 (type -> CHAR_TYPE .)
    SET             reduce using rule 37 (type -> CHAR_TYPE .)
    VAR             reduce using rule 37 (type -> CHAR_TYPE .)
    IF              reduce using rule 37 (type -> CHAR_TYPE .)
    WHILE           reduce using rule 37 (type -> CHAR_TYPE .)
    FOR             reduce using rule 37 (type -> CHAR_TYPE .)
    PROCEDURE       reduce using rule 37 (type -> CHAR_TYPE .)
    BREAK           reduce using rule 37 (type -> CHAR_TYPE .)
    CONTINUE        reduce using rule 37 (type -> CHAR_TYPE .)
    RETURN          reduce using rule 37 (type -> CHAR_TYPE .)
    SCAN            reduce using rule 37 (type -> CHAR_TYPE .)
    ONSCREEN        reduce using rule 37 (type -> CHAR_TYPE .)
    PASS            reduce using rule 37 (type -> CHAR_TYPE .)
    STR             reduce using rule 37 (type -> CHAR_TYPE .)
    INT             reduce using rule 37 (type -> CHAR_TYPE .)
    FLOAT           reduce using rule 37 (type -> CHAR_TYPE .)
    TRUE            reduce using rule 37 (type -> CHAR_TYPE .)
    FALSE           reduce using rule 37 (type -> CHAR_TYPE .)
    CHAR            reduce using rule 37 (type -> CHAR_TYPE .)
    I8              reduce using rule 37 (type -> CHAR_TYPE .)
    I16             reduce using rule 37 (type -> CHAR_TYPE .)
    I32             reduce using rule 37 (type -> CHAR_TYPE .)
    I64             reduce using rule 37 (type -> CHAR_TYPE .)
    U8              reduce using rule 37 (type -> CHAR_TYPE .)
    U16             reduce using rule 37 (type -> CHAR_TYPE .)
    U32             reduce using rule 37 (type -> CHAR_TYPE .)
    U64             reduce using rule 37 (type -> CHAR_TYPE .)
    F32             reduce using rule 37 (type -> CHAR_TYPE .)
    F64             reduce using rule 37 (type -> CHAR_TYPE .)
    USIZE           reduce using rule 37 (type -> CHAR_TYPE .)
    ISIZE           reduce using rule 37 (type -> CHAR_TYPE .)
    STR_TYPE        reduce using rule 37 (type -> CHAR_TYPE .)
    BOOL_TYPE       reduce using rule 37 (type -> CHAR_TYPE .)
    INT_TYPE        reduce using rule 37 (type -> CHAR_TYPE .)
    CHAR_TYPE       reduce using rule 37 (type -> CHAR_TYPE .)
    VOID            reduce using rule 37 (type -> CHAR_TYPE .)
    $end            reduce using rule 37 (type -> CHAR_TYPE .)
    RBRACE          reduce using rule 37 (type -> CHAR_TYPE .)


state 60

    (38) type -> VOID .

    LPAREN          reduce using rule 38 (type -> VOID .)
    IDENT           reduce using rule 38 (type -> VOID .)
    COMMA           reduce using rule 38 (type -> VOID .)
    RPAREN          reduce using rule 38 (type -> VOID .)
    LBRACE          reduce using rule 38 (type -> VOID .)
    NOT             reduce using rule 38 (type -> VOID .)
    SUB             reduce using rule 38 (type -> VOID .)
    LBRACKET        reduce using rule 38 (type -> VOID .)
    SET             reduce using rule 38 (type -> VOID .)
    VAR             reduce using rule 38 (type -> VOID .)
    IF              reduce using rule 38 (type -> VOID .)
    WHILE           reduce using rule 38 (type -> VOID .)
    FOR             reduce using rule 38 (type -> VOID .)
    PROCEDURE       reduce using rule 38 (type -> VOID .)
    BREAK           reduce using rule 38 (type -> VOID .)
    CONTINUE        reduce using rule 38 (type -> VOID .)
    RETURN          reduce using rule 38 (type -> VOID .)
    SCAN            reduce using rule 38 (type -> VOID .)
    ONSCREEN        reduce using rule 38 (type -> VOID .)
    PASS            reduce using rule 38 (type -> VOID .)
    STR             reduce using rule 38 (type -> VOID .)
    INT             reduce using rule 38 (type -> VOID .)
    FLOAT           reduce using rule 38 (type -> VOID .)
    TRUE            reduce using rule 38 (type -> VOID .)
    FALSE           reduce using rule 38 (type -> VOID .)
    CHAR            reduce using rule 38 (type -> VOID .)
    I8              reduce using rule 38 (type -> VOID .)
    I16             reduce using rule 38 (type -> VOID .)
    I32             reduce using rule 38 (type -> VOID .)
    I64             reduce using rule 38 (type -> VOID .)
    U8              reduce using rule 38 (type -> VOID .)
    U16             reduce using rule 38 (type -> VOID .)
    U32             reduce using rule 38 (type -> VOID .)
    U64             reduce using rule 38 (type -> VOID .)
    F32             reduce using rule 38 (type -> VOID .)
    F64             reduce using rule 38 (type -> VOID .)
    USIZE           reduce using rule 38 (type -> VOID .)
    ISIZE           reduce using rule 38 (type -> VOID .)
    STR_TYPE        reduce using rule 38 (type -> VOID .)
    BOOL_TYPE       reduce using rule 38 (type -> VOID .)
    INT_TYPE        reduce using rule 38 (type -> VOID .)
    CHAR_TYPE       reduce using rule 38 (type -> VOID .)
    VOID            reduce using rule 38 (type -> VOID .)
    $end            reduce using rule 38 (type -> VOID .)
    RBRACE          reduce using rule 38 (type -> VOID .)


state 61

    (17) statements -> statements statement .

    IDENT           reduce using rule 17 (statements -> statements statement .)
    LPAREN          reduce using rule 17 (statements -> statements statement .)
    LBRACE          reduce using rule 17 (statements -> statements statement .)
    NOT             reduce using rule 17 (statements -> statements statement .)
    SUB             reduce using rule 17 (statements -> statements statement .)
    LBRACKET        reduce using rule 17 (statements -> statements statement .)
    SET             reduce using rule 17 (statements -> statements statement .)
    VAR             reduce using rule 17 (statements -> statements statement .)
    IF              reduce using rule 17 (statements -> statements statement .)
    WHILE           reduce using rule 17 (statements -> statements statement .)
    FOR             reduce using rule 17 (statements -> statements statement .)
    PROCEDURE       reduce using rule 17 (statements -> statements statement .)
    BREAK           reduce using rule 17 (statements -> statements statement .)
    CONTINUE        reduce using rule 17 (statements -> statements statement .)
    RETURN          reduce using rule 17 (statements -> statements statement .)
    SCAN            reduce using rule 17 (statements -> statements statement .)
    ONSCREEN        reduce using rule 17 (statements -> statements statement .)
    PASS            reduce using rule 17 (statements -> statements statement .)
    STR             reduce using rule 17 (statements -> statements statement .)
    INT             reduce using rule 17 (statements -> statements statement .)
    FLOAT           reduce using rule 17 (statements -> statements statement .)
    TRUE            reduce using rule 17 (statements -> statements statement .)
    FALSE           reduce using rule 17 (statements -> statements statement .)
    CHAR            reduce using rule 17 (statements -> statements statement .)
    I8              reduce using rule 17 (statements -> statements statement .)
    I16             reduce using rule 17 (statements -> statements statement .)
    I32             reduce using rule 17 (statements -> statements statement .)
    I64             reduce using rule 17 (statements -> statements statement .)
    U8              reduce using rule 17 (statements -> statements statement .)
    U16             reduce using rule 17 (statements -> statements statement .)
    U32             reduce using rule 17 (statements -> statements statement .)
    U64             reduce using rule 17 (statements -> statements statement .)
    F32             reduce using rule 17 (statements -> statements statement .)
    F64             reduce using rule 17 (statements -> statements statement .)
    USIZE           reduce using rule 17 (statements -> statements statement .)
    ISIZE           reduce using rule 17 (statements -> statements statement .)
    STR_TYPE        reduce using rule 17 (statements -> statements statement .)
    BOOL_TYPE       reduce using rule 17 (statements -> statements statement .)
    INT_TYPE        reduce using rule 17 (statements -> statements statement .)
    CHAR_TYPE       reduce using rule 17 (statements -> statements statement .)
    VOID            reduce using rule 17 (statements -> statements statement .)
    $end            reduce using rule 17 (statements -> statements statement .)
    RBRACE          reduce using rule 17 (statements -> statements statement .)


state 62

    (2) statement -> expression optional_semicolon .

    IDENT           reduce using rule 2 (statement -> expression optional_semicolon .)
    LPAREN          reduce using rule 2 (statement -> expression optional_semicolon .)
    LBRACE          reduce using rule 2 (statement -> expression optional_semicolon .)
    NOT             reduce using rule 2 (statement -> expression optional_semicolon .)
    SUB             reduce using rule 2 (statement -> expression optional_semicolon .)
    LBRACKET        reduce using rule 2 (statement -> expression optional_semicolon .)
    SET             reduce using rule 2 (statement -> expression optional_semicolon .)
    VAR             reduce using rule 2 (statement -> expression optional_semicolon .)
    IF              reduce using rule 2 (statement -> expression optional_semicolon .)
    WHILE           reduce using rule 2 (statement -> expression optional_semicolon .)
    FOR             reduce using rule 2 (statement -> expression optional_semicolon .)
    PROCEDURE       reduce using rule 2 (statement -> expression optional_semicolon .)
    BREAK           reduce using rule 2 (statement -> expression optional_semicolon .)
    CONTINUE        reduce using rule 2 (statement -> expression optional_semicolon .)
    RETURN          reduce using rule 2 (statement -> expression optional_semicolon .)
    SCAN            reduce using rule 2 (statement -> expression optional_semicolon .)
    ONSCREEN        reduce using rule 2 (statement -> expression optional_semicolon .)
    PASS            reduce using rule 2 (statement -> expression optional_semicolon .)
    STR             reduce using rule 2 (statement -> expression optional_semicolon .)
    INT             reduce using rule 2 (statement -> expression optional_semicolon .)
    FLOAT           reduce using rule 2 (statement -> expression optional_semicolon .)
    TRUE            reduce using rule 2 (statement -> expression optional_semicolon .)
    FALSE           reduce using rule 2 (statement -> expression optional_semicolon .)
    CHAR            reduce using rule 2 (statement -> expression optional_semicolon .)
    I8              reduce using rule 2 (statement -> expression optional_semicolon .)
    I16             reduce using rule 2 (statement -> expression optional_semicolon .)
    I32             reduce using rule 2 (statement -> expression optional_semicolon .)
    I64             reduce using rule 2 (statement -> expression optional_semicolon .)
    U8              reduce using rule 2 (statement -> expression optional_semicolon .)
    U16             reduce using rule 2 (statement -> expression optional_semicolon .)
    U32             reduce using rule 2 (statement -> expression optional_semicolon .)
    U64             reduce using rule 2 (statement -> expression optional_semicolon .)
    F32             reduce using rule 2 (statement -> expression optional_semicolon .)
    F64             reduce using rule 2 (statement -> expression optional_semicolon .)
    USIZE           reduce using rule 2 (statement -> expression optional_semicolon .)
    ISIZE           reduce using rule 2 (statement -> expression optional_semicolon .)
    STR_TYPE        reduce using rule 2 (statement -> expression optional_semicolon .)
    BOOL_TYPE       reduce using rule 2 (statement -> expression optional_semicolon .)
    INT_TYPE        reduce using rule 2 (statement -> expression optional_semicolon .)
    CHAR_TYPE       reduce using rule 2 (statement -> expression optional_semicolon .)
    VOID            reduce using rule 2 (statement -> expression optional_semicolon .)
    $end            reduce using rule 2 (statement -> expression optional_semicolon .)
    RBRACE          reduce using rule 2 (statement -> expression optional_semicolon .)


state 63

    (51) expression -> expression ADD . expression
    (18) expression -> . literal
    (19) expression -> . IDENT
    (20) expression -> . LPAREN expression RPAREN
    (21) expression -> . LBRACE expression RBRACE
    (51) expression -> . expression ADD expression
    (52) expression -> . expression SUB expression
    (53) expression -> . expression MUL expression
    (54) expression -> . expression DIV expression
    (55) expression -> . expression MOD expression
    (56) expression -> . expression POW expression
    (57) expression -> . expression AND expression
    (58) expression -> . expression OR expression
    (59) expression -> . expression XOR expression
    (60) expression -> . expression NE expression
    (61) expression -> . expression EQ expression
    (62) expression -> . expression GT expression
    (63) expression -> . expression LT expression
    (64) expression -> . expression GE expression
    (65) expression -> . expression LE expression
    (66) expression -> . NOT expression
    (67) expression -> . SUB expression
    (92) expression -> . LBRACKET element_list RBRACKET optional_semicolon
    (93) expression -> . IDENT LBRACKET expression RBRACKET
    (107) expression -> . expression DOT IDENT
    (44) literal -> . STR
    (45) literal -> . INT
    (46) literal -> . FLOAT
    (47) literal -> . TRUE
    (48) literal -> . FALSE
    (49) literal -> . CHAR
    (50) literal -> . IDENT

    IDENT           shift and go to state 85
    LPAREN          shift and go to state 20
    LBRACE          shift and go to state 21
    NOT             shift and go to state 23
    SUB             shift and go to state 22
    LBRACKET        shift and go to state 24
    STR             shift and go to state 39
    INT             shift and go to state 28
    FLOAT           shift and go to state 40
    TRUE            shift and go to state 41
    FALSE           shift and go to state 42
    CHAR            shift and go to state 43

    expression                     shift and go to state 110
    literal                        shift and go to state 18

state 64

    (52) expression -> expression SUB . expression
    (18) expression -> . literal
    (19) expression -> . IDENT
    (20) expression -> . LPAREN expression RPAREN
    (21) expression -> . LBRACE expression RBRACE
    (51) expression -> . expression ADD expression
    (52) expression -> . expression SUB expression
    (53) expression -> . expression MUL expression
    (54) expression -> . expression DIV expression
    (55) expression -> . expression MOD expression
    (56) expression -> . expression POW expression
    (57) expression -> . expression AND expression
    (58) expression -> . expression OR expression
    (59) expression -> . expression XOR expression
    (60) expression -> . expression NE expression
    (61) expression -> . expression EQ expression
    (62) expression -> . expression GT expression
    (63) expression -> . expression LT expression
    (64) expression -> . expression GE expression
    (65) expression -> . expression LE expression
    (66) expression -> . NOT expression
    (67) expression -> . SUB expression
    (92) expression -> . LBRACKET element_list RBRACKET optional_semicolon
    (93) expression -> . IDENT LBRACKET expression RBRACKET
    (107) expression -> . expression DOT IDENT
    (44) literal -> . STR
    (45) literal -> . INT
    (46) literal -> . FLOAT
    (47) literal -> . TRUE
    (48) literal -> . FALSE
    (49) literal -> . CHAR
    (50) literal -> . IDENT

    IDENT           shift and go to state 85
    LPAREN          shift and go to state 20
    LBRACE          shift and go to state 21
    NOT             shift and go to state 23
    SUB             shift and go to state 22
    LBRACKET        shift and go to state 24
    STR             shift and go to state 39
    INT             shift and go to state 28
    FLOAT           shift and go to state 40
    TRUE            shift and go to state 41
    FALSE           shift and go to state 42
    CHAR            shift and go to state 43

    expression                     shift and go to state 111
    literal                        shift and go to state 18

state 65

    (53) expression -> expression MUL . expression
    (18) expression -> . literal
    (19) expression -> . IDENT
    (20) expression -> . LPAREN expression RPAREN
    (21) expression -> . LBRACE expression RBRACE
    (51) expression -> . expression ADD expression
    (52) expression -> . expression SUB expression
    (53) expression -> . expression MUL expression
    (54) expression -> . expression DIV expression
    (55) expression -> . expression MOD expression
    (56) expression -> . expression POW expression
    (57) expression -> . expression AND expression
    (58) expression -> . expression OR expression
    (59) expression -> . expression XOR expression
    (60) expression -> . expression NE expression
    (61) expression -> . expression EQ expression
    (62) expression -> . expression GT expression
    (63) expression -> . expression LT expression
    (64) expression -> . expression GE expression
    (65) expression -> . expression LE expression
    (66) expression -> . NOT expression
    (67) expression -> . SUB expression
    (92) expression -> . LBRACKET element_list RBRACKET optional_semicolon
    (93) expression -> . IDENT LBRACKET expression RBRACKET
    (107) expression -> . expression DOT IDENT
    (44) literal -> . STR
    (45) literal -> . INT
    (46) literal -> . FLOAT
    (47) literal -> . TRUE
    (48) literal -> . FALSE
    (49) literal -> . CHAR
    (50) literal -> . IDENT

    IDENT           shift and go to state 85
    LPAREN          shift and go to state 20
    LBRACE          shift and go to state 21
    NOT             shift and go to state 23
    SUB             shift and go to state 22
    LBRACKET        shift and go to state 24
    STR             shift and go to state 39
    INT             shift and go to state 28
    FLOAT           shift and go to state 40
    TRUE            shift and go to state 41
    FALSE           shift and go to state 42
    CHAR            shift and go to state 43

    expression                     shift and go to state 112
    literal                        shift and go to state 18

state 66

    (54) expression -> expression DIV . expression
    (18) expression -> . literal
    (19) expression -> . IDENT
    (20) expression -> . LPAREN expression RPAREN
    (21) expression -> . LBRACE expression RBRACE
    (51) expression -> . expression ADD expression
    (52) expression -> . expression SUB expression
    (53) expression -> . expression MUL expression
    (54) expression -> . expression DIV expression
    (55) expression -> . expression MOD expression
    (56) expression -> . expression POW expression
    (57) expression -> . expression AND expression
    (58) expression -> . expression OR expression
    (59) expression -> . expression XOR expression
    (60) expression -> . expression NE expression
    (61) expression -> . expression EQ expression
    (62) expression -> . expression GT expression
    (63) expression -> . expression LT expression
    (64) expression -> . expression GE expression
    (65) expression -> . expression LE expression
    (66) expression -> . NOT expression
    (67) expression -> . SUB expression
    (92) expression -> . LBRACKET element_list RBRACKET optional_semicolon
    (93) expression -> . IDENT LBRACKET expression RBRACKET
    (107) expression -> . expression DOT IDENT
    (44) literal -> . STR
    (45) literal -> . INT
    (46) literal -> . FLOAT
    (47) literal -> . TRUE
    (48) literal -> . FALSE
    (49) literal -> . CHAR
    (50) literal -> . IDENT

    IDENT           shift and go to state 85
    LPAREN          shift and go to state 20
    LBRACE          shift and go to state 21
    NOT             shift and go to state 23
    SUB             shift and go to state 22
    LBRACKET        shift and go to state 24
    STR             shift and go to state 39
    INT             shift and go to state 28
    FLOAT           shift and go to state 40
    TRUE            shift and go to state 41
    FALSE           shift and go to state 42
    CHAR            shift and go to state 43

    expression                     shift and go to state 113
    literal                        shift and go to state 18

state 67

    (55) expression -> expression MOD . expression
    (18) expression -> . literal
    (19) expression -> . IDENT
    (20) expression -> . LPAREN expression RPAREN
    (21) expression -> . LBRACE expression RBRACE
    (51) expression -> . expression ADD expression
    (52) expression -> . expression SUB expression
    (53) expression -> . expression MUL expression
    (54) expression -> . expression DIV expression
    (55) expression -> . expression MOD expression
    (56) expression -> . expression POW expression
    (57) expression -> . expression AND expression
    (58) expression -> . expression OR expression
    (59) expression -> . expression XOR expression
    (60) expression -> . expression NE expression
    (61) expression -> . expression EQ expression
    (62) expression -> . expression GT expression
    (63) expression -> . expression LT expression
    (64) expression -> . expression GE expression
    (65) expression -> . expression LE expression
    (66) expression -> . NOT expression
    (67) expression -> . SUB expression
    (92) expression -> . LBRACKET element_list RBRACKET optional_semicolon
    (93) expression -> . IDENT LBRACKET expression RBRACKET
    (107) expression -> . expression DOT IDENT
    (44) literal -> . STR
    (45) literal -> . INT
    (46) literal -> . FLOAT
    (47) literal -> . TRUE
    (48) literal -> . FALSE
    (49) literal -> . CHAR
    (50) literal -> . IDENT

    IDENT           shift and go to state 85
    LPAREN          shift and go to state 20
    LBRACE          shift and go to state 21
    NOT             shift and go to state 23
    SUB             shift and go to state 22
    LBRACKET        shift and go to state 24
    STR             shift and go to state 39
    INT             shift and go to state 28
    FLOAT           shift and go to state 40
    TRUE            shift and go to state 41
    FALSE           shift and go to state 42
    CHAR            shift and go to state 43

    expression                     shift and go to state 114
    literal                        shift and go to state 18

state 68

    (56) expression -> expression POW . expression
    (18) expression -> . literal
    (19) expression -> . IDENT
    (20) expression -> . LPAREN expression RPAREN
    (21) expression -> . LBRACE expression RBRACE
    (51) expression -> . expression ADD expression
    (52) expression -> . expression SUB expression
    (53) expression -> . expression MUL expression
    (54) expression -> . expression DIV expression
    (55) expression -> . expression MOD expression
    (56) expression -> . expression POW expression
    (57) expression -> . expression AND expression
    (58) expression -> . expression OR expression
    (59) expression -> . expression XOR expression
    (60) expression -> . expression NE expression
    (61) expression -> . expression EQ expression
    (62) expression -> . expression GT expression
    (63) expression -> . expression LT expression
    (64) expression -> . expression GE expression
    (65) expression -> . expression LE expression
    (66) expression -> . NOT expression
    (67) expression -> . SUB expression
    (92) expression -> . LBRACKET element_list RBRACKET optional_semicolon
    (93) expression -> . IDENT LBRACKET expression RBRACKET
    (107) expression -> . expression DOT IDENT
    (44) literal -> . STR
    (45) literal -> . INT
    (46) literal -> . FLOAT
    (47) literal -> . TRUE
    (48) literal -> . FALSE
    (49) literal -> . CHAR
    (50) literal -> . IDENT

    IDENT           shift and go to state 85
    LPAREN          shift and go to state 20
    LBRACE          shift and go to state 21
    NOT             shift and go to state 23
    SUB             shift and go to state 22
    LBRACKET        shift and go to state 24
    STR             shift and go to state 39
    INT             shift and go to state 28
    FLOAT           shift and go to state 40
    TRUE            shift and go to state 41
    FALSE           shift and go to state 42
    CHAR            shift and go to state 43

    expression                     shift and go to state 115
    literal                        shift and go to state 18

state 69

    (57) expression -> expression AND . expression
    (18) expression -> . literal
    (19) expression -> . IDENT
    (20) expression -> . LPAREN expression RPAREN
    (21) expression -> . LBRACE expression RBRACE
    (51) expression -> . expression ADD expression
    (52) expression -> . expression SUB expression
    (53) expression -> . expression MUL expression
    (54) expression -> . expression DIV expression
    (55) expression -> . expression MOD expression
    (56) expression -> . expression POW expression
    (57) expression -> . expression AND expression
    (58) expression -> . expression OR expression
    (59) expression -> . expression XOR expression
    (60) expression -> . expression NE expression
    (61) expression -> . expression EQ expression
    (62) expression -> . expression GT expression
    (63) expression -> . expression LT expression
    (64) expression -> . expression GE expression
    (65) expression -> . expression LE expression
    (66) expression -> . NOT expression
    (67) expression -> . SUB expression
    (92) expression -> . LBRACKET element_list RBRACKET optional_semicolon
    (93) expression -> . IDENT LBRACKET expression RBRACKET
    (107) expression -> . expression DOT IDENT
    (44) literal -> . STR
    (45) literal -> . INT
    (46) literal -> . FLOAT
    (47) literal -> . TRUE
    (48) literal -> . FALSE
    (49) literal -> . CHAR
    (50) literal -> . IDENT

    IDENT           shift and go to state 85
    LPAREN          shift and go to state 20
    LBRACE          shift and go to state 21
    NOT             shift and go to state 23
    SUB             shift and go to state 22
    LBRACKET        shift and go to state 24
    STR             shift and go to state 39
    INT             shift and go to state 28
    FLOAT           shift and go to state 40
    TRUE            shift and go to state 41
    FALSE           shift and go to state 42
    CHAR            shift and go to state 43

    expression                     shift and go to state 116
    literal                        shift and go to state 18

state 70

    (58) expression -> expression OR . expression
    (18) expression -> . literal
    (19) expression -> . IDENT
    (20) expression -> . LPAREN expression RPAREN
    (21) expression -> . LBRACE expression RBRACE
    (51) expression -> . expression ADD expression
    (52) expression -> . expression SUB expression
    (53) expression -> . expression MUL expression
    (54) expression -> . expression DIV expression
    (55) expression -> . expression MOD expression
    (56) expression -> . expression POW expression
    (57) expression -> . expression AND expression
    (58) expression -> . expression OR expression
    (59) expression -> . expression XOR expression
    (60) expression -> . expression NE expression
    (61) expression -> . expression EQ expression
    (62) expression -> . expression GT expression
    (63) expression -> . expression LT expression
    (64) expression -> . expression GE expression
    (65) expression -> . expression LE expression
    (66) expression -> . NOT expression
    (67) expression -> . SUB expression
    (92) expression -> . LBRACKET element_list RBRACKET optional_semicolon
    (93) expression -> . IDENT LBRACKET expression RBRACKET
    (107) expression -> . expression DOT IDENT
    (44) literal -> . STR
    (45) literal -> . INT
    (46) literal -> . FLOAT
    (47) literal -> . TRUE
    (48) literal -> . FALSE
    (49) literal -> . CHAR
    (50) literal -> . IDENT

    IDENT           shift and go to state 85
    LPAREN          shift and go to state 20
    LBRACE          shift and go to state 21
    NOT             shift and go to state 23
    SUB             shift and go to state 22
    LBRACKET        shift and go to state 24
    STR             shift and go to state 39
    INT             shift and go to state 28
    FLOAT           shift and go to state 40
    TRUE            shift and go to state 41
    FALSE           shift and go to state 42
    CHAR            shift and go to state 43

    expression                     shift and go to state 117
    literal                        shift and go to state 18

state 71

    (59) expression -> expression XOR . expression
    (18) expression -> . literal
    (19) expression -> . IDENT
    (20) expression -> . LPAREN expression RPAREN
    (21) expression -> . LBRACE expression RBRACE
    (51) expression -> . expression ADD expression
    (52) expression -> . expression SUB expression
    (53) expression -> . expression MUL expression
    (54) expression -> . expression DIV expression
    (55) expression -> . expression MOD expression
    (56) expression -> . expression POW expression
    (57) expression -> . expression AND expression
    (58) expression -> . expression OR expression
    (59) expression -> . expression XOR expression
    (60) expression -> . expression NE expression
    (61) expression -> . expression EQ expression
    (62) expression -> . expression GT expression
    (63) expression -> . expression LT expression
    (64) expression -> . expression GE expression
    (65) expression -> . expression LE expression
    (66) expression -> . NOT expression
    (67) expression -> . SUB expression
    (92) expression -> . LBRACKET element_list RBRACKET optional_semicolon
    (93) expression -> . IDENT LBRACKET expression RBRACKET
    (107) expression -> . expression DOT IDENT
    (44) literal -> . STR
    (45) literal -> . INT
    (46) literal -> . FLOAT
    (47) literal -> . TRUE
    (48) literal -> . FALSE
    (49) literal -> . CHAR
    (50) literal -> . IDENT

    IDENT           shift and go to state 85
    LPAREN          shift and go to state 20
    LBRACE          shift and go to state 21
    NOT             shift and go to state 23
    SUB             shift and go to state 22
    LBRACKET        shift and go to state 24
    STR             shift and go to state 39
    INT             shift and go to state 28
    FLOAT           shift and go to state 40
    TRUE            shift and go to state 41
    FALSE           shift and go to state 42
    CHAR            shift and go to state 43

    expression                     shift and go to state 118
    literal                        shift and go to state 18

state 72

    (60) expression -> expression NE . expression
    (18) expression -> . literal
    (19) expression -> . IDENT
    (20) expression -> . LPAREN expression RPAREN
    (21) expression -> . LBRACE expression RBRACE
    (51) expression -> . expression ADD expression
    (52) expression -> . expression SUB expression
    (53) expression -> . expression MUL expression
    (54) expression -> . expression DIV expression
    (55) expression -> . expression MOD expression
    (56) expression -> . expression POW expression
    (57) expression -> . expression AND expression
    (58) expression -> . expression OR expression
    (59) expression -> . expression XOR expression
    (60) expression -> . expression NE expression
    (61) expression -> . expression EQ expression
    (62) expression -> . expression GT expression
    (63) expression -> . expression LT expression
    (64) expression -> . expression GE expression
    (65) expression -> . expression LE expression
    (66) expression -> . NOT expression
    (67) expression -> . SUB expression
    (92) expression -> . LBRACKET element_list RBRACKET optional_semicolon
    (93) expression -> . IDENT LBRACKET expression RBRACKET
    (107) expression -> . expression DOT IDENT
    (44) literal -> . STR
    (45) literal -> . INT
    (46) literal -> . FLOAT
    (47) literal -> . TRUE
    (48) literal -> . FALSE
    (49) literal -> . CHAR
    (50) literal -> . IDENT

    IDENT           shift and go to state 85
    LPAREN          shift and go to state 20
    LBRACE          shift and go to state 21
    NOT             shift and go to state 23
    SUB             shift and go to state 22
    LBRACKET        shift and go to state 24
    STR             shift and go to state 39
    INT             shift and go to state 28
    FLOAT           shift and go to state 40
    TRUE            shift and go to state 41
    FALSE           shift and go to state 42
    CHAR            shift and go to state 43

    expression                     shift and go to state 119
    literal                        shift and go to state 18

state 73

    (61) expression -> expression EQ . expression
    (18) expression -> . literal
    (19) expression -> . IDENT
    (20) expression -> . LPAREN expression RPAREN
    (21) expression -> . LBRACE expression RBRACE
    (51) expression -> . expression ADD expression
    (52) expression -> . expression SUB expression
    (53) expression -> . expression MUL expression
    (54) expression -> . expression DIV expression
    (55) expression -> . expression MOD expression
    (56) expression -> . expression POW expression
    (57) expression -> . expression AND expression
    (58) expression -> . expression OR expression
    (59) expression -> . expression XOR expression
    (60) expression -> . expression NE expression
    (61) expression -> . expression EQ expression
    (62) expression -> . expression GT expression
    (63) expression -> . expression LT expression
    (64) expression -> . expression GE expression
    (65) expression -> . expression LE expression
    (66) expression -> . NOT expression
    (67) expression -> . SUB expression
    (92) expression -> . LBRACKET element_list RBRACKET optional_semicolon
    (93) expression -> . IDENT LBRACKET expression RBRACKET
    (107) expression -> . expression DOT IDENT
    (44) literal -> . STR
    (45) literal -> . INT
    (46) literal -> . FLOAT
    (47) literal -> . TRUE
    (48) literal -> . FALSE
    (49) literal -> . CHAR
    (50) literal -> . IDENT

    IDENT           shift and go to state 85
    LPAREN          shift and go to state 20
    LBRACE          shift and go to state 21
    NOT             shift and go to state 23
    SUB             shift and go to state 22
    LBRACKET        shift and go to state 24
    STR             shift and go to state 39
    INT             shift and go to state 28
    FLOAT           shift and go to state 40
    TRUE            shift and go to state 41
    FALSE           shift and go to state 42
    CHAR            shift and go to state 43

    expression                     shift and go to state 120
    literal                        shift and go to state 18

state 74

    (62) expression -> expression GT . expression
    (18) expression -> . literal
    (19) expression -> . IDENT
    (20) expression -> . LPAREN expression RPAREN
    (21) expression -> . LBRACE expression RBRACE
    (51) expression -> . expression ADD expression
    (52) expression -> . expression SUB expression
    (53) expression -> . expression MUL expression
    (54) expression -> . expression DIV expression
    (55) expression -> . expression MOD expression
    (56) expression -> . expression POW expression
    (57) expression -> . expression AND expression
    (58) expression -> . expression OR expression
    (59) expression -> . expression XOR expression
    (60) expression -> . expression NE expression
    (61) expression -> . expression EQ expression
    (62) expression -> . expression GT expression
    (63) expression -> . expression LT expression
    (64) expression -> . expression GE expression
    (65) expression -> . expression LE expression
    (66) expression -> . NOT expression
    (67) expression -> . SUB expression
    (92) expression -> . LBRACKET element_list RBRACKET optional_semicolon
    (93) expression -> . IDENT LBRACKET expression RBRACKET
    (107) expression -> . expression DOT IDENT
    (44) literal -> . STR
    (45) literal -> . INT
    (46) literal -> . FLOAT
    (47) literal -> . TRUE
    (48) literal -> . FALSE
    (49) literal -> . CHAR
    (50) literal -> . IDENT

    IDENT           shift and go to state 85
    LPAREN          shift and go to state 20
    LBRACE          shift and go to state 21
    NOT             shift and go to state 23
    SUB             shift and go to state 22
    LBRACKET        shift and go to state 24
    STR             shift and go to state 39
    INT             shift and go to state 28
    FLOAT           shift and go to state 40
    TRUE            shift and go to state 41
    FALSE           shift and go to state 42
    CHAR            shift and go to state 43

    expression                     shift and go to state 121
    literal                        shift and go to state 18

state 75

    (63) expression -> expression LT . expression
    (18) expression -> . literal
    (19) expression -> . IDENT
    (20) expression -> . LPAREN expression RPAREN
    (21) expression -> . LBRACE expression RBRACE
    (51) expression -> . expression ADD expression
    (52) expression -> . expression SUB expression
    (53) expression -> . expression MUL expression
    (54) expression -> . expression DIV expression
    (55) expression -> . expression MOD expression
    (56) expression -> . expression POW expression
    (57) expression -> . expression AND expression
    (58) expression -> . expression OR expression
    (59) expression -> . expression XOR expression
    (60) expression -> . expression NE expression
    (61) expression -> . expression EQ expression
    (62) expression -> . expression GT expression
    (63) expression -> . expression LT expression
    (64) expression -> . expression GE expression
    (65) expression -> . expression LE expression
    (66) expression -> . NOT expression
    (67) expression -> . SUB expression
    (92) expression -> . LBRACKET element_list RBRACKET optional_semicolon
    (93) expression -> . IDENT LBRACKET expression RBRACKET
    (107) expression -> . expression DOT IDENT
    (44) literal -> . STR
    (45) literal -> . INT
    (46) literal -> . FLOAT
    (47) literal -> . TRUE
    (48) literal -> . FALSE
    (49) literal -> . CHAR
    (50) literal -> . IDENT

    IDENT           shift and go to state 85
    LPAREN          shift and go to state 20
    LBRACE          shift and go to state 21
    NOT             shift and go to state 23
    SUB             shift and go to state 22
    LBRACKET        shift and go to state 24
    STR             shift and go to state 39
    INT             shift and go to state 28
    FLOAT           shift and go to state 40
    TRUE            shift and go to state 41
    FALSE           shift and go to state 42
    CHAR            shift and go to state 43

    expression                     shift and go to state 122
    literal                        shift and go to state 18

state 76

    (64) expression -> expression GE . expression
    (18) expression -> . literal
    (19) expression -> . IDENT
    (20) expression -> . LPAREN expression RPAREN
    (21) expression -> . LBRACE expression RBRACE
    (51) expression -> . expression ADD expression
    (52) expression -> . expression SUB expression
    (53) expression -> . expression MUL expression
    (54) expression -> . expression DIV expression
    (55) expression -> . expression MOD expression
    (56) expression -> . expression POW expression
    (57) expression -> . expression AND expression
    (58) expression -> . expression OR expression
    (59) expression -> . expression XOR expression
    (60) expression -> . expression NE expression
    (61) expression -> . expression EQ expression
    (62) expression -> . expression GT expression
    (63) expression -> . expression LT expression
    (64) expression -> . expression GE expression
    (65) expression -> . expression LE expression
    (66) expression -> . NOT expression
    (67) expression -> . SUB expression
    (92) expression -> . LBRACKET element_list RBRACKET optional_semicolon
    (93) expression -> . IDENT LBRACKET expression RBRACKET
    (107) expression -> . expression DOT IDENT
    (44) literal -> . STR
    (45) literal -> . INT
    (46) literal -> . FLOAT
    (47) literal -> . TRUE
    (48) literal -> . FALSE
    (49) literal -> . CHAR
    (50) literal -> . IDENT

    IDENT           shift and go to state 85
    LPAREN          shift and go to state 20
    LBRACE          shift and go to state 21
    NOT             shift and go to state 23
    SUB             shift and go to state 22
    LBRACKET        shift and go to state 24
    STR             shift and go to state 39
    INT             shift and go to state 28
    FLOAT           shift and go to state 40
    TRUE            shift and go to state 41
    FALSE           shift and go to state 42
    CHAR            shift and go to state 43

    expression                     shift and go to state 123
    literal                        shift and go to state 18

state 77

    (65) expression -> expression LE . expression
    (18) expression -> . literal
    (19) expression -> . IDENT
    (20) expression -> . LPAREN expression RPAREN
    (21) expression -> . LBRACE expression RBRACE
    (51) expression -> . expression ADD expression
    (52) expression -> . expression SUB expression
    (53) expression -> . expression MUL expression
    (54) expression -> . expression DIV expression
    (55) expression -> . expression MOD expression
    (56) expression -> . expression POW expression
    (57) expression -> . expression AND expression
    (58) expression -> . expression OR expression
    (59) expression -> . expression XOR expression
    (60) expression -> . expression NE expression
    (61) expression -> . expression EQ expression
    (62) expression -> . expression GT expression
    (63) expression -> . expression LT expression
    (64) expression -> . expression GE expression
    (65) expression -> . expression LE expression
    (66) expression -> . NOT expression
    (67) expression -> . SUB expression
    (92) expression -> . LBRACKET element_list RBRACKET optional_semicolon
    (93) expression -> . IDENT LBRACKET expression RBRACKET
    (107) expression -> . expression DOT IDENT
    (44) literal -> . STR
    (45) literal -> . INT
    (46) literal -> . FLOAT
    (47) literal -> . TRUE
    (48) literal -> . FALSE
    (49) literal -> . CHAR
    (50) literal -> . IDENT

    IDENT           shift and go to state 85
    LPAREN          shift and go to state 20
    LBRACE          shift and go to state 21
    NOT             shift and go to state 23
    SUB             shift and go to state 22
    LBRACKET        shift and go to state 24
    STR             shift and go to state 39
    INT             shift and go to state 28
    FLOAT           shift and go to state 40
    TRUE            shift and go to state 41
    FALSE           shift and go to state 42
    CHAR            shift and go to state 43

    expression                     shift and go to state 124
    literal                        shift and go to state 18

state 78

    (107) expression -> expression DOT . IDENT

    IDENT           shift and go to state 125


state 79

    (108) optional_semicolon -> SEMICOLON .

    IDENT           reduce using rule 108 (optional_semicolon -> SEMICOLON .)
    LPAREN          reduce using rule 108 (optional_semicolon -> SEMICOLON .)
    LBRACE          reduce using rule 108 (optional_semicolon -> SEMICOLON .)
    NOT             reduce using rule 108 (optional_semicolon -> SEMICOLON .)
    SUB             reduce using rule 108 (optional_semicolon -> SEMICOLON .)
    LBRACKET        reduce using rule 108 (optional_semicolon -> SEMICOLON .)
    SET             reduce using rule 108 (optional_semicolon -> SEMICOLON .)
    VAR             reduce using rule 108 (optional_semicolon -> SEMICOLON .)
    IF              reduce using rule 108 (optional_semicolon -> SEMICOLON .)
    WHILE           reduce using rule 108 (optional_semicolon -> SEMICOLON .)
    FOR             reduce using rule 108 (optional_semicolon -> SEMICOLON .)
    PROCEDURE       reduce using rule 108 (optional_semicolon -> SEMICOLON .)
    BREAK           reduce using rule 108 (optional_semicolon -> SEMICOLON .)
    CONTINUE        reduce using rule 108 (optional_semicolon -> SEMICOLON .)
    RETURN          reduce using rule 108 (optional_semicolon -> SEMICOLON .)
    SCAN            reduce using rule 108 (optional_semicolon -> SEMICOLON .)
    ONSCREEN        reduce using rule 108 (optional_semicolon -> SEMICOLON .)
    PASS            reduce using rule 108 (optional_semicolon -> SEMICOLON .)
    STR             reduce using rule 108 (optional_semicolon -> SEMICOLON .)
    INT             reduce using rule 108 (optional_semicolon -> SEMICOLON .)
    FLOAT           reduce using rule 108 (optional_semicolon -> SEMICOLON .)
    TRUE            reduce using rule 108 (optional_semicolon -> SEMICOLON .)
    FALSE           reduce using rule 108 (optional_semicolon -> SEMICOLON .)
    CHAR            reduce using rule 108 (optional_semicolon -> SEMICOLON .)
    I8              reduce using rule 108 (optional_semicolon -> SEMICOLON .)
    I16             reduce using rule 108 (optional_semicolon -> SEMICOLON .)
    I32             reduce using rule 108 (optional_semicolon -> SEMICOLON .)
    I64             reduce using rule 108 (optional_semicolon -> SEMICOLON .)
    U8              reduce using rule 108 (optional_semicolon -> SEMICOLON .)
    U16             reduce using rule 108 (optional_semicolon -> SEMICOLON .)
    U32             reduce using rule 108 (optional_semicolon -> SEMICOLON .)
    U64             reduce using rule 108 (optional_semicolon -> SEMICOLON .)
    F32             reduce using rule 108 (optional_semicolon -> SEMICOLON .)
    F64             reduce using rule 108 (optional_semicolon -> SEMICOLON .)
    USIZE           reduce using rule 108 (optional_semicolon -> SEMICOLON .)
    ISIZE           reduce using rule 108 (optional_semicolon -> SEMICOLON .)
    STR_TYPE        reduce using rule 108 (optional_semicolon -> SEMICOLON .)
    BOOL_TYPE       reduce using rule 108 (optional_semicolon -> SEMICOLON .)
    INT_TYPE        reduce using rule 108 (optional_semicolon -> SEMICOLON .)
    CHAR_TYPE       reduce using rule 108 (optional_semicolon -> SEMICOLON .)
    VOID            reduce using rule 108 (optional_semicolon -> SEMICOLON .)
    $end            reduce using rule 108 (optional_semicolon -> SEMICOLON .)
    RBRACE          reduce using rule 108 (optional_semicolon -> SEMICOLON .)
    ADD             reduce using rule 108 (optional_semicolon -> SEMICOLON .)
    MUL             reduce using rule 108 (optional_semicolon -> SEMICOLON .)
    DIV             reduce using rule 108 (optional_semicolon -> SEMICOLON .)
    MOD             reduce using rule 108 (optional_semicolon -> SEMICOLON .)
    POW             reduce using rule 108 (optional_semicolon -> SEMICOLON .)
    AND             reduce using rule 108 (optional_semicolon -> SEMICOLON .)
    OR              reduce using rule 108 (optional_semicolon -> SEMICOLON .)
    XOR             reduce using rule 108 (optional_semicolon -> SEMICOLON .)
    NE              reduce using rule 108 (optional_semicolon -> SEMICOLON .)
    EQ              reduce using rule 108 (optional_semicolon -> SEMICOLON .)
    GT              reduce using rule 108 (optional_semicolon -> SEMICOLON .)
    LT              reduce using rule 108 (optional_semicolon -> SEMICOLON .)
    GE              reduce using rule 108 (optional_semicolon -> SEMICOLON .)
    LE              reduce using rule 108 (optional_semicolon -> SEMICOLON .)
    DOT             reduce using rule 108 (optional_semicolon -> SEMICOLON .)
    SEMICOLON       reduce using rule 108 (optional_semicolon -> SEMICOLON .)
    RPAREN          reduce using rule 108 (optional_semicolon -> SEMICOLON .)
    RBRACKET        reduce using rule 108 (optional_semicolon -> SEMICOLON .)
    COMMA           reduce using rule 108 (optional_semicolon -> SEMICOLON .)
    ASSIGN          reduce using rule 108 (optional_semicolon -> SEMICOLON .)
    IN              reduce using rule 108 (optional_semicolon -> SEMICOLON .)


state 80

    (109) optional_semicolon -> empty .

    IDENT           reduce using rule 109 (optional_semicolon -> empty .)
    LPAREN          reduce using rule 109 (optional_semicolon -> empty .)
    LBRACE          reduce using rule 109 (optional_semicolon -> empty .)
    NOT             reduce using rule 109 (optional_semicolon -> empty .)
    SUB             reduce using rule 109 (optional_semicolon -> empty .)
    LBRACKET        reduce using rule 109 (optional_semicolon -> empty .)
    SET             reduce using rule 109 (optional_semicolon -> empty .)
    VAR             reduce using rule 109 (optional_semicolon -> empty .)
    IF              reduce using rule 109 (optional_semicolon -> empty .)
    WHILE           reduce using rule 109 (optional_semicolon -> empty .)
    FOR             reduce using rule 109 (optional_semicolon -> empty .)
    PROCEDURE       reduce using rule 109 (optional_semicolon -> empty .)
    BREAK           reduce using rule 109 (optional_semicolon -> empty .)
    CONTINUE        reduce using rule 109 (optional_semicolon -> empty .)
    RETURN          reduce using rule 109 (optional_semicolon -> empty .)
    SCAN            reduce using rule 109 (optional_semicolon -> empty .)
    ONSCREEN        reduce using rule 109 (optional_semicolon -> empty .)
    PASS            reduce using rule 109 (optional_semicolon -> empty .)
    STR             reduce using rule 109 (optional_semicolon -> empty .)
    INT             reduce using rule 109 (optional_semicolon -> empty .)
    FLOAT           reduce using rule 109 (optional_semicolon -> empty .)
    TRUE            reduce using rule 109 (optional_semicolon -> empty .)
    FALSE           reduce using rule 109 (optional_semicolon -> empty .)
    CHAR            reduce using rule 109 (optional_semicolon -> empty .)
    I8              reduce using rule 109 (optional_semicolon -> empty .)
    I16             reduce using rule 109 (optional_semicolon -> empty .)
    I32             reduce using rule 109 (optional_semicolon -> empty .)
    I64             reduce using rule 109 (optional_semicolon -> empty .)
    U8              reduce using rule 109 (optional_semicolon -> empty .)
    U16             reduce using rule 109 (optional_semicolon -> empty .)
    U32             reduce using rule 109 (optional_semicolon -> empty .)
    U64             reduce using rule 109 (optional_semicolon -> empty .)
    F32             reduce using rule 109 (optional_semicolon -> empty .)
    F64             reduce using rule 109 (optional_semicolon -> empty .)
    USIZE           reduce using rule 109 (optional_semicolon -> empty .)
    ISIZE           reduce using rule 109 (optional_semicolon -> empty .)
    STR_TYPE        reduce using rule 109 (optional_semicolon -> empty .)
    BOOL_TYPE       reduce using rule 109 (optional_semicolon -> empty .)
    INT_TYPE        reduce using rule 109 (optional_semicolon -> empty .)
    CHAR_TYPE       reduce using rule 109 (optional_semicolon -> empty .)
    VOID            reduce using rule 109 (optional_semicolon -> empty .)
    $end            reduce using rule 109 (optional_semicolon -> empty .)
    RBRACE          reduce using rule 109 (optional_semicolon -> empty .)
    ADD             reduce using rule 109 (optional_semicolon -> empty .)
    MUL             reduce using rule 109 (optional_semicolon -> empty .)
    DIV             reduce using rule 109 (optional_semicolon -> empty .)
    MOD             reduce using rule 109 (optional_semicolon -> empty .)
    POW             reduce using rule 109 (optional_semicolon -> empty .)
    AND             reduce using rule 109 (optional_semicolon -> empty .)
    OR              reduce using rule 109 (optional_semicolon -> empty .)
    XOR             reduce using rule 109 (optional_semicolon -> empty .)
    NE              reduce using rule 109 (optional_semicolon -> empty .)
    EQ              reduce using rule 109 (optional_semicolon -> empty .)
    GT              reduce using rule 109 (optional_semicolon -> empty .)
    LT              reduce using rule 109 (optional_semicolon -> empty .)
    GE              reduce using rule 109 (optional_semicolon -> empty .)
    LE              reduce using rule 109 (optional_semicolon -> empty .)
    DOT             reduce using rule 109 (optional_semicolon -> empty .)
    SEMICOLON       reduce using rule 109 (optional_semicolon -> empty .)
    RPAREN          reduce using rule 109 (optional_semicolon -> empty .)
    RBRACKET        reduce using rule 109 (optional_semicolon -> empty .)
    COMMA           reduce using rule 109 (optional_semicolon -> empty .)
    ASSIGN          reduce using rule 109 (optional_semicolon -> empty .)
    IN              reduce using rule 109 (optional_semicolon -> empty .)


state 81

    (3) statement -> assign_stmt optional_semicolon .

    IDENT           reduce using rule 3 (statement -> assign_stmt optional_semicolon .)
    LPAREN          reduce using rule 3 (statement -> assign_stmt optional_semicolon .)
    LBRACE          reduce using rule 3 (statement -> assign_stmt optional_semicolon .)
    NOT             reduce using rule 3 (statement -> assign_stmt optional_semicolon .)
    SUB             reduce using rule 3 (statement -> assign_stmt optional_semicolon .)
    LBRACKET        reduce using rule 3 (statement -> assign_stmt optional_semicolon .)
    SET             reduce using rule 3 (statement -> assign_stmt optional_semicolon .)
    VAR             reduce using rule 3 (statement -> assign_stmt optional_semicolon .)
    IF              reduce using rule 3 (statement -> assign_stmt optional_semicolon .)
    WHILE           reduce using rule 3 (statement -> assign_stmt optional_semicolon .)
    FOR             reduce using rule 3 (statement -> assign_stmt optional_semicolon .)
    PROCEDURE       reduce using rule 3 (statement -> assign_stmt optional_semicolon .)
    BREAK           reduce using rule 3 (statement -> assign_stmt optional_semicolon .)
    CONTINUE        reduce using rule 3 (statement -> assign_stmt optional_semicolon .)
    RETURN          reduce using rule 3 (statement -> assign_stmt optional_semicolon .)
    SCAN            reduce using rule 3 (statement -> assign_stmt optional_semicolon .)
    ONSCREEN        reduce using rule 3 (statement -> assign_stmt optional_semicolon .)
    PASS            reduce using rule 3 (statement -> assign_stmt optional_semicolon .)
    STR             reduce using rule 3 (statement -> assign_stmt optional_semicolon .)
    INT             reduce using rule 3 (statement -> assign_stmt optional_semicolon .)
    FLOAT           reduce using rule 3 (statement -> assign_stmt optional_semicolon .)
    TRUE            reduce using rule 3 (statement -> assign_stmt optional_semicolon .)
    FALSE           reduce using rule 3 (statement -> assign_stmt optional_semicolon .)
    CHAR            reduce using rule 3 (statement -> assign_stmt optional_semicolon .)
    I8              reduce using rule 3 (statement -> assign_stmt optional_semicolon .)
    I16             reduce using rule 3 (statement -> assign_stmt optional_semicolon .)
    I32             reduce using rule 3 (statement -> assign_stmt optional_semicolon .)
    I64             reduce using rule 3 (statement -> assign_stmt optional_semicolon .)
    U8              reduce using rule 3 (statement -> assign_stmt optional_semicolon .)
    U16             reduce using rule 3 (statement -> assign_stmt optional_semicolon .)
    U32             reduce using rule 3 (statement -> assign_stmt optional_semicolon .)
    U64             reduce using rule 3 (statement -> assign_stmt optional_semicolon .)
    F32             reduce using rule 3 (statement -> assign_stmt optional_semicolon .)
    F64             reduce using rule 3 (statement -> assign_stmt optional_semicolon .)
    USIZE           reduce using rule 3 (statement -> assign_stmt optional_semicolon .)
    ISIZE           reduce using rule 3 (statement -> assign_stmt optional_semicolon .)
    STR_TYPE        reduce using rule 3 (statement -> assign_stmt optional_semicolon .)
    BOOL_TYPE       reduce using rule 3 (statement -> assign_stmt optional_semicolon .)
    INT_TYPE        reduce using rule 3 (statement -> assign_stmt optional_semicolon .)
    CHAR_TYPE       reduce using rule 3 (statement -> assign_stmt optional_semicolon .)
    VOID            reduce using rule 3 (statement -> assign_stmt optional_semicolon .)
    $end            reduce using rule 3 (statement -> assign_stmt optional_semicolon .)
    RBRACE          reduce using rule 3 (statement -> assign_stmt optional_semicolon .)


state 82

    (93) expression -> IDENT LBRACKET . expression RBRACKET
    (18) expression -> . literal
    (19) expression -> . IDENT
    (20) expression -> . LPAREN expression RPAREN
    (21) expression -> . LBRACE expression RBRACE
    (51) expression -> . expression ADD expression
    (52) expression -> . expression SUB expression
    (53) expression -> . expression MUL expression
    (54) expression -> . expression DIV expression
    (55) expression -> . expression MOD expression
    (56) expression -> . expression POW expression
    (57) expression -> . expression AND expression
    (58) expression -> . expression OR expression
    (59) expression -> . expression XOR expression
    (60) expression -> . expression NE expression
    (61) expression -> . expression EQ expression
    (62) expression -> . expression GT expression
    (63) expression -> . expression LT expression
    (64) expression -> . expression GE expression
    (65) expression -> . expression LE expression
    (66) expression -> . NOT expression
    (67) expression -> . SUB expression
    (92) expression -> . LBRACKET element_list RBRACKET optional_semicolon
    (93) expression -> . IDENT LBRACKET expression RBRACKET
    (107) expression -> . expression DOT IDENT
    (44) literal -> . STR
    (45) literal -> . INT
    (46) literal -> . FLOAT
    (47) literal -> . TRUE
    (48) literal -> . FALSE
    (49) literal -> . CHAR
    (50) literal -> . IDENT

    IDENT           shift and go to state 85
    LPAREN          shift and go to state 20
    LBRACE          shift and go to state 21
    NOT             shift and go to state 23
    SUB             shift and go to state 22
    LBRACKET        shift and go to state 24
    STR             shift and go to state 39
    INT             shift and go to state 28
    FLOAT           shift and go to state 40
    TRUE            shift and go to state 41
    FALSE           shift and go to state 42
    CHAR            shift and go to state 43

    expression                     shift and go to state 126
    literal                        shift and go to state 18

state 83

    (99) call_stmt -> IDENT LPAREN . argument_list RPAREN optional_semicolon
    (96) argument_list -> . argument
    (97) argument_list -> . argument_list COMMA argument
    (98) argument_list -> . empty
    (94) argument -> . IDENT
    (95) argument -> . IDENT ASSIGN expression
    (110) empty -> .

    IDENT           shift and go to state 127
    RPAREN          reduce using rule 110 (empty -> .)
    COMMA           reduce using rule 110 (empty -> .)

    argument_list                  shift and go to state 128
    argument                       shift and go to state 129
    empty                          shift and go to state 130

state 84

    (20) expression -> LPAREN expression . RPAREN
    (51) expression -> expression . ADD expression
    (52) expression -> expression . SUB expression
    (53) expression -> expression . MUL expression
    (54) expression -> expression . DIV expression
    (55) expression -> expression . MOD expression
    (56) expression -> expression . POW expression
    (57) expression -> expression . AND expression
    (58) expression -> expression . OR expression
    (59) expression -> expression . XOR expression
    (60) expression -> expression . NE expression
    (61) expression -> expression . EQ expression
    (62) expression -> expression . GT expression
    (63) expression -> expression . LT expression
    (64) expression -> expression . GE expression
    (65) expression -> expression . LE expression
    (107) expression -> expression . DOT IDENT

    RPAREN          shift and go to state 131
    ADD             shift and go to state 63
    SUB             shift and go to state 64
    MUL             shift and go to state 65
    DIV             shift and go to state 66
    MOD             shift and go to state 67
    POW             shift and go to state 68
    AND             shift and go to state 69
    OR              shift and go to state 70
    XOR             shift and go to state 71
    NE              shift and go to state 72
    EQ              shift and go to state 73
    GT              shift and go to state 74
    LT              shift and go to state 75
    GE              shift and go to state 76
    LE              shift and go to state 77
    DOT             shift and go to state 78


state 85

    (19) expression -> IDENT .
    (93) expression -> IDENT . LBRACKET expression RBRACKET
    (50) literal -> IDENT .

  ! shift/reduce conflict for LBRACKET resolved as shift
  ! reduce/reduce conflict for RPAREN resolved using rule 19 (expression -> IDENT .)
  ! reduce/reduce conflict for ADD resolved using rule 19 (expression -> IDENT .)
  ! reduce/reduce conflict for SUB resolved using rule 19 (expression -> IDENT .)
  ! reduce/reduce conflict for MUL resolved using rule 19 (expression -> IDENT .)
  ! reduce/reduce conflict for DIV resolved using rule 19 (expression -> IDENT .)
  ! reduce/reduce conflict for MOD resolved using rule 19 (expression -> IDENT .)
  ! reduce/reduce conflict for POW resolved using rule 19 (expression -> IDENT .)
  ! reduce/reduce conflict for AND resolved using rule 19 (expression -> IDENT .)
  ! reduce/reduce conflict for OR resolved using rule 19 (expression -> IDENT .)
  ! reduce/reduce conflict for XOR resolved using rule 19 (expression -> IDENT .)
  ! reduce/reduce conflict for NE resolved using rule 19 (expression -> IDENT .)
  ! reduce/reduce conflict for EQ resolved using rule 19 (expression -> IDENT .)
  ! reduce/reduce conflict for GT resolved using rule 19 (expression -> IDENT .)
  ! reduce/reduce conflict for LT resolved using rule 19 (expression -> IDENT .)
  ! reduce/reduce conflict for GE resolved using rule 19 (expression -> IDENT .)
  ! reduce/reduce conflict for LE resolved using rule 19 (expression -> IDENT .)
  ! reduce/reduce conflict for DOT resolved using rule 19 (expression -> IDENT .)
  ! reduce/reduce conflict for RBRACE resolved using rule 19 (expression -> IDENT .)
  ! reduce/reduce conflict for SEMICOLON resolved using rule 19 (expression -> IDENT .)
  ! reduce/reduce conflict for IDENT resolved using rule 19 (expression -> IDENT .)
  ! reduce/reduce conflict for LPAREN resolved using rule 19 (expression -> IDENT .)
  ! reduce/reduce conflict for LBRACE resolved using rule 19 (expression -> IDENT .)
  ! reduce/reduce conflict for NOT resolved using rule 19 (expression -> IDENT .)
  ! shift/reduce conflict for LBRACKET resolved as shift
  ! reduce/reduce conflict for SET resolved using rule 19 (expression -> IDENT .)
  ! reduce/reduce conflict for VAR resolved using rule 19 (expression -> IDENT .)
  ! reduce/reduce conflict for IF resolved using rule 19 (expression -> IDENT .)
  ! reduce/reduce conflict for WHILE resolved using rule 19 (expression -> IDENT .)
  ! reduce/reduce conflict for FOR resolved using rule 19 (expression -> IDENT .)
  ! reduce/reduce conflict for PROCEDURE resolved using rule 19 (expression -> IDENT .)
  ! reduce/reduce conflict for BREAK resolved using rule 19 (expression -> IDENT .)
  ! reduce/reduce conflict for CONTINUE resolved using rule 19 (expression -> IDENT .)
  ! reduce/reduce conflict for RETURN resolved using rule 19 (expression -> IDENT .)
  ! reduce/reduce conflict for SCAN resolved using rule 19 (expression -> IDENT .)
  ! reduce/reduce conflict for ONSCREEN resolved using rule 19 (expression -> IDENT .)
  ! reduce/reduce conflict for PASS resolved using rule 19 (expression -> IDENT .)
  ! reduce/reduce conflict for STR resolved using rule 19 (expression -> IDENT .)
  ! reduce/reduce conflict for INT resolved using rule 19 (expression -> IDENT .)
  ! reduce/reduce conflict for FLOAT resolved using rule 19 (expression -> IDENT .)
  ! reduce/reduce conflict for TRUE resolved using rule 19 (expression -> IDENT .)
  ! reduce/reduce conflict for FALSE resolved using rule 19 (expression -> IDENT .)
  ! reduce/reduce conflict for CHAR resolved using rule 19 (expression -> IDENT .)
  ! reduce/reduce conflict for I8 resolved using rule 19 (expression -> IDENT .)
  ! reduce/reduce conflict for I16 resolved using rule 19 (expression -> IDENT .)
  ! reduce/reduce conflict for I32 resolved using rule 19 (expression -> IDENT .)
  ! reduce/reduce conflict for I64 resolved using rule 19 (expression -> IDENT .)
  ! reduce/reduce conflict for U8 resolved using rule 19 (expression -> IDENT .)
  ! reduce/reduce conflict for U16 resolved using rule 19 (expression -> IDENT .)
  ! reduce/reduce conflict for U32 resolved using rule 19 (expression -> IDENT .)
  ! reduce/reduce conflict for U64 resolved using rule 19 (expression -> IDENT .)
  ! reduce/reduce conflict for F32 resolved using rule 19 (expression -> IDENT .)
  ! reduce/reduce conflict for F64 resolved using rule 19 (expression -> IDENT .)
  ! reduce/reduce conflict for USIZE resolved using rule 19 (expression -> IDENT .)
  ! reduce/reduce conflict for ISIZE resolved using rule 19 (expression -> IDENT .)
  ! reduce/reduce conflict for STR_TYPE resolved using rule 19 (expression -> IDENT .)
  ! reduce/reduce conflict for BOOL_TYPE resolved using rule 19 (expression -> IDENT .)
  ! reduce/reduce conflict for INT_TYPE resolved using rule 19 (expression -> IDENT .)
  ! reduce/reduce conflict for CHAR_TYPE resolved using rule 19 (expression -> IDENT .)
  ! reduce/reduce conflict for VOID resolved using rule 19 (expression -> IDENT .)
  ! reduce/reduce conflict for $end resolved using rule 19 (expression -> IDENT .)
  ! reduce/reduce conflict for RBRACKET resolved using rule 19 (expression -> IDENT .)
  ! reduce/reduce conflict for COMMA resolved using rule 19 (expression -> IDENT .)
  ! reduce/reduce conflict for ASSIGN resolved using rule 19 (expression -> IDENT .)
  ! reduce/reduce conflict for IN resolved using rule 19 (expression -> IDENT .)
    RPAREN          reduce using rule 19 (expression -> IDENT .)
    ADD             reduce using rule 19 (expression -> IDENT .)
    SUB             reduce using rule 19 (expression -> IDENT .)
    MUL             reduce using rule 19 (expression -> IDENT .)
    DIV             reduce using rule 19 (expression -> IDENT .)
    MOD             reduce using rule 19 (expression -> IDENT .)
    POW             reduce using rule 19 (expression -> IDENT .)
    AND             reduce using rule 19 (expression -> IDENT .)
    OR              reduce using rule 19 (expression -> IDENT .)
    XOR             reduce using rule 19 (expression -> IDENT .)
    NE              reduce using rule 19 (expression -> IDENT .)
    EQ              reduce using rule 19 (expression -> IDENT .)
    GT              reduce using rule 19 (expression -> IDENT .)
    LT              reduce using rule 19 (expression -> IDENT .)
    GE              reduce using rule 19 (expression -> IDENT .)
    LE              reduce using rule 19 (expression -> IDENT .)
    DOT             reduce using rule 19 (expression -> IDENT .)
    RBRACE          reduce using rule 19 (expression -> IDENT .)
    SEMICOLON       reduce using rule 19 (expression -> IDENT .)
    IDENT           reduce using rule 19 (expression -> IDENT .)
    LPAREN          reduce using rule 19 (expression -> IDENT .)
    LBRACE          reduce using rule 19 (expression -> IDENT .)
    NOT             reduce using rule 19 (expression -> IDENT .)
    SET             reduce using rule 19 (expression -> IDENT .)
    VAR             reduce using rule 19 (expression -> IDENT .)
    IF              reduce using rule 19 (expression -> IDENT .)
    WHILE           reduce using rule 19 (expression -> IDENT .)
    FOR             reduce using rule 19 (expression -> IDENT .)
    PROCEDURE       reduce using rule 19 (expression -> IDENT .)
    BREAK           reduce using rule 19 (expression -> IDENT .)
    CONTINUE        reduce using rule 19 (expression -> IDENT .)
    RETURN          reduce using rule 19 (expression -> IDENT .)
    SCAN            reduce using rule 19 (expression -> IDENT .)
    ONSCREEN        reduce using rule 19 (expression -> IDENT .)
    PASS            reduce using rule 19 (expression -> IDENT .)
    STR             reduce using rule 19 (expression -> IDENT .)
    INT             reduce using rule 19 (expression -> IDENT .)
    FLOAT           reduce using rule 19 (expression -> IDENT .)
    TRUE            reduce using rule 19 (expression -> IDENT .)
    FALSE           reduce using rule 19 (expression -> IDENT .)
    CHAR            reduce using rule 19 (expression -> IDENT .)
    I8              reduce using rule 19 (expression -> IDENT .)
    I16             reduce using rule 19 (expression -> IDENT .)
    I32             reduce using rule 19 (expression -> IDENT .)
    I64             reduce using rule 19 (expression -> IDENT .)
    U8              reduce using rule 19 (expression -> IDENT .)
    U16             reduce using rule 19 (expression -> IDENT .)
    U32             reduce using rule 19 (expression -> IDENT .)
    U64             reduce using rule 19 (expression -> IDENT .)
    F32             reduce using rule 19 (expression -> IDENT .)
    F64             reduce using rule 19 (expression -> IDENT .)
    USIZE           reduce using rule 19 (expression -> IDENT .)
    ISIZE           reduce using rule 19 (expression -> IDENT .)
    STR_TYPE        reduce using rule 19 (expression -> IDENT .)
    BOOL_TYPE       reduce using rule 19 (expression -> IDENT .)
    INT_TYPE        reduce using rule 19 (expression -> IDENT .)
    CHAR_TYPE       reduce using rule 19 (expression -> IDENT .)
    VOID            reduce using rule 19 (expression -> IDENT .)
    $end            reduce using rule 19 (expression -> IDENT .)
    RBRACKET        reduce using rule 19 (expression -> IDENT .)
    COMMA           reduce using rule 19 (expression -> IDENT .)
    ASSIGN          reduce using rule 19 (expression -> IDENT .)
    IN              reduce using rule 19 (expression -> IDENT .)
    LBRACKET        shift and go to state 82

  ! LBRACKET        [ reduce using rule 19 (expression -> IDENT .) ]
  ! RPAREN          [ reduce using rule 50 (literal -> IDENT .) ]
  ! ADD             [ reduce using rule 50 (literal -> IDENT .) ]
  ! SUB             [ reduce using rule 50 (literal -> IDENT .) ]
  ! MUL             [ reduce using rule 50 (literal -> IDENT .) ]
  ! DIV             [ reduce using rule 50 (literal -> IDENT .) ]
  ! MOD             [ reduce using rule 50 (literal -> IDENT .) ]
  ! POW             [ reduce using rule 50 (literal -> IDENT .) ]
  ! AND             [ reduce using rule 50 (literal -> IDENT .) ]
  ! OR              [ reduce using rule 50 (literal -> IDENT .) ]
  ! XOR             [ reduce using rule 50 (literal -> IDENT .) ]
  ! NE              [ reduce using rule 50 (literal -> IDENT .) ]
  ! EQ              [ reduce using rule 50 (literal -> IDENT .) ]
  ! GT              [ reduce using rule 50 (literal -> IDENT .) ]
  ! LT              [ reduce using rule 50 (literal -> IDENT .) ]
  ! GE              [ reduce using rule 50 (literal -> IDENT .) ]
  ! LE              [ reduce using rule 50 (literal -> IDENT .) ]
  ! DOT             [ reduce using rule 50 (literal -> IDENT .) ]
  ! RBRACE          [ reduce using rule 50 (literal -> IDENT .) ]
  ! SEMICOLON       [ reduce using rule 50 (literal -> IDENT .) ]
  ! IDENT           [ reduce using rule 50 (literal -> IDENT .) ]
  ! LPAREN          [ reduce using rule 50 (literal -> IDENT .) ]
  ! LBRACE          [ reduce using rule 50 (literal -> IDENT .) ]
  ! NOT             [ reduce using rule 50 (literal -> IDENT .) ]
  ! LBRACKET        [ reduce using rule 50 (literal -> IDENT .) ]
  ! SET             [ reduce using rule 50 (literal -> IDENT .) ]
  ! VAR             [ reduce using rule 50 (literal -> IDENT .) ]
  ! IF              [ reduce using rule 50 (literal -> IDENT .) ]
  ! WHILE           [ reduce using rule 50 (literal -> IDENT .) ]
  ! FOR             [ reduce using rule 50 (literal -> IDENT .) ]
  ! PROCEDURE       [ reduce using rule 50 (literal -> IDENT .) ]
  ! BREAK           [ reduce using rule 50 (literal -> IDENT .) ]
  ! CONTINUE        [ reduce using rule 50 (literal -> IDENT .) ]
  ! RETURN          [ reduce using rule 50 (literal -> IDENT .) ]
  ! SCAN            [ reduce using rule 50 (literal -> IDENT .) ]
  ! ONSCREEN        [ reduce using rule 50 (literal -> IDENT .) ]
  ! PASS            [ reduce using rule 50 (literal -> IDENT .) ]
  ! STR             [ reduce using rule 50 (literal -> IDENT .) ]
  ! INT             [ reduce using rule 50 (literal -> IDENT .) ]
  ! FLOAT           [ reduce using rule 50 (literal -> IDENT .) ]
  ! TRUE            [ reduce using rule 50 (literal -> IDENT .) ]
  ! FALSE           [ reduce using rule 50 (literal -> IDENT .) ]
  ! CHAR            [ reduce using rule 50 (literal -> IDENT .) ]
  ! I8              [ reduce using rule 50 (literal -> IDENT .) ]
  ! I16             [ reduce using rule 50 (literal -> IDENT .) ]
  ! I32             [ reduce using rule 50 (literal -> IDENT .) ]
  ! I64             [ reduce using rule 50 (literal -> IDENT .) ]
  ! U8              [ reduce using rule 50 (literal -> IDENT .) ]
  ! U16             [ reduce using rule 50 (literal -> IDENT .) ]
  ! U32             [ reduce using rule 50 (literal -> IDENT .) ]
  ! U64             [ reduce using rule 50 (literal -> IDENT .) ]
  ! F32             [ reduce using rule 50 (literal -> IDENT .) ]
  ! F64             [ reduce using rule 50 (literal -> IDENT .) ]
  ! USIZE           [ reduce using rule 50 (literal -> IDENT .) ]
  ! ISIZE           [ reduce using rule 50 (literal -> IDENT .) ]
  ! STR_TYPE        [ reduce using rule 50 (literal -> IDENT .) ]
  ! BOOL_TYPE       [ reduce using rule 50 (literal -> IDENT .) ]
  ! INT_TYPE        [ reduce using rule 50 (literal -> IDENT .) ]
  ! CHAR_TYPE       [ reduce using rule 50 (literal -> IDENT .) ]
  ! VOID            [ reduce using rule 50 (literal -> IDENT .) ]
  ! $end            [ reduce using rule 50 (literal -> IDENT .) ]
  ! RBRACKET        [ reduce using rule 50 (literal -> IDENT .) ]
  ! COMMA           [ reduce using rule 50 (literal -> IDENT .) ]
  ! ASSIGN          [ reduce using rule 50 (literal -> IDENT .) ]
  ! IN              [ reduce using rule 50 (literal -> IDENT .) ]


state 86

    (21) expression -> LBRACE expression . RBRACE
    (51) expression -> expression . ADD expression
    (52) expression -> expression . SUB expression
    (53) expression -> expression . MUL expression
    (54) expression -> expression . DIV expression
    (55) expression -> expression . MOD expression
    (56) expression -> expression . POW expression
    (57) expression -> expression . AND expression
    (58) expression -> expression . OR expression
    (59) expression -> expression . XOR expression
    (60) expression -> expression . NE expression
    (61) expression -> expression . EQ expression
    (62) expression -> expression . GT expression
    (63) expression -> expression . LT expression
    (64) expression -> expression . GE expression
    (65) expression -> expression . LE expression
    (107) expression -> expression . DOT IDENT

    RBRACE          shift and go to state 132
    ADD             shift and go to state 63
    SUB             shift and go to state 64
    MUL             shift and go to state 65
    DIV             shift and go to state 66
    MOD             shift and go to state 67
    POW             shift and go to state 68
    AND             shift and go to state 69
    OR              shift and go to state 70
    XOR             shift and go to state 71
    NE              shift and go to state 72
    EQ              shift and go to state 73
    GT              shift and go to state 74
    LT              shift and go to state 75
    GE              shift and go to state 76
    LE              shift and go to state 77
    DOT             shift and go to state 78


state 87

    (67) expression -> SUB expression .
    (51) expression -> expression . ADD expression
    (52) expression -> expression . SUB expression
    (53) expression -> expression . MUL expression
    (54) expression -> expression . DIV expression
    (55) expression -> expression . MOD expression
    (56) expression -> expression . POW expression
    (57) expression -> expression . AND expression
    (58) expression -> expression . OR expression
    (59) expression -> expression . XOR expression
    (60) expression -> expression . NE expression
    (61) expression -> expression . EQ expression
    (62) expression -> expression . GT expression
    (63) expression -> expression . LT expression
    (64) expression -> expression . GE expression
    (65) expression -> expression . LE expression
    (107) expression -> expression . DOT IDENT

    ADD             reduce using rule 67 (expression -> SUB expression .)
    SUB             reduce using rule 67 (expression -> SUB expression .)
    MUL             reduce using rule 67 (expression -> SUB expression .)
    DIV             reduce using rule 67 (expression -> SUB expression .)
    MOD             reduce using rule 67 (expression -> SUB expression .)
    POW             reduce using rule 67 (expression -> SUB expression .)
    AND             reduce using rule 67 (expression -> SUB expression .)
    OR              reduce using rule 67 (expression -> SUB expression .)
    XOR             reduce using rule 67 (expression -> SUB expression .)
    NE              reduce using rule 67 (expression -> SUB expression .)
    EQ              reduce using rule 67 (expression -> SUB expression .)
    GT              reduce using rule 67 (expression -> SUB expression .)
    LT              reduce using rule 67 (expression -> SUB expression .)
    GE              reduce using rule 67 (expression -> SUB expression .)
    LE              reduce using rule 67 (expression -> SUB expression .)
    DOT             reduce using rule 67 (expression -> SUB expression .)
    SEMICOLON       reduce using rule 67 (expression -> SUB expression .)
    IDENT           reduce using rule 67 (expression -> SUB expression .)
    LPAREN          reduce using rule 67 (expression -> SUB expression .)
    LBRACE          reduce using rule 67 (expression -> SUB expression .)
    NOT             reduce using rule 67 (expression -> SUB expression .)
    LBRACKET        reduce using rule 67 (expression -> SUB expression .)
    SET             reduce using rule 67 (expression -> SUB expression .)
    VAR             reduce using rule 67 (expression -> SUB expression .)
    IF              reduce using rule 67 (expression -> SUB expression .)
    WHILE           reduce using rule 67 (expression -> SUB expression .)
    FOR             reduce using rule 67 (expression -> SUB expression .)
    PROCEDURE       reduce using rule 67 (expression -> SUB expression .)
    BREAK           reduce using rule 67 (expression -> SUB expression .)
    CONTINUE        reduce using rule 67 (expression -> SUB expression .)
    RETURN          reduce using rule 67 (expression -> SUB expression .)
    SCAN            reduce using rule 67 (expression -> SUB expression .)
    ONSCREEN        reduce using rule 67 (expression -> SUB expression .)
    PASS            reduce using rule 67 (expression -> SUB expression .)
    STR             reduce using rule 67 (expression -> SUB expression .)
    INT             reduce using rule 67 (expression -> SUB expression .)
    FLOAT           reduce using rule 67 (expression -> SUB expression .)
    TRUE            reduce using rule 67 (expression -> SUB expression .)
    FALSE           reduce using rule 67 (expression -> SUB expression .)
    CHAR            reduce using rule 67 (expression -> SUB expression .)
    I8              reduce using rule 67 (expression -> SUB expression .)
    I16             reduce using rule 67 (expression -> SUB expression .)
    I32             reduce using rule 67 (expression -> SUB expression .)
    I64             reduce using rule 67 (expression -> SUB expression .)
    U8              reduce using rule 67 (expression -> SUB expression .)
    U16             reduce using rule 67 (expression -> SUB expression .)
    U32             reduce using rule 67 (expression -> SUB expression .)
    U64             reduce using rule 67 (expression -> SUB expression .)
    F32             reduce using rule 67 (expression -> SUB expression .)
    F64             reduce using rule 67 (expression -> SUB expression .)
    USIZE           reduce using rule 67 (expression -> SUB expression .)
    ISIZE           reduce using rule 67 (expression -> SUB expression .)
    STR_TYPE        reduce using rule 67 (expression -> SUB expression .)
    BOOL_TYPE       reduce using rule 67 (expression -> SUB expression .)
    INT_TYPE        reduce using rule 67 (expression -> SUB expression .)
    CHAR_TYPE       reduce using rule 67 (expression -> SUB expression .)
    VOID            reduce using rule 67 (expression -> SUB expression .)
    $end            reduce using rule 67 (expression -> SUB expression .)
    RPAREN          reduce using rule 67 (expression -> SUB expression .)
    RBRACE          reduce using rule 67 (expression -> SUB expression .)
    RBRACKET        reduce using rule 67 (expression -> SUB expression .)
    COMMA           reduce using rule 67 (expression -> SUB expression .)
    ASSIGN          reduce using rule 67 (expression -> SUB expression .)
    IN              reduce using rule 67 (expression -> SUB expression .)

  ! ADD             [ shift and go to state 63 ]
  ! SUB             [ shift and go to state 64 ]
  ! MUL             [ shift and go to state 65 ]
  ! DIV             [ shift and go to state 66 ]
  ! MOD             [ shift and go to state 67 ]
  ! POW             [ shift and go to state 68 ]
  ! AND             [ shift and go to state 69 ]
  ! OR              [ shift and go to state 70 ]
  ! XOR             [ shift and go to state 71 ]
  ! NE              [ shift and go to state 72 ]
  ! EQ              [ shift and go to state 73 ]
  ! GT              [ shift and go to state 74 ]
  ! LT              [ shift and go to state 75 ]
  ! GE              [ shift and go to state 76 ]
  ! LE              [ shift and go to state 77 ]
  ! DOT             [ shift and go to state 78 ]


state 88

    (66) expression -> NOT expression .
    (51) expression -> expression . ADD expression
    (52) expression -> expression . SUB expression
    (53) expression -> expression . MUL expression
    (54) expression -> expression . DIV expression
    (55) expression -> expression . MOD expression
    (56) expression -> expression . POW expression
    (57) expression -> expression . AND expression
    (58) expression -> expression . OR expression
    (59) expression -> expression . XOR expression
    (60) expression -> expression . NE expression
    (61) expression -> expression . EQ expression
    (62) expression -> expression . GT expression
    (63) expression -> expression . LT expression
    (64) expression -> expression . GE expression
    (65) expression -> expression . LE expression
    (107) expression -> expression . DOT IDENT

    ADD             reduce using rule 66 (expression -> NOT expression .)
    SUB             reduce using rule 66 (expression -> NOT expression .)
    MUL             reduce using rule 66 (expression -> NOT expression .)
    DIV             reduce using rule 66 (expression -> NOT expression .)
    MOD             reduce using rule 66 (expression -> NOT expression .)
    POW             reduce using rule 66 (expression -> NOT expression .)
    AND             reduce using rule 66 (expression -> NOT expression .)
    OR              reduce using rule 66 (expression -> NOT expression .)
    XOR             reduce using rule 66 (expression -> NOT expression .)
    NE              reduce using rule 66 (expression -> NOT expression .)
    EQ              reduce using rule 66 (expression -> NOT expression .)
    GT              reduce using rule 66 (expression -> NOT expression .)
    LT              reduce using rule 66 (expression -> NOT expression .)
    GE              reduce using rule 66 (expression -> NOT expression .)
    LE              reduce using rule 66 (expression -> NOT expression .)
    DOT             reduce using rule 66 (expression -> NOT expression .)
    SEMICOLON       reduce using rule 66 (expression -> NOT expression .)
    IDENT           reduce using rule 66 (expression -> NOT expression .)
    LPAREN          reduce using rule 66 (expression -> NOT expression .)
    LBRACE          reduce using rule 66 (expression -> NOT expression .)
    NOT             reduce using rule 66 (expression -> NOT expression .)
    LBRACKET        reduce using rule 66 (expression -> NOT expression .)
    SET             reduce using rule 66 (expression -> NOT expression .)
    VAR             reduce using rule 66 (expression -> NOT expression .)
    IF              reduce using rule 66 (expression -> NOT expression .)
    WHILE           reduce using rule 66 (expression -> NOT expression .)
    FOR             reduce using rule 66 (expression -> NOT expression .)
    PROCEDURE       reduce using rule 66 (expression -> NOT expression .)
    BREAK           reduce using rule 66 (expression -> NOT expression .)
    CONTINUE        reduce using rule 66 (expression -> NOT expression .)
    RETURN          reduce using rule 66 (expression -> NOT expression .)
    SCAN            reduce using rule 66 (expression -> NOT expression .)
    ONSCREEN        reduce using rule 66 (expression -> NOT expression .)
    PASS            reduce using rule 66 (expression -> NOT expression .)
    STR             reduce using rule 66 (expression -> NOT expression .)
    INT             reduce using rule 66 (expression -> NOT expression .)
    FLOAT           reduce using rule 66 (expression -> NOT expression .)
    TRUE            reduce using rule 66 (expression -> NOT expression .)
    FALSE           reduce using rule 66 (expression -> NOT expression .)
    CHAR            reduce using rule 66 (expression -> NOT expression .)
    I8              reduce using rule 66 (expression -> NOT expression .)
    I16             reduce using rule 66 (expression -> NOT expression .)
    I32             reduce using rule 66 (expression -> NOT expression .)
    I64             reduce using rule 66 (expression -> NOT expression .)
    U8              reduce using rule 66 (expression -> NOT expression .)
    U16             reduce using rule 66 (expression -> NOT expression .)
    U32             reduce using rule 66 (expression -> NOT expression .)
    U64             reduce using rule 66 (expression -> NOT expression .)
    F32             reduce using rule 66 (expression -> NOT expression .)
    F64             reduce using rule 66 (expression -> NOT expression .)
    USIZE           reduce using rule 66 (expression -> NOT expression .)
    ISIZE           reduce using rule 66 (expression -> NOT expression .)
    STR_TYPE        reduce using rule 66 (expression -> NOT expression .)
    BOOL_TYPE       reduce using rule 66 (expression -> NOT expression .)
    INT_TYPE        reduce using rule 66 (expression -> NOT expression .)
    CHAR_TYPE       reduce using rule 66 (expression -> NOT expression .)
    VOID            reduce using rule 66 (expression -> NOT expression .)
    $end            reduce using rule 66 (expression -> NOT expression .)
    RPAREN          reduce using rule 66 (expression -> NOT expression .)
    RBRACE          reduce using rule 66 (expression -> NOT expression .)
    RBRACKET        reduce using rule 66 (expression -> NOT expression .)
    COMMA           reduce using rule 66 (expression -> NOT expression .)
    ASSIGN          reduce using rule 66 (expression -> NOT expression .)
    IN              reduce using rule 66 (expression -> NOT expression .)

  ! ADD             [ shift and go to state 63 ]
  ! SUB             [ shift and go to state 64 ]
  ! MUL             [ shift and go to state 65 ]
  ! DIV             [ shift and go to state 66 ]
  ! MOD             [ shift and go to state 67 ]
  ! POW             [ shift and go to state 68 ]
  ! AND             [ shift and go to state 69 ]
  ! OR              [ shift and go to state 70 ]
  ! XOR             [ shift and go to state 71 ]
  ! NE              [ shift and go to state 72 ]
  ! EQ              [ shift and go to state 73 ]
  ! GT              [ shift and go to state 74 ]
  ! LT              [ shift and go to state 75 ]
  ! GE              [ shift and go to state 76 ]
  ! LE              [ shift and go to state 77 ]
  ! DOT             [ shift and go to state 78 ]


state 89

    (92) expression -> LBRACKET element_list . RBRACKET optional_semicolon
    (90) element_list -> element_list . COMMA element

    RBRACKET        shift and go to state 133
    COMMA           shift and go to state 134


state 90

    (89) element_list -> element .

    RBRACKET        reduce using rule 89 (element_list -> element .)
    COMMA           reduce using rule 89 (element_list -> element .)


state 91

    (91) element_list -> empty .

    RBRACKET        reduce using rule 91 (element_list -> empty .)
    COMMA           reduce using rule 91 (element_list -> empty .)


state 92

    (88) element -> expression .
    (51) expression -> expression . ADD expression
    (52) expression -> expression . SUB expression
    (53) expression -> expression . MUL expression
    (54) expression -> expression . DIV expression
    (55) expression -> expression . MOD expression
    (56) expression -> expression . POW expression
    (57) expression -> expression . AND expression
    (58) expression -> expression . OR expression
    (59) expression -> expression . XOR expression
    (60) expression -> expression . NE expression
    (61) expression -> expression . EQ expression
    (62) expression -> expression . GT expression
    (63) expression -> expression . LT expression
    (64) expression -> expression . GE expression
    (65) expression -> expression . LE expression
    (107) expression -> expression . DOT IDENT

    RBRACKET        reduce using rule 88 (element -> expression .)
    COMMA           reduce using rule 88 (element -> expression .)
    ADD             shift and go to state 63
    SUB             shift and go to state 64
    MUL             shift and go to state 65
    DIV             shift and go to state 66
    MOD             shift and go to state 67
    POW             shift and go to state 68
    AND             shift and go to state 69
    OR              shift and go to state 70
    XOR             shift and go to state 71
    NE              shift and go to state 72
    EQ              shift and go to state 73
    GT              shift and go to state 74
    LT              shift and go to state 75
    GE              shift and go to state 76
    LE              shift and go to state 77
    DOT             shift and go to state 78


state 93

    (39) assign_stmt -> SET IDENT . ASSIGN expression
    (19) expression -> IDENT .
    (93) expression -> IDENT . LBRACKET expression RBRACKET
    (50) literal -> IDENT .

  ! shift/reduce conflict for ASSIGN resolved as shift
  ! shift/reduce conflict for ASSIGN resolved as shift
  ! reduce/reduce conflict for ADD resolved using rule 19 (expression -> IDENT .)
  ! reduce/reduce conflict for SUB resolved using rule 19 (expression -> IDENT .)
  ! reduce/reduce conflict for MUL resolved using rule 19 (expression -> IDENT .)
  ! reduce/reduce conflict for DIV resolved using rule 19 (expression -> IDENT .)
  ! reduce/reduce conflict for MOD resolved using rule 19 (expression -> IDENT .)
  ! reduce/reduce conflict for POW resolved using rule 19 (expression -> IDENT .)
  ! reduce/reduce conflict for AND resolved using rule 19 (expression -> IDENT .)
  ! reduce/reduce conflict for OR resolved using rule 19 (expression -> IDENT .)
  ! reduce/reduce conflict for XOR resolved using rule 19 (expression -> IDENT .)
  ! reduce/reduce conflict for NE resolved using rule 19 (expression -> IDENT .)
  ! reduce/reduce conflict for EQ resolved using rule 19 (expression -> IDENT .)
  ! reduce/reduce conflict for GT resolved using rule 19 (expression -> IDENT .)
  ! reduce/reduce conflict for LT resolved using rule 19 (expression -> IDENT .)
  ! reduce/reduce conflict for GE resolved using rule 19 (expression -> IDENT .)
  ! reduce/reduce conflict for LE resolved using rule 19 (expression -> IDENT .)
  ! reduce/reduce conflict for DOT resolved using rule 19 (expression -> IDENT .)
    ASSIGN          shift and go to state 135
    ADD             reduce using rule 19 (expression -> IDENT .)
    SUB             reduce using rule 19 (expression -> IDENT .)
    MUL             reduce using rule 19 (expression -> IDENT .)
    DIV             reduce using rule 19 (expression -> IDENT .)
    MOD             reduce using rule 19 (expression -> IDENT .)
    POW             reduce using rule 19 (expression -> IDENT .)
    AND             reduce using rule 19 (expression -> IDENT .)
    OR              reduce using rule 19 (expression -> IDENT .)
    XOR             reduce using rule 19 (expression -> IDENT .)
    NE              reduce using rule 19 (expression -> IDENT .)
    EQ              reduce using rule 19 (expression -> IDENT .)
    GT              reduce using rule 19 (expression -> IDENT .)
    LT              reduce using rule 19 (expression -> IDENT .)
    GE              reduce using rule 19 (expression -> IDENT .)
    LE              reduce using rule 19 (expression -> IDENT .)
    DOT             reduce using rule 19 (expression -> IDENT .)
    LBRACKET        shift and go to state 82

  ! ASSIGN          [ reduce using rule 19 (expression -> IDENT .) ]
  ! ASSIGN          [ reduce using rule 50 (literal -> IDENT .) ]
  ! ADD             [ reduce using rule 50 (literal -> IDENT .) ]
  ! SUB             [ reduce using rule 50 (literal -> IDENT .) ]
  ! MUL             [ reduce using rule 50 (literal -> IDENT .) ]
  ! DIV             [ reduce using rule 50 (literal -> IDENT .) ]
  ! MOD             [ reduce using rule 50 (literal -> IDENT .) ]
  ! POW             [ reduce using rule 50 (literal -> IDENT .) ]
  ! AND             [ reduce using rule 50 (literal -> IDENT .) ]
  ! OR              [ reduce using rule 50 (literal -> IDENT .) ]
  ! XOR             [ reduce using rule 50 (literal -> IDENT .) ]
  ! NE              [ reduce using rule 50 (literal -> IDENT .) ]
  ! EQ              [ reduce using rule 50 (literal -> IDENT .) ]
  ! GT              [ reduce using rule 50 (literal -> IDENT .) ]
  ! LT              [ reduce using rule 50 (literal -> IDENT .) ]
  ! GE              [ reduce using rule 50 (literal -> IDENT .) ]
  ! LE              [ reduce using rule 50 (literal -> IDENT .) ]
  ! DOT             [ reduce using rule 50 (literal -> IDENT .) ]


state 94

    (40) assign_stmt -> SET expression . ASSIGN expression
    (51) expression -> expression . ADD expression
    (52) expression -> expression . SUB expression
    (53) expression -> expression . MUL expression
    (54) expression -> expression . DIV expression
    (55) expression -> expression . MOD expression
    (56) expression -> expression . POW expression
    (57) expression -> expression . AND expression
    (58) expression -> expression . OR expression
    (59) expression -> expression . XOR expression
    (60) expression -> expression . NE expression
    (61) expression -> expression . EQ expression
    (62) expression -> expression . GT expression
    (63) expression -> expression . LT expression
    (64) expression -> expression . GE expression
    (65) expression -> expression . LE expression
    (107) expression -> expression . DOT IDENT

    ASSIGN          shift and go to state 136
    ADD             shift and go to state 63
    SUB             shift and go to state 64
    MUL             shift and go to state 65
    DIV             shift and go to state 66
    MOD             shift and go to state 67
    POW             shift and go to state 68
    AND             shift and go to state 69
    OR              shift and go to state 70
    XOR             shift and go to state 71
    NE              shift and go to state 72
    EQ              shift and go to state 73
    GT              shift and go to state 74
    LT              shift and go to state 75
    GE              shift and go to state 76
    LE              shift and go to state 77
    DOT             shift and go to state 78


state 95

    (41) assign_stmt -> VAR type . IDENT ASSIGN expression
    (42) assign_stmt -> VAR type . IDENT

    IDENT           shift and go to state 137


state 96

    (43) assign_stmt -> VAR LBRACKET . type COMMA INT RBRACKET IDENT ASSIGN expression
    (22) type -> . I8
    (23) type -> . I16
    (24) type -> . I32
    (25) type -> . I64
    (26) type -> . U8
    (27) type -> . U16
    (28) type -> . U32
    (29) type -> . U64
    (30) type -> . F32
    (31) type -> . F64
    (32) type -> . USIZE
    (33) type -> . ISIZE
    (34) type -> . STR_TYPE
    (35) type -> . BOOL_TYPE
    (36) type -> . INT_TYPE
    (37) type -> . CHAR_TYPE
    (38) type -> . VOID

    I8              shift and go to state 44
    I16             shift and go to state 45
    I32             shift and go to state 46
    I64             shift and go to state 47
    U8              shift and go to state 48
    U16             shift and go to state 49
    U32             shift and go to state 50
    U64             shift and go to state 51
    F32             shift and go to state 52
    F64             shift and go to state 53
    USIZE           shift and go to state 54
    ISIZE           shift and go to state 55
    STR_TYPE        shift and go to state 56
    BOOL_TYPE       shift and go to state 57
    INT_TYPE        shift and go to state 58
    CHAR_TYPE       shift and go to state 59
    VOID            shift and go to state 60

    type                           shift and go to state 138

state 97

    (101) lambda_stmt -> type LPAREN . argument_list RPAREN ARROW statement
    (96) argument_list -> . argument
    (97) argument_list -> . argument_list COMMA argument
    (98) argument_list -> . empty
    (94) argument -> . IDENT
    (95) argument -> . IDENT ASSIGN expression
    (110) empty -> .

    IDENT           shift and go to state 127
    RPAREN          reduce using rule 110 (empty -> .)
    COMMA           reduce using rule 110 (empty -> .)

    argument_list                  shift and go to state 139
    argument                       shift and go to state 129
    empty                          shift and go to state 130

state 98

    (68) if_stmt -> IF expression . LBRACE statements RBRACE
    (69) if_stmt -> IF expression . LBRACE statements RBRACE ELSE LBRACE statements RBRACE
    (51) expression -> expression . ADD expression
    (52) expression -> expression . SUB expression
    (53) expression -> expression . MUL expression
    (54) expression -> expression . DIV expression
    (55) expression -> expression . MOD expression
    (56) expression -> expression . POW expression
    (57) expression -> expression . AND expression
    (58) expression -> expression . OR expression
    (59) expression -> expression . XOR expression
    (60) expression -> expression . NE expression
    (61) expression -> expression . EQ expression
    (62) expression -> expression . GT expression
    (63) expression -> expression . LT expression
    (64) expression -> expression . GE expression
    (65) expression -> expression . LE expression
    (107) expression -> expression . DOT IDENT

    LBRACE          shift and go to state 140
    ADD             shift and go to state 63
    SUB             shift and go to state 64
    MUL             shift and go to state 65
    DIV             shift and go to state 66
    MOD             shift and go to state 67
    POW             shift and go to state 68
    AND             shift and go to state 69
    OR              shift and go to state 70
    XOR             shift and go to state 71
    NE              shift and go to state 72
    EQ              shift and go to state 73
    GT              shift and go to state 74
    LT              shift and go to state 75
    GE              shift and go to state 76
    LE              shift and go to state 77
    DOT             shift and go to state 78


state 99

    (70) while_stmt -> WHILE expression . LBRACE statements RBRACE
    (51) expression -> expression . ADD expression
    (52) expression -> expression . SUB expression
    (53) expression -> expression . MUL expression
    (54) expression -> expression . DIV expression
    (55) expression -> expression . MOD expression
    (56) expression -> expression . POW expression
    (57) expression -> expression . AND expression
    (58) expression -> expression . OR expression
    (59) expression -> expression . XOR expression
    (60) expression -> expression . NE expression
    (61) expression -> expression . EQ expression
    (62) expression -> expression . GT expression
    (63) expression -> expression . LT expression
    (64) expression -> expression . GE expression
    (65) expression -> expression . LE expression
    (107) expression -> expression . DOT IDENT

    LBRACE          shift and go to state 141
    ADD             shift and go to state 63
    SUB             shift and go to state 64
    MUL             shift and go to state 65
    DIV             shift and go to state 66
    MOD             shift and go to state 67
    POW             shift and go to state 68
    AND             shift and go to state 69
    OR              shift and go to state 70
    XOR             shift and go to state 71
    NE              shift and go to state 72
    EQ              shift and go to state 73
    GT              shift and go to state 74
    LT              shift and go to state 75
    GE              shift and go to state 76
    LE              shift and go to state 77
    DOT             shift and go to state 78


state 100

    (71) for_stmt -> FOR assign_stmt . SEMICOLON expression SEMICOLON assign_stmt LBRACE statements RBRACE
    (72) for_stmt -> FOR assign_stmt . IN expression LBRACE statements RBRACE

    SEMICOLON       shift and go to state 142
    IN              shift and go to state 143


state 101

    (73) for_stmt -> FOR expression . LBRACE statements RBRACE
    (51) expression -> expression . ADD expression
    (52) expression -> expression . SUB expression
    (53) expression -> expression . MUL expression
    (54) expression -> expression . DIV expression
    (55) expression -> expression . MOD expression
    (56) expression -> expression . POW expression
    (57) expression -> expression . AND expression
    (58) expression -> expression . OR expression
    (59) expression -> expression . XOR expression
    (60) expression -> expression . NE expression
    (61) expression -> expression . EQ expression
    (62) expression -> expression . GT expression
    (63) expression -> expression . LT expression
    (64) expression -> expression . GE expression
    (65) expression -> expression . LE expression
    (107) expression -> expression . DOT IDENT

    LBRACE          shift and go to state 144
    ADD             shift and go to state 63
    SUB             shift and go to state 64
    MUL             shift and go to state 65
    DIV             shift and go to state 66
    MOD             shift and go to state 67
    POW             shift and go to state 68
    AND             shift and go to state 69
    OR              shift and go to state 70
    XOR             shift and go to state 71
    NE              shift and go to state 72
    EQ              shift and go to state 73
    GT              shift and go to state 74
    LT              shift and go to state 75
    GE              shift and go to state 76
    LE              shift and go to state 77
    DOT             shift and go to state 78


state 102

    (80) procedure_stmt -> PROCEDURE IDENT . LPAREN params_list RPAREN COLON type block
    (81) procedure_stmt -> PROCEDURE IDENT . LPAREN params_list RPAREN block

    LPAREN          shift and go to state 145


state 103

    (82) break_stmt -> BREAK optional_semicolon .

    IDENT           reduce using rule 82 (break_stmt -> BREAK optional_semicolon .)
    LPAREN          reduce using rule 82 (break_stmt -> BREAK optional_semicolon .)
    LBRACE          reduce using rule 82 (break_stmt -> BREAK optional_semicolon .)
    NOT             reduce using rule 82 (break_stmt -> BREAK optional_semicolon .)
    SUB             reduce using rule 82 (break_stmt -> BREAK optional_semicolon .)
    LBRACKET        reduce using rule 82 (break_stmt -> BREAK optional_semicolon .)
    SET             reduce using rule 82 (break_stmt -> BREAK optional_semicolon .)
    VAR             reduce using rule 82 (break_stmt -> BREAK optional_semicolon .)
    IF              reduce using rule 82 (break_stmt -> BREAK optional_semicolon .)
    WHILE           reduce using rule 82 (break_stmt -> BREAK optional_semicolon .)
    FOR             reduce using rule 82 (break_stmt -> BREAK optional_semicolon .)
    PROCEDURE       reduce using rule 82 (break_stmt -> BREAK optional_semicolon .)
    BREAK           reduce using rule 82 (break_stmt -> BREAK optional_semicolon .)
    CONTINUE        reduce using rule 82 (break_stmt -> BREAK optional_semicolon .)
    RETURN          reduce using rule 82 (break_stmt -> BREAK optional_semicolon .)
    SCAN            reduce using rule 82 (break_stmt -> BREAK optional_semicolon .)
    ONSCREEN        reduce using rule 82 (break_stmt -> BREAK optional_semicolon .)
    PASS            reduce using rule 82 (break_stmt -> BREAK optional_semicolon .)
    STR             reduce using rule 82 (break_stmt -> BREAK optional_semicolon .)
    INT             reduce using rule 82 (break_stmt -> BREAK optional_semicolon .)
    FLOAT           reduce using rule 82 (break_stmt -> BREAK optional_semicolon .)
    TRUE            reduce using rule 82 (break_stmt -> BREAK optional_semicolon .)
    FALSE           reduce using rule 82 (break_stmt -> BREAK optional_semicolon .)
    CHAR            reduce using rule 82 (break_stmt -> BREAK optional_semicolon .)
    I8              reduce using rule 82 (break_stmt -> BREAK optional_semicolon .)
    I16             reduce using rule 82 (break_stmt -> BREAK optional_semicolon .)
    I32             reduce using rule 82 (break_stmt -> BREAK optional_semicolon .)
    I64             reduce using rule 82 (break_stmt -> BREAK optional_semicolon .)
    U8              reduce using rule 82 (break_stmt -> BREAK optional_semicolon .)
    U16             reduce using rule 82 (break_stmt -> BREAK optional_semicolon .)
    U32             reduce using rule 82 (break_stmt -> BREAK optional_semicolon .)
    U64             reduce using rule 82 (break_stmt -> BREAK optional_semicolon .)
    F32             reduce using rule 82 (break_stmt -> BREAK optional_semicolon .)
    F64             reduce using rule 82 (break_stmt -> BREAK optional_semicolon .)
    USIZE           reduce using rule 82 (break_stmt -> BREAK optional_semicolon .)
    ISIZE           reduce using rule 82 (break_stmt -> BREAK optional_semicolon .)
    STR_TYPE        reduce using rule 82 (break_stmt -> BREAK optional_semicolon .)
    BOOL_TYPE       reduce using rule 82 (break_stmt -> BREAK optional_semicolon .)
    INT_TYPE        reduce using rule 82 (break_stmt -> BREAK optional_semicolon .)
    CHAR_TYPE       reduce using rule 82 (break_stmt -> BREAK optional_semicolon .)
    VOID            reduce using rule 82 (break_stmt -> BREAK optional_semicolon .)
    $end            reduce using rule 82 (break_stmt -> BREAK optional_semicolon .)
    RBRACE          reduce using rule 82 (break_stmt -> BREAK optional_semicolon .)


state 104

    (83) continue_stmt -> CONTINUE optional_semicolon .

    IDENT           reduce using rule 83 (continue_stmt -> CONTINUE optional_semicolon .)
    LPAREN          reduce using rule 83 (continue_stmt -> CONTINUE optional_semicolon .)
    LBRACE          reduce using rule 83 (continue_stmt -> CONTINUE optional_semicolon .)
    NOT             reduce using rule 83 (continue_stmt -> CONTINUE optional_semicolon .)
    SUB             reduce using rule 83 (continue_stmt -> CONTINUE optional_semicolon .)
    LBRACKET        reduce using rule 83 (continue_stmt -> CONTINUE optional_semicolon .)
    SET             reduce using rule 83 (continue_stmt -> CONTINUE optional_semicolon .)
    VAR             reduce using rule 83 (continue_stmt -> CONTINUE optional_semicolon .)
    IF              reduce using rule 83 (continue_stmt -> CONTINUE optional_semicolon .)
    WHILE           reduce using rule 83 (continue_stmt -> CONTINUE optional_semicolon .)
    FOR             reduce using rule 83 (continue_stmt -> CONTINUE optional_semicolon .)
    PROCEDURE       reduce using rule 83 (continue_stmt -> CONTINUE optional_semicolon .)
    BREAK           reduce using rule 83 (continue_stmt -> CONTINUE optional_semicolon .)
    CONTINUE        reduce using rule 83 (continue_stmt -> CONTINUE optional_semicolon .)
    RETURN          reduce using rule 83 (continue_stmt -> CONTINUE optional_semicolon .)
    SCAN            reduce using rule 83 (continue_stmt -> CONTINUE optional_semicolon .)
    ONSCREEN        reduce using rule 83 (continue_stmt -> CONTINUE optional_semicolon .)
    PASS            reduce using rule 83 (continue_stmt -> CONTINUE optional_semicolon .)
    STR             reduce using rule 83 (continue_stmt -> CONTINUE optional_semicolon .)
    INT             reduce using rule 83 (continue_stmt -> CONTINUE optional_semicolon .)
    FLOAT           reduce using rule 83 (continue_stmt -> CONTINUE optional_semicolon .)
    TRUE            reduce using rule 83 (continue_stmt -> CONTINUE optional_semicolon .)
    FALSE           reduce using rule 83 (continue_stmt -> CONTINUE optional_semicolon .)
    CHAR            reduce using rule 83 (continue_stmt -> CONTINUE optional_semicolon .)
    I8              reduce using rule 83 (continue_stmt -> CONTINUE optional_semicolon .)
    I16             reduce using rule 83 (continue_stmt -> CONTINUE optional_semicolon .)
    I32             reduce using rule 83 (continue_stmt -> CONTINUE optional_semicolon .)
    I64             reduce using rule 83 (continue_stmt -> CONTINUE optional_semicolon .)
    U8              reduce using rule 83 (continue_stmt -> CONTINUE optional_semicolon .)
    U16             reduce using rule 83 (continue_stmt -> CONTINUE optional_semicolon .)
    U32             reduce using rule 83 (continue_stmt -> CONTINUE optional_semicolon .)
    U64             reduce using rule 83 (continue_stmt -> CONTINUE optional_semicolon .)
    F32             reduce using rule 83 (continue_stmt -> CONTINUE optional_semicolon .)
    F64             reduce using rule 83 (continue_stmt -> CONTINUE optional_semicolon .)
    USIZE           reduce using rule 83 (continue_stmt -> CONTINUE optional_semicolon .)
    ISIZE           reduce using rule 83 (continue_stmt -> CONTINUE optional_semicolon .)
    STR_TYPE        reduce using rule 83 (continue_stmt -> CONTINUE optional_semicolon .)
    BOOL_TYPE       reduce using rule 83 (continue_stmt -> CONTINUE optional_semicolon .)
    INT_TYPE        reduce using rule 83 (continue_stmt -> CONTINUE optional_semicolon .)
    CHAR_TYPE       reduce using rule 83 (continue_stmt -> CONTINUE optional_semicolon .)
    VOID            reduce using rule 83 (continue_stmt -> CONTINUE optional_semicolon .)
    $end            reduce using rule 83 (continue_stmt -> CONTINUE optional_semicolon .)
    RBRACE          reduce using rule 83 (continue_stmt -> CONTINUE optional_semicolon .)


state 105

    (84) return_stmt -> RETURN expression . optional_semicolon
    (51) expression -> expression . ADD expression
    (52) expression -> expression . SUB expression
    (53) expression -> expression . MUL expression
    (54) expression -> expression . DIV expression
    (55) expression -> expression . MOD expression
    (56) expression -> expression . POW expression
    (57) expression -> expression . AND expression
    (58) expression -> expression . OR expression
    (59) expression -> expression . XOR expression
    (60) expression -> expression . NE expression
    (61) expression -> expression . EQ expression
    (62) expression -> expression . GT expression
    (63) expression -> expression . LT expression
    (64) expression -> expression . GE expression
    (65) expression -> expression . LE expression
    (107) expression -> expression . DOT IDENT
    (108) optional_semicolon -> . SEMICOLON
    (109) optional_semicolon -> . empty
    (110) empty -> .

  ! shift/reduce conflict for SUB resolved as shift
    ADD             shift and go to state 63
    SUB             shift and go to state 64
    MUL             shift and go to state 65
    DIV             shift and go to state 66
    MOD             shift and go to state 67
    POW             shift and go to state 68
    AND             shift and go to state 69
    OR              shift and go to state 70
    XOR             shift and go to state 71
    NE              shift and go to state 72
    EQ              shift and go to state 73
    GT              shift and go to state 74
    LT              shift and go to state 75
    GE              shift and go to state 76
    LE              shift and go to state 77
    DOT             shift and go to state 78
    SEMICOLON       shift and go to state 79
    IDENT           reduce using rule 110 (empty -> .)
    LPAREN          reduce using rule 110 (empty -> .)
    LBRACE          reduce using rule 110 (empty -> .)
    NOT             reduce using rule 110 (empty -> .)
    LBRACKET        reduce using rule 110 (empty -> .)
    SET             reduce using rule 110 (empty -> .)
    VAR             reduce using rule 110 (empty -> .)
    IF              reduce using rule 110 (empty -> .)
    WHILE           reduce using rule 110 (empty -> .)
    FOR             reduce using rule 110 (empty -> .)
    PROCEDURE       reduce using rule 110 (empty -> .)
    BREAK           reduce using rule 110 (empty -> .)
    CONTINUE        reduce using rule 110 (empty -> .)
    RETURN          reduce using rule 110 (empty -> .)
    SCAN            reduce using rule 110 (empty -> .)
    ONSCREEN        reduce using rule 110 (empty -> .)
    PASS            reduce using rule 110 (empty -> .)
    STR             reduce using rule 110 (empty -> .)
    INT             reduce using rule 110 (empty -> .)
    FLOAT           reduce using rule 110 (empty -> .)
    TRUE            reduce using rule 110 (empty -> .)
    FALSE           reduce using rule 110 (empty -> .)
    CHAR            reduce using rule 110 (empty -> .)
    I8              reduce using rule 110 (empty -> .)
    I16             reduce using rule 110 (empty -> .)
    I32             reduce using rule 110 (empty -> .)
    I64             reduce using rule 110 (empty -> .)
    U8              reduce using rule 110 (empty -> .)
    U16             reduce using rule 110 (empty -> .)
    U32             reduce using rule 110 (empty -> .)
    U64             reduce using rule 110 (empty -> .)
    F32             reduce using rule 110 (empty -> .)
    F64             reduce using rule 110 (empty -> .)
    USIZE           reduce using rule 110 (empty -> .)
    ISIZE           reduce using rule 110 (empty -> .)
    STR_TYPE        reduce using rule 110 (empty -> .)
    BOOL_TYPE       reduce using rule 110 (empty -> .)
    INT_TYPE        reduce using rule 110 (empty -> .)
    CHAR_TYPE       reduce using rule 110 (empty -> .)
    VOID            reduce using rule 110 (empty -> .)
    $end            reduce using rule 110 (empty -> .)
    RBRACE          reduce using rule 110 (empty -> .)

  ! SUB             [ reduce using rule 110 (empty -> .) ]

    optional_semicolon             shift and go to state 146
    empty                          shift and go to state 80

state 106

    (85) return_stmt -> RETURN optional_semicolon .

    IDENT           reduce using rule 85 (return_stmt -> RETURN optional_semicolon .)
    LPAREN          reduce using rule 85 (return_stmt -> RETURN optional_semicolon .)
    LBRACE          reduce using rule 85 (return_stmt -> RETURN optional_semicolon .)
    NOT             reduce using rule 85 (return_stmt -> RETURN optional_semicolon .)
    SUB             reduce using rule 85 (return_stmt -> RETURN optional_semicolon .)
    LBRACKET        reduce using rule 85 (return_stmt -> RETURN optional_semicolon .)
    SET             reduce using rule 85 (return_stmt -> RETURN optional_semicolon .)
    VAR             reduce using rule 85 (return_stmt -> RETURN optional_semicolon .)
    IF              reduce using rule 85 (return_stmt -> RETURN optional_semicolon .)
    WHILE           reduce using rule 85 (return_stmt -> RETURN optional_semicolon .)
    FOR             reduce using rule 85 (return_stmt -> RETURN optional_semicolon .)
    PROCEDURE       reduce using rule 85 (return_stmt -> RETURN optional_semicolon .)
    BREAK           reduce using rule 85 (return_stmt -> RETURN optional_semicolon .)
    CONTINUE        reduce using rule 85 (return_stmt -> RETURN optional_semicolon .)
    RETURN          reduce using rule 85 (return_stmt -> RETURN optional_semicolon .)
    SCAN            reduce using rule 85 (return_stmt -> RETURN optional_semicolon .)
    ONSCREEN        reduce using rule 85 (return_stmt -> RETURN optional_semicolon .)
    PASS            reduce using rule 85 (return_stmt -> RETURN optional_semicolon .)
    STR             reduce using rule 85 (return_stmt -> RETURN optional_semicolon .)
    INT             reduce using rule 85 (return_stmt -> RETURN optional_semicolon .)
    FLOAT           reduce using rule 85 (return_stmt -> RETURN optional_semicolon .)
    TRUE            reduce using rule 85 (return_stmt -> RETURN optional_semicolon .)
    FALSE           reduce using rule 85 (return_stmt -> RETURN optional_semicolon .)
    CHAR            reduce using rule 85 (return_stmt -> RETURN optional_semicolon .)
    I8              reduce using rule 85 (return_stmt -> RETURN optional_semicolon .)
    I16             reduce using rule 85 (return_stmt -> RETURN optional_semicolon .)
    I32             reduce using rule 85 (return_stmt -> RETURN optional_semicolon .)
    I64             reduce using rule 85 (return_stmt -> RETURN optional_semicolon .)
    U8              reduce using rule 85 (return_stmt -> RETURN optional_semicolon .)
    U16             reduce using rule 85 (return_stmt -> RETURN optional_semicolon .)
    U32             reduce using rule 85 (return_stmt -> RETURN optional_semicolon .)
    U64             reduce using rule 85 (return_stmt -> RETURN optional_semicolon .)
    F32             reduce using rule 85 (return_stmt -> RETURN optional_semicolon .)
    F64             reduce using rule 85 (return_stmt -> RETURN optional_semicolon .)
    USIZE           reduce using rule 85 (return_stmt -> RETURN optional_semicolon .)
    ISIZE           reduce using rule 85 (return_stmt -> RETURN optional_semicolon .)
    STR_TYPE        reduce using rule 85 (return_stmt -> RETURN optional_semicolon .)
    BOOL_TYPE       reduce using rule 85 (return_stmt -> RETURN optional_semicolon .)
    INT_TYPE        reduce using rule 85 (return_stmt -> RETURN optional_semicolon .)
    CHAR_TYPE       reduce using rule 85 (return_stmt -> RETURN optional_semicolon .)
    VOID            reduce using rule 85 (return_stmt -> RETURN optional_semicolon .)
    $end            reduce using rule 85 (return_stmt -> RETURN optional_semicolon .)
    RBRACE          reduce using rule 85 (return_stmt -> RETURN optional_semicolon .)


state 107

    (87) scan_stmt -> SCAN LPAREN . expression RPAREN optional_semicolon
    (18) expression -> . literal
    (19) expression -> . IDENT
    (20) expression -> . LPAREN expression RPAREN
    (21) expression -> . LBRACE expression RBRACE
    (51) expression -> . expression ADD expression
    (52) expression -> . expression SUB expression
    (53) expression -> . expression MUL expression
    (54) expression -> . expression DIV expression
    (55) expression -> . expression MOD expression
    (56) expression -> . expression POW expression
    (57) expression -> . expression AND expression
    (58) expression -> . expression OR expression
    (59) expression -> . expression XOR expression
    (60) expression -> . expression NE expression
    (61) expression -> . expression EQ expression
    (62) expression -> . expression GT expression
    (63) expression -> . expression LT expression
    (64) expression -> . expression GE expression
    (65) expression -> . expression LE expression
    (66) expression -> . NOT expression
    (67) expression -> . SUB expression
    (92) expression -> . LBRACKET element_list RBRACKET optional_semicolon
    (93) expression -> . IDENT LBRACKET expression RBRACKET
    (107) expression -> . expression DOT IDENT
    (44) literal -> . STR
    (45) literal -> . INT
    (46) literal -> . FLOAT
    (47) literal -> . TRUE
    (48) literal -> . FALSE
    (49) literal -> . CHAR
    (50) literal -> . IDENT

    IDENT           shift and go to state 85
    LPAREN          shift and go to state 20
    LBRACE          shift and go to state 21
    NOT             shift and go to state 23
    SUB             shift and go to state 22
    LBRACKET        shift and go to state 24
    STR             shift and go to state 39
    INT             shift and go to state 28
    FLOAT           shift and go to state 40
    TRUE            shift and go to state 41
    FALSE           shift and go to state 42
    CHAR            shift and go to state 43

    expression                     shift and go to state 147
    literal                        shift and go to state 18

state 108

    (86) onscreen_stmt -> ONSCREEN LPAREN . expression RPAREN optional_semicolon
    (18) expression -> . literal
    (19) expression -> . IDENT
    (20) expression -> . LPAREN expression RPAREN
    (21) expression -> . LBRACE expression RBRACE
    (51) expression -> . expression ADD expression
    (52) expression -> . expression SUB expression
    (53) expression -> . expression MUL expression
    (54) expression -> . expression DIV expression
    (55) expression -> . expression MOD expression
    (56) expression -> . expression POW expression
    (57) expression -> . expression AND expression
    (58) expression -> . expression OR expression
    (59) expression -> . expression XOR expression
    (60) expression -> . expression NE expression
    (61) expression -> . expression EQ expression
    (62) expression -> . expression GT expression
    (63) expression -> . expression LT expression
    (64) expression -> . expression GE expression
    (65) expression -> . expression LE expression
    (66) expression -> . NOT expression
    (67) expression -> . SUB expression
    (92) expression -> . LBRACKET element_list RBRACKET optional_semicolon
    (93) expression -> . IDENT LBRACKET expression RBRACKET
    (107) expression -> . expression DOT IDENT
    (44) literal -> . STR
    (45) literal -> . INT
    (46) literal -> . FLOAT
    (47) literal -> . TRUE
    (48) literal -> . FALSE
    (49) literal -> . CHAR
    (50) literal -> . IDENT

    IDENT           shift and go to state 85
    LPAREN          shift and go to state 20
    LBRACE          shift and go to state 21
    NOT             shift and go to state 23
    SUB             shift and go to state 22
    LBRACKET        shift and go to state 24
    STR             shift and go to state 39
    INT             shift and go to state 28
    FLOAT           shift and go to state 40
    TRUE            shift and go to state 41
    FALSE           shift and go to state 42
    CHAR            shift and go to state 43

    expression                     shift and go to state 148
    literal                        shift and go to state 18

state 109

    (100) pass_stmt -> PASS optional_semicolon .

    IDENT           reduce using rule 100 (pass_stmt -> PASS optional_semicolon .)
    LPAREN          reduce using rule 100 (pass_stmt -> PASS optional_semicolon .)
    LBRACE          reduce using rule 100 (pass_stmt -> PASS optional_semicolon .)
    NOT             reduce using rule 100 (pass_stmt -> PASS optional_semicolon .)
    SUB             reduce using rule 100 (pass_stmt -> PASS optional_semicolon .)
    LBRACKET        reduce using rule 100 (pass_stmt -> PASS optional_semicolon .)
    SET             reduce using rule 100 (pass_stmt -> PASS optional_semicolon .)
    VAR             reduce using rule 100 (pass_stmt -> PASS optional_semicolon .)
    IF              reduce using rule 100 (pass_stmt -> PASS optional_semicolon .)
    WHILE           reduce using rule 100 (pass_stmt -> PASS optional_semicolon .)
    FOR             reduce using rule 100 (pass_stmt -> PASS optional_semicolon .)
    PROCEDURE       reduce using rule 100 (pass_stmt -> PASS optional_semicolon .)
    BREAK           reduce using rule 100 (pass_stmt -> PASS optional_semicolon .)
    CONTINUE        reduce using rule 100 (pass_stmt -> PASS optional_semicolon .)
    RETURN          reduce using rule 100 (pass_stmt -> PASS optional_semicolon .)
    SCAN            reduce using rule 100 (pass_stmt -> PASS optional_semicolon .)
    ONSCREEN        reduce using rule 100 (pass_stmt -> PASS optional_semicolon .)
    PASS            reduce using rule 100 (pass_stmt -> PASS optional_semicolon .)
    STR             reduce using rule 100 (pass_stmt -> PASS optional_semicolon .)
    INT             reduce using rule 100 (pass_stmt -> PASS optional_semicolon .)
    FLOAT           reduce using rule 100 (pass_stmt -> PASS optional_semicolon .)
    TRUE            reduce using rule 100 (pass_stmt -> PASS optional_semicolon .)
    FALSE           reduce using rule 100 (pass_stmt -> PASS optional_semicolon .)
    CHAR            reduce using rule 100 (pass_stmt -> PASS optional_semicolon .)
    I8              reduce using rule 100 (pass_stmt -> PASS optional_semicolon .)
    I16             reduce using rule 100 (pass_stmt -> PASS optional_semicolon .)
    I32             reduce using rule 100 (pass_stmt -> PASS optional_semicolon .)
    I64             reduce using rule 100 (pass_stmt -> PASS optional_semicolon .)
    U8              reduce using rule 100 (pass_stmt -> PASS optional_semicolon .)
    U16             reduce using rule 100 (pass_stmt -> PASS optional_semicolon .)
    U32             reduce using rule 100 (pass_stmt -> PASS optional_semicolon .)
    U64             reduce using rule 100 (pass_stmt -> PASS optional_semicolon .)
    F32             reduce using rule 100 (pass_stmt -> PASS optional_semicolon .)
    F64             reduce using rule 100 (pass_stmt -> PASS optional_semicolon .)
    USIZE           reduce using rule 100 (pass_stmt -> PASS optional_semicolon .)
    ISIZE           reduce using rule 100 (pass_stmt -> PASS optional_semicolon .)
    STR_TYPE        reduce using rule 100 (pass_stmt -> PASS optional_semicolon .)
    BOOL_TYPE       reduce using rule 100 (pass_stmt -> PASS optional_semicolon .)
    INT_TYPE        reduce using rule 100 (pass_stmt -> PASS optional_semicolon .)
    CHAR_TYPE       reduce using rule 100 (pass_stmt -> PASS optional_semicolon .)
    VOID            reduce using rule 100 (pass_stmt -> PASS optional_semicolon .)
    $end            reduce using rule 100 (pass_stmt -> PASS optional_semicolon .)
    RBRACE          reduce using rule 100 (pass_stmt -> PASS optional_semicolon .)


state 110

    (51) expression -> expression ADD expression .
    (51) expression -> expression . ADD expression
    (52) expression -> expression . SUB expression
    (53) expression -> expression . MUL expression
    (54) expression -> expression . DIV expression
    (55) expression -> expression . MOD expression
    (56) expression -> expression . POW expression
    (57) expression -> expression . AND expression
    (58) expression -> expression . OR expression
    (59) expression -> expression . XOR expression
    (60) expression -> expression . NE expression
    (61) expression -> expression . EQ expression
    (62) expression -> expression . GT expression
    (63) expression -> expression . LT expression
    (64) expression -> expression . GE expression
    (65) expression -> expression . LE expression
    (107) expression -> expression . DOT IDENT

    ADD             reduce using rule 51 (expression -> expression ADD expression .)
    SUB             reduce using rule 51 (expression -> expression ADD expression .)
    AND             reduce using rule 51 (expression -> expression ADD expression .)
    OR              reduce using rule 51 (expression -> expression ADD expression .)
    XOR             reduce using rule 51 (expression -> expression ADD expression .)
    NE              reduce using rule 51 (expression -> expression ADD expression .)
    EQ              reduce using rule 51 (expression -> expression ADD expression .)
    GT              reduce using rule 51 (expression -> expression ADD expression .)
    LT              reduce using rule 51 (expression -> expression ADD expression .)
    GE              reduce using rule 51 (expression -> expression ADD expression .)
    LE              reduce using rule 51 (expression -> expression ADD expression .)
    DOT             reduce using rule 51 (expression -> expression ADD expression .)
    SEMICOLON       reduce using rule 51 (expression -> expression ADD expression .)
    IDENT           reduce using rule 51 (expression -> expression ADD expression .)
    LPAREN          reduce using rule 51 (expression -> expression ADD expression .)
    LBRACE          reduce using rule 51 (expression -> expression ADD expression .)
    NOT             reduce using rule 51 (expression -> expression ADD expression .)
    LBRACKET        reduce using rule 51 (expression -> expression ADD expression .)
    SET             reduce using rule 51 (expression -> expression ADD expression .)
    VAR             reduce using rule 51 (expression -> expression ADD expression .)
    IF              reduce using rule 51 (expression -> expression ADD expression .)
    WHILE           reduce using rule 51 (expression -> expression ADD expression .)
    FOR             reduce using rule 51 (expression -> expression ADD expression .)
    PROCEDURE       reduce using rule 51 (expression -> expression ADD expression .)
    BREAK           reduce using rule 51 (expression -> expression ADD expression .)
    CONTINUE        reduce using rule 51 (expression -> expression ADD expression .)
    RETURN          reduce using rule 51 (expression -> expression ADD expression .)
    SCAN            reduce using rule 51 (expression -> expression ADD expression .)
    ONSCREEN        reduce using rule 51 (expression -> expression ADD expression .)
    PASS            reduce using rule 51 (expression -> expression ADD expression .)
    STR             reduce using rule 51 (expression -> expression ADD expression .)
    INT             reduce using rule 51 (expression -> expression ADD expression .)
    FLOAT           reduce using rule 51 (expression -> expression ADD expression .)
    TRUE            reduce using rule 51 (expression -> expression ADD expression .)
    FALSE           reduce using rule 51 (expression -> expression ADD expression .)
    CHAR            reduce using rule 51 (expression -> expression ADD expression .)
    I8              reduce using rule 51 (expression -> expression ADD expression .)
    I16             reduce using rule 51 (expression -> expression ADD expression .)
    I32             reduce using rule 51 (expression -> expression ADD expression .)
    I64             reduce using rule 51 (expression -> expression ADD expression .)
    U8              reduce using rule 51 (expression -> expression ADD expression .)
    U16             reduce using rule 51 (expression -> expression ADD expression .)
    U32             reduce using rule 51 (expression -> expression ADD expression .)
    U64             reduce using rule 51 (expression -> expression ADD expression .)
    F32             reduce using rule 51 (expression -> expression ADD expression .)
    F64             reduce using rule 51 (expression -> expression ADD expression .)
    USIZE           reduce using rule 51 (expression -> expression ADD expression .)
    ISIZE           reduce using rule 51 (expression -> expression ADD expression .)
    STR_TYPE        reduce using rule 51 (expression -> expression ADD expression .)
    BOOL_TYPE       reduce using rule 51 (expression -> expression ADD expression .)
    INT_TYPE        reduce using rule 51 (expression -> expression ADD expression .)
    CHAR_TYPE       reduce using rule 51 (expression -> expression ADD expression .)
    VOID            reduce using rule 51 (expression -> expression ADD expression .)
    $end            reduce using rule 51 (expression -> expression ADD expression .)
    RPAREN          reduce using rule 51 (expression -> expression ADD expression .)
    RBRACE          reduce using rule 51 (expression -> expression ADD expression .)
    RBRACKET        reduce using rule 51 (expression -> expression ADD expression .)
    COMMA           reduce using rule 51 (expression -> expression ADD expression .)
    ASSIGN          reduce using rule 51 (expression -> expression ADD expression .)
    IN              reduce using rule 51 (expression -> expression ADD expression .)
    MUL             shift and go to state 65
    DIV             shift and go to state 66
    MOD             shift and go to state 67
    POW             shift and go to state 68

  ! MUL             [ reduce using rule 51 (expression -> expression ADD expression .) ]
  ! DIV             [ reduce using rule 51 (expression -> expression ADD expression .) ]
  ! MOD             [ reduce using rule 51 (expression -> expression ADD expression .) ]
  ! POW             [ reduce using rule 51 (expression -> expression ADD expression .) ]
  ! ADD             [ shift and go to state 63 ]
  ! SUB             [ shift and go to state 64 ]
  ! AND             [ shift and go to state 69 ]
  ! OR              [ shift and go to state 70 ]
  ! XOR             [ shift and go to state 71 ]
  ! NE              [ shift and go to state 72 ]
  ! EQ              [ shift and go to state 73 ]
  ! GT              [ shift and go to state 74 ]
  ! LT              [ shift and go to state 75 ]
  ! GE              [ shift and go to state 76 ]
  ! LE              [ shift and go to state 77 ]
  ! DOT             [ shift and go to state 78 ]


state 111

    (52) expression -> expression SUB expression .
    (51) expression -> expression . ADD expression
    (52) expression -> expression . SUB expression
    (53) expression -> expression . MUL expression
    (54) expression -> expression . DIV expression
    (55) expression -> expression . MOD expression
    (56) expression -> expression . POW expression
    (57) expression -> expression . AND expression
    (58) expression -> expression . OR expression
    (59) expression -> expression . XOR expression
    (60) expression -> expression . NE expression
    (61) expression -> expression . EQ expression
    (62) expression -> expression . GT expression
    (63) expression -> expression . LT expression
    (64) expression -> expression . GE expression
    (65) expression -> expression . LE expression
    (107) expression -> expression . DOT IDENT

    ADD             reduce using rule 52 (expression -> expression SUB expression .)
    SUB             reduce using rule 52 (expression -> expression SUB expression .)
    AND             reduce using rule 52 (expression -> expression SUB expression .)
    OR              reduce using rule 52 (expression -> expression SUB expression .)
    XOR             reduce using rule 52 (expression -> expression SUB expression .)
    NE              reduce using rule 52 (expression -> expression SUB expression .)
    EQ              reduce using rule 52 (expression -> expression SUB expression .)
    GT              reduce using rule 52 (expression -> expression SUB expression .)
    LT              reduce using rule 52 (expression -> expression SUB expression .)
    GE              reduce using rule 52 (expression -> expression SUB expression .)
    LE              reduce using rule 52 (expression -> expression SUB expression .)
    DOT             reduce using rule 52 (expression -> expression SUB expression .)
    SEMICOLON       reduce using rule 52 (expression -> expression SUB expression .)
    IDENT           reduce using rule 52 (expression -> expression SUB expression .)
    LPAREN          reduce using rule 52 (expression -> expression SUB expression .)
    LBRACE          reduce using rule 52 (expression -> expression SUB expression .)
    NOT             reduce using rule 52 (expression -> expression SUB expression .)
    LBRACKET        reduce using rule 52 (expression -> expression SUB expression .)
    SET             reduce using rule 52 (expression -> expression SUB expression .)
    VAR             reduce using rule 52 (expression -> expression SUB expression .)
    IF              reduce using rule 52 (expression -> expression SUB expression .)
    WHILE           reduce using rule 52 (expression -> expression SUB expression .)
    FOR             reduce using rule 52 (expression -> expression SUB expression .)
    PROCEDURE       reduce using rule 52 (expression -> expression SUB expression .)
    BREAK           reduce using rule 52 (expression -> expression SUB expression .)
    CONTINUE        reduce using rule 52 (expression -> expression SUB expression .)
    RETURN          reduce using rule 52 (expression -> expression SUB expression .)
    SCAN            reduce using rule 52 (expression -> expression SUB expression .)
    ONSCREEN        reduce using rule 52 (expression -> expression SUB expression .)
    PASS            reduce using rule 52 (expression -> expression SUB expression .)
    STR             reduce using rule 52 (expression -> expression SUB expression .)
    INT             reduce using rule 52 (expression -> expression SUB expression .)
    FLOAT           reduce using rule 52 (expression -> expression SUB expression .)
    TRUE            reduce using rule 52 (expression -> expression SUB expression .)
    FALSE           reduce using rule 52 (expression -> expression SUB expression .)
    CHAR            reduce using rule 52 (expression -> expression SUB expression .)
    I8              reduce using rule 52 (expression -> expression SUB expression .)
    I16             reduce using rule 52 (expression -> expression SUB expression .)
    I32             reduce using rule 52 (expression -> expression SUB expression .)
    I64             reduce using rule 52 (expression -> expression SUB expression .)
    U8              reduce using rule 52 (expression -> expression SUB expression .)
    U16             reduce using rule 52 (expression -> expression SUB expression .)
    U32             reduce using rule 52 (expression -> expression SUB expression .)
    U64             reduce using rule 52 (expression -> expression SUB expression .)
    F32             reduce using rule 52 (expression -> expression SUB expression .)
    F64             reduce using rule 52 (expression -> expression SUB expression .)
    USIZE           reduce using rule 52 (expression -> expression SUB expression .)
    ISIZE           reduce using rule 52 (expression -> expression SUB expression .)
    STR_TYPE        reduce using rule 52 (expression -> expression SUB expression .)
    BOOL_TYPE       reduce using rule 52 (expression -> expression SUB expression .)
    INT_TYPE        reduce using rule 52 (expression -> expression SUB expression .)
    CHAR_TYPE       reduce using rule 52 (expression -> expression SUB expression .)
    VOID            reduce using rule 52 (expression -> expression SUB expression .)
    $end            reduce using rule 52 (expression -> expression SUB expression .)
    RPAREN          reduce using rule 52 (expression -> expression SUB expression .)
    RBRACE          reduce using rule 52 (expression -> expression SUB expression .)
    RBRACKET        reduce using rule 52 (expression -> expression SUB expression .)
    COMMA           reduce using rule 52 (expression -> expression SUB expression .)
    ASSIGN          reduce using rule 52 (expression -> expression SUB expression .)
    IN              reduce using rule 52 (expression -> expression SUB expression .)
    MUL             shift and go to state 65
    DIV             shift and go to state 66
    MOD             shift and go to state 67
    POW             shift and go to state 68

  ! MUL             [ reduce using rule 52 (expression -> expression SUB expression .) ]
  ! DIV             [ reduce using rule 52 (expression -> expression SUB expression .) ]
  ! MOD             [ reduce using rule 52 (expression -> expression SUB expression .) ]
  ! POW             [ reduce using rule 52 (expression -> expression SUB expression .) ]
  ! ADD             [ shift and go to state 63 ]
  ! SUB             [ shift and go to state 64 ]
  ! AND             [ shift and go to state 69 ]
  ! OR              [ shift and go to state 70 ]
  ! XOR             [ shift and go to state 71 ]
  ! NE              [ shift and go to state 72 ]
  ! EQ              [ shift and go to state 73 ]
  ! GT              [ shift and go to state 74 ]
  ! LT              [ shift and go to state 75 ]
  ! GE              [ shift and go to state 76 ]
  ! LE              [ shift and go to state 77 ]
  ! DOT             [ shift and go to state 78 ]


state 112

    (53) expression -> expression MUL expression .
    (51) expression -> expression . ADD expression
    (52) expression -> expression . SUB expression
    (53) expression -> expression . MUL expression
    (54) expression -> expression . DIV expression
    (55) expression -> expression . MOD expression
    (56) expression -> expression . POW expression
    (57) expression -> expression . AND expression
    (58) expression -> expression . OR expression
    (59) expression -> expression . XOR expression
    (60) expression -> expression . NE expression
    (61) expression -> expression . EQ expression
    (62) expression -> expression . GT expression
    (63) expression -> expression . LT expression
    (64) expression -> expression . GE expression
    (65) expression -> expression . LE expression
    (107) expression -> expression . DOT IDENT

    ADD             reduce using rule 53 (expression -> expression MUL expression .)
    SUB             reduce using rule 53 (expression -> expression MUL expression .)
    MUL             reduce using rule 53 (expression -> expression MUL expression .)
    DIV             reduce using rule 53 (expression -> expression MUL expression .)
    MOD             reduce using rule 53 (expression -> expression MUL expression .)
    AND             reduce using rule 53 (expression -> expression MUL expression .)
    OR              reduce using rule 53 (expression -> expression MUL expression .)
    XOR             reduce using rule 53 (expression -> expression MUL expression .)
    NE              reduce using rule 53 (expression -> expression MUL expression .)
    EQ              reduce using rule 53 (expression -> expression MUL expression .)
    GT              reduce using rule 53 (expression -> expression MUL expression .)
    LT              reduce using rule 53 (expression -> expression MUL expression .)
    GE              reduce using rule 53 (expression -> expression MUL expression .)
    LE              reduce using rule 53 (expression -> expression MUL expression .)
    DOT             reduce using rule 53 (expression -> expression MUL expression .)
    SEMICOLON       reduce using rule 53 (expression -> expression MUL expression .)
    IDENT           reduce using rule 53 (expression -> expression MUL expression .)
    LPAREN          reduce using rule 53 (expression -> expression MUL expression .)
    LBRACE          reduce using rule 53 (expression -> expression MUL expression .)
    NOT             reduce using rule 53 (expression -> expression MUL expression .)
    LBRACKET        reduce using rule 53 (expression -> expression MUL expression .)
    SET             reduce using rule 53 (expression -> expression MUL expression .)
    VAR             reduce using rule 53 (expression -> expression MUL expression .)
    IF              reduce using rule 53 (expression -> expression MUL expression .)
    WHILE           reduce using rule 53 (expression -> expression MUL expression .)
    FOR             reduce using rule 53 (expression -> expression MUL expression .)
    PROCEDURE       reduce using rule 53 (expression -> expression MUL expression .)
    BREAK           reduce using rule 53 (expression -> expression MUL expression .)
    CONTINUE        reduce using rule 53 (expression -> expression MUL expression .)
    RETURN          reduce using rule 53 (expression -> expression MUL expression .)
    SCAN            reduce using rule 53 (expression -> expression MUL expression .)
    ONSCREEN        reduce using rule 53 (expression -> expression MUL expression .)
    PASS            reduce using rule 53 (expression -> expression MUL expression .)
    STR             reduce using rule 53 (expression -> expression MUL expression .)
    INT             reduce using rule 53 (expression -> expression MUL expression .)
    FLOAT           reduce using rule 53 (expression -> expression MUL expression .)
    TRUE            reduce using rule 53 (expression -> expression MUL expression .)
    FALSE           reduce using rule 53 (expression -> expression MUL expression .)
    CHAR            reduce using rule 53 (expression -> expression MUL expression .)
    I8              reduce using rule 53 (expression -> expression MUL expression .)
    I16             reduce using rule 53 (expression -> expression MUL expression .)
    I32             reduce using rule 53 (expression -> expression MUL expression .)
    I64             reduce using rule 53 (expression -> expression MUL expression .)
    U8              reduce using rule 53 (expression -> expression MUL expression .)
    U16             reduce using rule 53 (expression -> expression MUL expression .)
    U32             reduce using rule 53 (expression -> expression MUL expression .)
    U64             reduce using rule 53 (expression -> expression MUL expression .)
    F32             reduce using rule 53 (expression -> expression MUL expression .)
    F64             reduce using rule 53 (expression -> expression MUL expression .)
    USIZE           reduce using rule 53 (expression -> expression MUL expression .)
    ISIZE           reduce using rule 53 (expression -> expression MUL expression .)
    STR_TYPE        reduce using rule 53 (expression -> expression MUL expression .)
    BOOL_TYPE       reduce using rule 53 (expression -> expression MUL expression .)
    INT_TYPE        reduce using rule 53 (expression -> expression MUL expression .)
    CHAR_TYPE       reduce using rule 53 (expression -> expression MUL expression .)
    VOID            reduce using rule 53 (expression -> expression MUL expression .)
    $end            reduce using rule 53 (expression -> expression MUL expression .)
    RPAREN          reduce using rule 53 (expression -> expression MUL expression .)
    RBRACE          reduce using rule 53 (expression -> expression MUL expression .)
    RBRACKET        reduce using rule 53 (expression -> expression MUL expression .)
    COMMA           reduce using rule 53 (expression -> expression MUL expression .)
    ASSIGN          reduce using rule 53 (expression -> expression MUL expression .)
    IN              reduce using rule 53 (expression -> expression MUL expression .)
    POW             shift and go to state 68

  ! POW             [ reduce using rule 53 (expression -> expression MUL expression .) ]
  ! ADD             [ shift and go to state 63 ]
  ! SUB             [ shift and go to state 64 ]
  ! MUL             [ shift and go to state 65 ]
  ! DIV             [ shift and go to state 66 ]
  ! MOD             [ shift and go to state 67 ]
  ! AND             [ shift and go to state 69 ]
  ! OR              [ shift and go to state 70 ]
  ! XOR             [ shift and go to state 71 ]
  ! NE              [ shift and go to state 72 ]
  ! EQ              [ shift and go to state 73 ]
  ! GT              [ shift and go to state 74 ]
  ! LT              [ shift and go to state 75 ]
  ! GE              [ shift and go to state 76 ]
  ! LE              [ shift and go to state 77 ]
  ! DOT             [ shift and go to state 78 ]


state 113

    (54) expression -> expression DIV expression .
    (51) expression -> expression . ADD expression
    (52) expression -> expression . SUB expression
    (53) expression -> expression . MUL expression
    (54) expression -> expression . DIV expression
    (55) expression -> expression . MOD expression
    (56) expression -> expression . POW expression
    (57) expression -> expression . AND expression
    (58) expression -> expression . OR expression
    (59) expression -> expression . XOR expression
    (60) expression -> expression . NE expression
    (61) expression -> expression . EQ expression
    (62) expression -> expression . GT expression
    (63) expression -> expression . LT expression
    (64) expression -> expression . GE expression
    (65) expression -> expression . LE expression
    (107) expression -> expression . DOT IDENT

    ADD             reduce using rule 54 (expression -> expression DIV expression .)
    SUB             reduce using rule 54 (expression -> expression DIV expression .)
    MUL             reduce using rule 54 (expression -> expression DIV expression .)
    DIV             reduce using rule 54 (expression -> expression DIV expression .)
    MOD             reduce using rule 54 (expression -> expression DIV expression .)
    AND             reduce using rule 54 (expression -> expression DIV expression .)
    OR              reduce using rule 54 (expression -> expression DIV expression .)
    XOR             reduce using rule 54 (expression -> expression DIV expression .)
    NE              reduce using rule 54 (expression -> expression DIV expression .)
    EQ              reduce using rule 54 (expression -> expression DIV expression .)
    GT              reduce using rule 54 (expression -> expression DIV expression .)
    LT              reduce using rule 54 (expression -> expression DIV expression .)
    GE              reduce using rule 54 (expression -> expression DIV expression .)
    LE              reduce using rule 54 (expression -> expression DIV expression .)
    DOT             reduce using rule 54 (expression -> expression DIV expression .)
    SEMICOLON       reduce using rule 54 (expression -> expression DIV expression .)
    IDENT           reduce using rule 54 (expression -> expression DIV expression .)
    LPAREN          reduce using rule 54 (expression -> expression DIV expression .)
    LBRACE          reduce using rule 54 (expression -> expression DIV expression .)
    NOT             reduce using rule 54 (expression -> expression DIV expression .)
    LBRACKET        reduce using rule 54 (expression -> expression DIV expression .)
    SET             reduce using rule 54 (expression -> expression DIV expression .)
    VAR             reduce using rule 54 (expression -> expression DIV expression .)
    IF              reduce using rule 54 (expression -> expression DIV expression .)
    WHILE           reduce using rule 54 (expression -> expression DIV expression .)
    FOR             reduce using rule 54 (expression -> expression DIV expression .)
    PROCEDURE       reduce using rule 54 (expression -> expression DIV expression .)
    BREAK           reduce using rule 54 (expression -> expression DIV expression .)
    CONTINUE        reduce using rule 54 (expression -> expression DIV expression .)
    RETURN          reduce using rule 54 (expression -> expression DIV expression .)
    SCAN            reduce using rule 54 (expression -> expression DIV expression .)
    ONSCREEN        reduce using rule 54 (expression -> expression DIV expression .)
    PASS            reduce using rule 54 (expression -> expression DIV expression .)
    STR             reduce using rule 54 (expression -> expression DIV expression .)
    INT             reduce using rule 54 (expression -> expression DIV expression .)
    FLOAT           reduce using rule 54 (expression -> expression DIV expression .)
    TRUE            reduce using rule 54 (expression -> expression DIV expression .)
    FALSE           reduce using rule 54 (expression -> expression DIV expression .)
    CHAR            reduce using rule 54 (expression -> expression DIV expression .)
    I8              reduce using rule 54 (expression -> expression DIV expression .)
    I16             reduce using rule 54 (expression -> expression DIV expression .)
    I32             reduce using rule 54 (expression -> expression DIV expression .)
    I64             reduce using rule 54 (expression -> expression DIV expression .)
    U8              reduce using rule 54 (expression -> expression DIV expression .)
    U16             reduce using rule 54 (expression -> expression DIV expression .)
    U32             reduce using rule 54 (expression -> expression DIV expression .)
    U64             reduce using rule 54 (expression -> expression DIV expression .)
    F32             reduce using rule 54 (expression -> expression DIV expression .)
    F64             reduce using rule 54 (expression -> expression DIV expression .)
    USIZE           reduce using rule 54 (expression -> expression DIV expression .)
    ISIZE           reduce using rule 54 (expression -> expression DIV expression .)
    STR_TYPE        reduce using rule 54 (expression -> expression DIV expression .)
    BOOL_TYPE       reduce using rule 54 (expression -> expression DIV expression .)
    INT_TYPE        reduce using rule 54 (expression -> expression DIV expression .)
    CHAR_TYPE       reduce using rule 54 (expression -> expression DIV expression .)
    VOID            reduce using rule 54 (expression -> expression DIV expression .)
    $end            reduce using rule 54 (expression -> expression DIV expression .)
    RPAREN          reduce using rule 54 (expression -> expression DIV expression .)
    RBRACE          reduce using rule 54 (expression -> expression DIV expression .)
    RBRACKET        reduce using rule 54 (expression -> expression DIV expression .)
    COMMA           reduce using rule 54 (expression -> expression DIV expression .)
    ASSIGN          reduce using rule 54 (expression -> expression DIV expression .)
    IN              reduce using rule 54 (expression -> expression DIV expression .)
    POW             shift and go to state 68

  ! POW             [ reduce using rule 54 (expression -> expression DIV expression .) ]
  ! ADD             [ shift and go to state 63 ]
  ! SUB             [ shift and go to state 64 ]
  ! MUL             [ shift and go to state 65 ]
  ! DIV             [ shift and go to state 66 ]
  ! MOD             [ shift and go to state 67 ]
  ! AND             [ shift and go to state 69 ]
  ! OR              [ shift and go to state 70 ]
  ! XOR             [ shift and go to state 71 ]
  ! NE              [ shift and go to state 72 ]
  ! EQ              [ shift and go to state 73 ]
  ! GT              [ shift and go to state 74 ]
  ! LT              [ shift and go to state 75 ]
  ! GE              [ shift and go to state 76 ]
  ! LE              [ shift and go to state 77 ]
  ! DOT             [ shift and go to state 78 ]


state 114

    (55) expression -> expression MOD expression .
    (51) expression -> expression . ADD expression
    (52) expression -> expression . SUB expression
    (53) expression -> expression . MUL expression
    (54) expression -> expression . DIV expression
    (55) expression -> expression . MOD expression
    (56) expression -> expression . POW expression
    (57) expression -> expression . AND expression
    (58) expression -> expression . OR expression
    (59) expression -> expression . XOR expression
    (60) expression -> expression . NE expression
    (61) expression -> expression . EQ expression
    (62) expression -> expression . GT expression
    (63) expression -> expression . LT expression
    (64) expression -> expression . GE expression
    (65) expression -> expression . LE expression
    (107) expression -> expression . DOT IDENT

    ADD             reduce using rule 55 (expression -> expression MOD expression .)
    SUB             reduce using rule 55 (expression -> expression MOD expression .)
    MUL             reduce using rule 55 (expression -> expression MOD expression .)
    DIV             reduce using rule 55 (expression -> expression MOD expression .)
    MOD             reduce using rule 55 (expression -> expression MOD expression .)
    AND             reduce using rule 55 (expression -> expression MOD expression .)
    OR              reduce using rule 55 (expression -> expression MOD expression .)
    XOR             reduce using rule 55 (expression -> expression MOD expression .)
    NE              reduce using rule 55 (expression -> expression MOD expression .)
    EQ              reduce using rule 55 (expression -> expression MOD expression .)
    GT              reduce using rule 55 (expression -> expression MOD expression .)
    LT              reduce using rule 55 (expression -> expression MOD expression .)
    GE              reduce using rule 55 (expression -> expression MOD expression .)
    LE              reduce using rule 55 (expression -> expression MOD expression .)
    DOT             reduce using rule 55 (expression -> expression MOD expression .)
    SEMICOLON       reduce using rule 55 (expression -> expression MOD expression .)
    IDENT           reduce using rule 55 (expression -> expression MOD expression .)
    LPAREN          reduce using rule 55 (expression -> expression MOD expression .)
    LBRACE          reduce using rule 55 (expression -> expression MOD expression .)
    NOT             reduce using rule 55 (expression -> expression MOD expression .)
    LBRACKET        reduce using rule 55 (expression -> expression MOD expression .)
    SET             reduce using rule 55 (expression -> expression MOD expression .)
    VAR             reduce using rule 55 (expression -> expression MOD expression .)
    IF              reduce using rule 55 (expression -> expression MOD expression .)
    WHILE           reduce using rule 55 (expression -> expression MOD expression .)
    FOR             reduce using rule 55 (expression -> expression MOD expression .)
    PROCEDURE       reduce using rule 55 (expression -> expression MOD expression .)
    BREAK           reduce using rule 55 (expression -> expression MOD expression .)
    CONTINUE        reduce using rule 55 (expression -> expression MOD expression .)
    RETURN          reduce using rule 55 (expression -> expression MOD expression .)
    SCAN            reduce using rule 55 (expression -> expression MOD expression .)
    ONSCREEN        reduce using rule 55 (expression -> expression MOD expression .)
    PASS            reduce using rule 55 (expression -> expression MOD expression .)
    STR             reduce using rule 55 (expression -> expression MOD expression .)
    INT             reduce using rule 55 (expression -> expression MOD expression .)
    FLOAT           reduce using rule 55 (expression -> expression MOD expression .)
    TRUE            reduce using rule 55 (expression -> expression MOD expression .)
    FALSE           reduce using rule 55 (expression -> expression MOD expression .)
    CHAR            reduce using rule 55 (expression -> expression MOD expression .)
    I8              reduce using rule 55 (expression -> expression MOD expression .)
    I16             reduce using rule 55 (expression -> expression MOD expression .)
    I32             reduce using rule 55 (expression -> expression MOD expression .)
    I64             reduce using rule 55 (expression -> expression MOD expression .)
    U8              reduce using rule 55 (expression -> expression MOD expression .)
    U16             reduce using rule 55 (expression -> expression MOD expression .)
    U32             reduce using rule 55 (expression -> expression MOD expression .)
    U64             reduce using rule 55 (expression -> expression MOD expression .)
    F32             reduce using rule 55 (expression -> expression MOD expression .)
    F64             reduce using rule 55 (expression -> expression MOD expression .)
    USIZE           reduce using rule 55 (expression -> expression MOD expression .)
    ISIZE           reduce using rule 55 (expression -> expression MOD expression .)
    STR_TYPE        reduce using rule 55 (expression -> expression MOD expression .)
    BOOL_TYPE       reduce using rule 55 (expression -> expression MOD expression .)
    INT_TYPE        reduce using rule 55 (expression -> expression MOD expression .)
    CHAR_TYPE       reduce using rule 55 (expression -> expression MOD expression .)
    VOID            reduce using rule 55 (expression -> expression MOD expression .)
    $end            reduce using rule 55 (expression -> expression MOD expression .)
    RPAREN          reduce using rule 55 (expression -> expression MOD expression .)
    RBRACE          reduce using rule 55 (expression -> expression MOD expression .)
    RBRACKET        reduce using rule 55 (expression -> expression MOD expression .)
    COMMA           reduce using rule 55 (expression -> expression MOD expression .)
    ASSIGN          reduce using rule 55 (expression -> expression MOD expression .)
    IN              reduce using rule 55 (expression -> expression MOD expression .)
    POW             shift and go to state 68

  ! POW             [ reduce using rule 55 (expression -> expression MOD expression .) ]
  ! ADD             [ shift and go to state 63 ]
  ! SUB             [ shift and go to state 64 ]
  ! MUL             [ shift and go to state 65 ]
  ! DIV             [ shift and go to state 66 ]
  ! MOD             [ shift and go to state 67 ]
  ! AND             [ shift and go to state 69 ]
  ! OR              [ shift and go to state 70 ]
  ! XOR             [ shift and go to state 71 ]
  ! NE              [ shift and go to state 72 ]
  ! EQ              [ shift and go to state 73 ]
  ! GT              [ shift and go to state 74 ]
  ! LT              [ shift and go to state 75 ]
  ! GE              [ shift and go to state 76 ]
  ! LE              [ shift and go to state 77 ]
  ! DOT             [ shift and go to state 78 ]


state 115

    (56) expression -> expression POW expression .
    (51) expression -> expression . ADD expression
    (52) expression -> expression . SUB expression
    (53) expression -> expression . MUL expression
    (54) expression -> expression . DIV expression
    (55) expression -> expression . MOD expression
    (56) expression -> expression . POW expression
    (57) expression -> expression . AND expression
    (58) expression -> expression . OR expression
    (59) expression -> expression . XOR expression
    (60) expression -> expression . NE expression
    (61) expression -> expression . EQ expression
    (62) expression -> expression . GT expression
    (63) expression -> expression . LT expression
    (64) expression -> expression . GE expression
    (65) expression -> expression . LE expression
    (107) expression -> expression . DOT IDENT

    ADD             reduce using rule 56 (expression -> expression POW expression .)
    SUB             reduce using rule 56 (expression -> expression POW expression .)
    MUL             reduce using rule 56 (expression -> expression POW expression .)
    DIV             reduce using rule 56 (expression -> expression POW expression .)
    MOD             reduce using rule 56 (expression -> expression POW expression .)
    AND             reduce using rule 56 (expression -> expression POW expression .)
    OR              reduce using rule 56 (expression -> expression POW expression .)
    XOR             reduce using rule 56 (expression -> expression POW expression .)
    NE              reduce using rule 56 (expression -> expression POW expression .)
    EQ              reduce using rule 56 (expression -> expression POW expression .)
    GT              reduce using rule 56 (expression -> expression POW expression .)
    LT              reduce using rule 56 (expression -> expression POW expression .)
    GE              reduce using rule 56 (expression -> expression POW expression .)
    LE              reduce using rule 56 (expression -> expression POW expression .)
    DOT             reduce using rule 56 (expression -> expression POW expression .)
    SEMICOLON       reduce using rule 56 (expression -> expression POW expression .)
    IDENT           reduce using rule 56 (expression -> expression POW expression .)
    LPAREN          reduce using rule 56 (expression -> expression POW expression .)
    LBRACE          reduce using rule 56 (expression -> expression POW expression .)
    NOT             reduce using rule 56 (expression -> expression POW expression .)
    LBRACKET        reduce using rule 56 (expression -> expression POW expression .)
    SET             reduce using rule 56 (expression -> expression POW expression .)
    VAR             reduce using rule 56 (expression -> expression POW expression .)
    IF              reduce using rule 56 (expression -> expression POW expression .)
    WHILE           reduce using rule 56 (expression -> expression POW expression .)
    FOR             reduce using rule 56 (expression -> expression POW expression .)
    PROCEDURE       reduce using rule 56 (expression -> expression POW expression .)
    BREAK           reduce using rule 56 (expression -> expression POW expression .)
    CONTINUE        reduce using rule 56 (expression -> expression POW expression .)
    RETURN          reduce using rule 56 (expression -> expression POW expression .)
    SCAN            reduce using rule 56 (expression -> expression POW expression .)
    ONSCREEN        reduce using rule 56 (expression -> expression POW expression .)
    PASS            reduce using rule 56 (expression -> expression POW expression .)
    STR             reduce using rule 56 (expression -> expression POW expression .)
    INT             reduce using rule 56 (expression -> expression POW expression .)
    FLOAT           reduce using rule 56 (expression -> expression POW expression .)
    TRUE            reduce using rule 56 (expression -> expression POW expression .)
    FALSE           reduce using rule 56 (expression -> expression POW expression .)
    CHAR            reduce using rule 56 (expression -> expression POW expression .)
    I8              reduce using rule 56 (expression -> expression POW expression .)
    I16             reduce using rule 56 (expression -> expression POW expression .)
    I32             reduce using rule 56 (expression -> expression POW expression .)
    I64             reduce using rule 56 (expression -> expression POW expression .)
    U8              reduce using rule 56 (expression -> expression POW expression .)
    U16             reduce using rule 56 (expression -> expression POW expression .)
    U32             reduce using rule 56 (expression -> expression POW expression .)
    U64             reduce using rule 56 (expression -> expression POW expression .)
    F32             reduce using rule 56 (expression -> expression POW expression .)
    F64             reduce using rule 56 (expression -> expression POW expression .)
    USIZE           reduce using rule 56 (expression -> expression POW expression .)
    ISIZE           reduce using rule 56 (expression -> expression POW expression .)
    STR_TYPE        reduce using rule 56 (expression -> expression POW expression .)
    BOOL_TYPE       reduce using rule 56 (expression -> expression POW expression .)
    INT_TYPE        reduce using rule 56 (expression -> expression POW expression .)
    CHAR_TYPE       reduce using rule 56 (expression -> expression POW expression .)
    VOID            reduce using rule 56 (expression -> expression POW expression .)
    $end            reduce using rule 56 (expression -> expression POW expression .)
    RPAREN          reduce using rule 56 (expression -> expression POW expression .)
    RBRACE          reduce using rule 56 (expression -> expression POW expression .)
    RBRACKET        reduce using rule 56 (expression -> expression POW expression .)
    COMMA           reduce using rule 56 (expression -> expression POW expression .)
    ASSIGN          reduce using rule 56 (expression -> expression POW expression .)
    IN              reduce using rule 56 (expression -> expression POW expression .)
    POW             shift and go to state 68

  ! POW             [ reduce using rule 56 (expression -> expression POW expression .) ]
  ! ADD             [ shift and go to state 63 ]
  ! SUB             [ shift and go to state 64 ]
  ! MUL             [ shift and go to state 65 ]
  ! DIV             [ shift and go to state 66 ]
  ! MOD             [ shift and go to state 67 ]
  ! AND             [ shift and go to state 69 ]
  ! OR              [ shift and go to state 70 ]
  ! XOR             [ shift and go to state 71 ]
  ! NE              [ shift and go to state 72 ]
  ! EQ              [ shift and go to state 73 ]
  ! GT              [ shift and go to state 74 ]
  ! LT              [ shift and go to state 75 ]
  ! GE              [ shift and go to state 76 ]
  ! LE              [ shift and go to state 77 ]
  ! DOT             [ shift and go to state 78 ]


state 116

    (57) expression -> expression AND expression .
    (51) expression -> expression . ADD expression
    (52) expression -> expression . SUB expression
    (53) expression -> expression . MUL expression
    (54) expression -> expression . DIV expression
    (55) expression -> expression . MOD expression
    (56) expression -> expression . POW expression
    (57) expression -> expression . AND expression
    (58) expression -> expression . OR expression
    (59) expression -> expression . XOR expression
    (60) expression -> expression . NE expression
    (61) expression -> expression . EQ expression
    (62) expression -> expression . GT expression
    (63) expression -> expression . LT expression
    (64) expression -> expression . GE expression
    (65) expression -> expression . LE expression
    (107) expression -> expression . DOT IDENT

    AND             reduce using rule 57 (expression -> expression AND expression .)
    OR              reduce using rule 57 (expression -> expression AND expression .)
    DOT             reduce using rule 57 (expression -> expression AND expression .)
    SEMICOLON       reduce using rule 57 (expression -> expression AND expression .)
    IDENT           reduce using rule 57 (expression -> expression AND expression .)
    LPAREN          reduce using rule 57 (expression -> expression AND expression .)
    LBRACE          reduce using rule 57 (expression -> expression AND expression .)
    NOT             reduce using rule 57 (expression -> expression AND expression .)
    LBRACKET        reduce using rule 57 (expression -> expression AND expression .)
    SET             reduce using rule 57 (expression -> expression AND expression .)
    VAR             reduce using rule 57 (expression -> expression AND expression .)
    IF              reduce using rule 57 (expression -> expression AND expression .)
    WHILE           reduce using rule 57 (expression -> expression AND expression .)
    FOR             reduce using rule 57 (expression -> expression AND expression .)
    PROCEDURE       reduce using rule 57 (expression -> expression AND expression .)
    BREAK           reduce using rule 57 (expression -> expression AND expression .)
    CONTINUE        reduce using rule 57 (expression -> expression AND expression .)
    RETURN          reduce using rule 57 (expression -> expression AND expression .)
    SCAN            reduce using rule 57 (expression -> expression AND expression .)
    ONSCREEN        reduce using rule 57 (expression -> expression AND expression .)
    PASS            reduce using rule 57 (expression -> expression AND expression .)
    STR             reduce using rule 57 (expression -> expression AND expression .)
    INT             reduce using rule 57 (expression -> expression AND expression .)
    FLOAT           reduce using rule 57 (expression -> expression AND expression .)
    TRUE            reduce using rule 57 (expression -> expression AND expression .)
    FALSE           reduce using rule 57 (expression -> expression AND expression .)
    CHAR            reduce using rule 57 (expression -> expression AND expression .)
    I8              reduce using rule 57 (expression -> expression AND expression .)
    I16             reduce using rule 57 (expression -> expression AND expression .)
    I32             reduce using rule 57 (expression -> expression AND expression .)
    I64             reduce using rule 57 (expression -> expression AND expression .)
    U8              reduce using rule 57 (expression -> expression AND expression .)
    U16             reduce using rule 57 (expression -> expression AND expression .)
    U32             reduce using rule 57 (expression -> expression AND expression .)
    U64             reduce using rule 57 (expression -> expression AND expression .)
    F32             reduce using rule 57 (expression -> expression AND expression .)
    F64             reduce using rule 57 (expression -> expression AND expression .)
    USIZE           reduce using rule 57 (expression -> expression AND expression .)
    ISIZE           reduce using rule 57 (expression -> expression AND expression .)
    STR_TYPE        reduce using rule 57 (expression -> expression AND expression .)
    BOOL_TYPE       reduce using rule 57 (expression -> expression AND expression .)
    INT_TYPE        reduce using rule 57 (expression -> expression AND expression .)
    CHAR_TYPE       reduce using rule 57 (expression -> expression AND expression .)
    VOID            reduce using rule 57 (expression -> expression AND expression .)
    $end            reduce using rule 57 (expression -> expression AND expression .)
    RPAREN          reduce using rule 57 (expression -> expression AND expression .)
    RBRACE          reduce using rule 57 (expression -> expression AND expression .)
    RBRACKET        reduce using rule 57 (expression -> expression AND expression .)
    COMMA           reduce using rule 57 (expression -> expression AND expression .)
    ASSIGN          reduce using rule 57 (expression -> expression AND expression .)
    IN              reduce using rule 57 (expression -> expression AND expression .)
    ADD             shift and go to state 63
    SUB             shift and go to state 64
    MUL             shift and go to state 65
    DIV             shift and go to state 66
    MOD             shift and go to state 67
    POW             shift and go to state 68
    XOR             shift and go to state 71
    NE              shift and go to state 72
    EQ              shift and go to state 73
    GT              shift and go to state 74
    LT              shift and go to state 75
    GE              shift and go to state 76
    LE              shift and go to state 77

  ! ADD             [ reduce using rule 57 (expression -> expression AND expression .) ]
  ! SUB             [ reduce using rule 57 (expression -> expression AND expression .) ]
  ! MUL             [ reduce using rule 57 (expression -> expression AND expression .) ]
  ! DIV             [ reduce using rule 57 (expression -> expression AND expression .) ]
  ! MOD             [ reduce using rule 57 (expression -> expression AND expression .) ]
  ! POW             [ reduce using rule 57 (expression -> expression AND expression .) ]
  ! XOR             [ reduce using rule 57 (expression -> expression AND expression .) ]
  ! NE              [ reduce using rule 57 (expression -> expression AND expression .) ]
  ! EQ              [ reduce using rule 57 (expression -> expression AND expression .) ]
  ! GT              [ reduce using rule 57 (expression -> expression AND expression .) ]
  ! LT              [ reduce using rule 57 (expression -> expression AND expression .) ]
  ! GE              [ reduce using rule 57 (expression -> expression AND expression .) ]
  ! LE              [ reduce using rule 57 (expression -> expression AND expression .) ]
  ! AND             [ shift and go to state 69 ]
  ! OR              [ shift and go to state 70 ]
  ! DOT             [ shift and go to state 78 ]


state 117

    (58) expression -> expression OR expression .
    (51) expression -> expression . ADD expression
    (52) expression -> expression . SUB expression
    (53) expression -> expression . MUL expression
    (54) expression -> expression . DIV expression
    (55) expression -> expression . MOD expression
    (56) expression -> expression . POW expression
    (57) expression -> expression . AND expression
    (58) expression -> expression . OR expression
    (59) expression -> expression . XOR expression
    (60) expression -> expression . NE expression
    (61) expression -> expression . EQ expression
    (62) expression -> expression . GT expression
    (63) expression -> expression . LT expression
    (64) expression -> expression . GE expression
    (65) expression -> expression . LE expression
    (107) expression -> expression . DOT IDENT

    OR              reduce using rule 58 (expression -> expression OR expression .)
    DOT             reduce using rule 58 (expression -> expression OR expression .)
    SEMICOLON       reduce using rule 58 (expression -> expression OR expression .)
    IDENT           reduce using rule 58 (expression -> expression OR expression .)
    LPAREN          reduce using rule 58 (expression -> expression OR expression .)
    LBRACE          reduce using rule 58 (expression -> expression OR expression .)
    NOT             reduce using rule 58 (expression -> expression OR expression .)
    LBRACKET        reduce using rule 58 (expression -> expression OR expression .)
    SET             reduce using rule 58 (expression -> expression OR expression .)
    VAR             reduce using rule 58 (expression -> expression OR expression .)
    IF              reduce using rule 58 (expression -> expression OR expression .)
    WHILE           reduce using rule 58 (expression -> expression OR expression .)
    FOR             reduce using rule 58 (expression -> expression OR expression .)
    PROCEDURE       reduce using rule 58 (expression -> expression OR expression .)
    BREAK           reduce using rule 58 (expression -> expression OR expression .)
    CONTINUE        reduce using rule 58 (expression -> expression OR expression .)
    RETURN          reduce using rule 58 (expression -> expression OR expression .)
    SCAN            reduce using rule 58 (expression -> expression OR expression .)
    ONSCREEN        reduce using rule 58 (expression -> expression OR expression .)
    PASS            reduce using rule 58 (expression -> expression OR expression .)
    STR             reduce using rule 58 (expression -> expression OR expression .)
    INT             reduce using rule 58 (expression -> expression OR expression .)
    FLOAT           reduce using rule 58 (expression -> expression OR expression .)
    TRUE            reduce using rule 58 (expression -> expression OR expression .)
    FALSE           reduce using rule 58 (expression -> expression OR expression .)
    CHAR            reduce using rule 58 (expression -> expression OR expression .)
    I8              reduce using rule 58 (expression -> expression OR expression .)
    I16             reduce using rule 58 (expression -> expression OR expression .)
    I32             reduce using rule 58 (expression -> expression OR expression .)
    I64             reduce using rule 58 (expression -> expression OR expression .)
    U8              reduce using rule 58 (expression -> expression OR expression .)
    U16             reduce using rule 58 (expression -> expression OR expression .)
    U32             reduce using rule 58 (expression -> expression OR expression .)
    U64             reduce using rule 58 (expression -> expression OR expression .)
    F32             reduce using rule 58 (expression -> expression OR expression .)
    F64             reduce using rule 58 (expression -> expression OR expression .)
    USIZE           reduce using rule 58 (expression -> expression OR expression .)
    ISIZE           reduce using rule 58 (expression -> expression OR expression .)
    STR_TYPE        reduce using rule 58 (expression -> expression OR expression .)
    BOOL_TYPE       reduce using rule 58 (expression -> expression OR expression .)
    INT_TYPE        reduce using rule 58 (expression -> expression OR expression .)
    CHAR_TYPE       reduce using rule 58 (expression -> expression OR expression .)
    VOID            reduce using rule 58 (expression -> expression OR expression .)
    $end            reduce using rule 58 (expression -> expression OR expression .)
    RPAREN          reduce using rule 58 (expression -> expression OR expression .)
    RBRACE          reduce using rule 58 (expression -> expression OR expression .)
    RBRACKET        reduce using rule 58 (expression -> expression OR expression .)
    COMMA           reduce using rule 58 (expression -> expression OR expression .)
    ASSIGN          reduce using rule 58 (expression -> expression OR expression .)
    IN              reduce using rule 58 (expression -> expression OR expression .)
    ADD             shift and go to state 63
    SUB             shift and go to state 64
    MUL             shift and go to state 65
    DIV             shift and go to state 66
    MOD             shift and go to state 67
    POW             shift and go to state 68
    AND             shift and go to state 69
    XOR             shift and go to state 71
    NE              shift and go to state 72
    EQ              shift and go to state 73
    GT              shift and go to state 74
    LT              shift and go to state 75
    GE              shift and go to state 76
    LE              shift and go to state 77

  ! ADD             [ reduce using rule 58 (expression -> expression OR expression .) ]
  ! SUB             [ reduce using rule 58 (expression -> expression OR expression .) ]
  ! MUL             [ reduce using rule 58 (expression -> expression OR expression .) ]
  ! DIV             [ reduce using rule 58 (expression -> expression OR expression .) ]
  ! MOD             [ reduce using rule 58 (expression -> expression OR expression .) ]
  ! POW             [ reduce using rule 58 (expression -> expression OR expression .) ]
  ! AND             [ reduce using rule 58 (expression -> expression OR expression .) ]
  ! XOR             [ reduce using rule 58 (expression -> expression OR expression .) ]
  ! NE              [ reduce using rule 58 (expression -> expression OR expression .) ]
  ! EQ              [ reduce using rule 58 (expression -> expression OR expression .) ]
  ! GT              [ reduce using rule 58 (expression -> expression OR expression .) ]
  ! LT              [ reduce using rule 58 (expression -> expression OR expression .) ]
  ! GE              [ reduce using rule 58 (expression -> expression OR expression .) ]
  ! LE              [ reduce using rule 58 (expression -> expression OR expression .) ]
  ! OR              [ shift and go to state 70 ]
  ! DOT             [ shift and go to state 78 ]


state 118

    (59) expression -> expression XOR expression .
    (51) expression -> expression . ADD expression
    (52) expression -> expression . SUB expression
    (53) expression -> expression . MUL expression
    (54) expression -> expression . DIV expression
    (55) expression -> expression . MOD expression
    (56) expression -> expression . POW expression
    (57) expression -> expression . AND expression
    (58) expression -> expression . OR expression
    (59) expression -> expression . XOR expression
    (60) expression -> expression . NE expression
    (61) expression -> expression . EQ expression
    (62) expression -> expression . GT expression
    (63) expression -> expression . LT expression
    (64) expression -> expression . GE expression
    (65) expression -> expression . LE expression
    (107) expression -> expression . DOT IDENT

    AND             reduce using rule 59 (expression -> expression XOR expression .)
    OR              reduce using rule 59 (expression -> expression XOR expression .)
    XOR             reduce using rule 59 (expression -> expression XOR expression .)
    DOT             reduce using rule 59 (expression -> expression XOR expression .)
    SEMICOLON       reduce using rule 59 (expression -> expression XOR expression .)
    IDENT           reduce using rule 59 (expression -> expression XOR expression .)
    LPAREN          reduce using rule 59 (expression -> expression XOR expression .)
    LBRACE          reduce using rule 59 (expression -> expression XOR expression .)
    NOT             reduce using rule 59 (expression -> expression XOR expression .)
    LBRACKET        reduce using rule 59 (expression -> expression XOR expression .)
    SET             reduce using rule 59 (expression -> expression XOR expression .)
    VAR             reduce using rule 59 (expression -> expression XOR expression .)
    IF              reduce using rule 59 (expression -> expression XOR expression .)
    WHILE           reduce using rule 59 (expression -> expression XOR expression .)
    FOR             reduce using rule 59 (expression -> expression XOR expression .)
    PROCEDURE       reduce using rule 59 (expression -> expression XOR expression .)
    BREAK           reduce using rule 59 (expression -> expression XOR expression .)
    CONTINUE        reduce using rule 59 (expression -> expression XOR expression .)
    RETURN          reduce using rule 59 (expression -> expression XOR expression .)
    SCAN            reduce using rule 59 (expression -> expression XOR expression .)
    ONSCREEN        reduce using rule 59 (expression -> expression XOR expression .)
    PASS            reduce using rule 59 (expression -> expression XOR expression .)
    STR             reduce using rule 59 (expression -> expression XOR expression .)
    INT             reduce using rule 59 (expression -> expression XOR expression .)
    FLOAT           reduce using rule 59 (expression -> expression XOR expression .)
    TRUE            reduce using rule 59 (expression -> expression XOR expression .)
    FALSE           reduce using rule 59 (expression -> expression XOR expression .)
    CHAR            reduce using rule 59 (expression -> expression XOR expression .)
    I8              reduce using rule 59 (expression -> expression XOR expression .)
    I16             reduce using rule 59 (expression -> expression XOR expression .)
    I32             reduce using rule 59 (expression -> expression XOR expression .)
    I64             reduce using rule 59 (expression -> expression XOR expression .)
    U8              reduce using rule 59 (expression -> expression XOR expression .)
    U16             reduce using rule 59 (expression -> expression XOR expression .)
    U32             reduce using rule 59 (expression -> expression XOR expression .)
    U64             reduce using rule 59 (expression -> expression XOR expression .)
    F32             reduce using rule 59 (expression -> expression XOR expression .)
    F64             reduce using rule 59 (expression -> expression XOR expression .)
    USIZE           reduce using rule 59 (expression -> expression XOR expression .)
    ISIZE           reduce using rule 59 (expression -> expression XOR expression .)
    STR_TYPE        reduce using rule 59 (expression -> expression XOR expression .)
    BOOL_TYPE       reduce using rule 59 (expression -> expression XOR expression .)
    INT_TYPE        reduce using rule 59 (expression -> expression XOR expression .)
    CHAR_TYPE       reduce using rule 59 (expression -> expression XOR expression .)
    VOID            reduce using rule 59 (expression -> expression XOR expression .)
    $end            reduce using rule 59 (expression -> expression XOR expression .)
    RPAREN          reduce using rule 59 (expression -> expression XOR expression .)
    RBRACE          reduce using rule 59 (expression -> expression XOR expression .)
    RBRACKET        reduce using rule 59 (expression -> expression XOR expression .)
    COMMA           reduce using rule 59 (expression -> expression XOR expression .)
    ASSIGN          reduce using rule 59 (expression -> expression XOR expression .)
    IN              reduce using rule 59 (expression -> expression XOR expression .)
    ADD             shift and go to state 63
    SUB             shift and go to state 64
    MUL             shift and go to state 65
    DIV             shift and go to state 66
    MOD             shift and go to state 67
    POW             shift and go to state 68
    NE              shift and go to state 72
    EQ              shift and go to state 73
    GT              shift and go to state 74
    LT              shift and go to state 75
    GE              shift and go to state 76
    LE              shift and go to state 77

  ! ADD             [ reduce using rule 59 (expression -> expression XOR expression .) ]
  ! SUB             [ reduce using rule 59 (expression -> expression XOR expression .) ]
  ! MUL             [ reduce using rule 59 (expression -> expression XOR expression .) ]
  ! DIV             [ reduce using rule 59 (expression -> expression XOR expression .) ]
  ! MOD             [ reduce using rule 59 (expression -> expression XOR expression .) ]
  ! POW             [ reduce using rule 59 (expression -> expression XOR expression .) ]
  ! NE              [ reduce using rule 59 (expression -> expression XOR expression .) ]
  ! EQ              [ reduce using rule 59 (expression -> expression XOR expression .) ]
  ! GT              [ reduce using rule 59 (expression -> expression XOR expression .) ]
  ! LT              [ reduce using rule 59 (expression -> expression XOR expression .) ]
  ! GE              [ reduce using rule 59 (expression -> expression XOR expression .) ]
  ! LE              [ reduce using rule 59 (expression -> expression XOR expression .) ]
  ! AND             [ shift and go to state 69 ]
  ! OR              [ shift and go to state 70 ]
  ! XOR             [ shift and go to state 71 ]
  ! DOT             [ shift and go to state 78 ]


state 119

    (60) expression -> expression NE expression .
    (51) expression -> expression . ADD expression
    (52) expression -> expression . SUB expression
    (53) expression -> expression . MUL expression
    (54) expression -> expression . DIV expression
    (55) expression -> expression . MOD expression
    (56) expression -> expression . POW expression
    (57) expression -> expression . AND expression
    (58) expression -> expression . OR expression
    (59) expression -> expression . XOR expression
    (60) expression -> expression . NE expression
    (61) expression -> expression . EQ expression
    (62) expression -> expression . GT expression
    (63) expression -> expression . LT expression
    (64) expression -> expression . GE expression
    (65) expression -> expression . LE expression
    (107) expression -> expression . DOT IDENT

    AND             reduce using rule 60 (expression -> expression NE expression .)
    OR              reduce using rule 60 (expression -> expression NE expression .)
    XOR             reduce using rule 60 (expression -> expression NE expression .)
    NE              reduce using rule 60 (expression -> expression NE expression .)
    EQ              reduce using rule 60 (expression -> expression NE expression .)
    DOT             reduce using rule 60 (expression -> expression NE expression .)
    SEMICOLON       reduce using rule 60 (expression -> expression NE expression .)
    IDENT           reduce using rule 60 (expression -> expression NE expression .)
    LPAREN          reduce using rule 60 (expression -> expression NE expression .)
    LBRACE          reduce using rule 60 (expression -> expression NE expression .)
    NOT             reduce using rule 60 (expression -> expression NE expression .)
    LBRACKET        reduce using rule 60 (expression -> expression NE expression .)
    SET             reduce using rule 60 (expression -> expression NE expression .)
    VAR             reduce using rule 60 (expression -> expression NE expression .)
    IF              reduce using rule 60 (expression -> expression NE expression .)
    WHILE           reduce using rule 60 (expression -> expression NE expression .)
    FOR             reduce using rule 60 (expression -> expression NE expression .)
    PROCEDURE       reduce using rule 60 (expression -> expression NE expression .)
    BREAK           reduce using rule 60 (expression -> expression NE expression .)
    CONTINUE        reduce using rule 60 (expression -> expression NE expression .)
    RETURN          reduce using rule 60 (expression -> expression NE expression .)
    SCAN            reduce using rule 60 (expression -> expression NE expression .)
    ONSCREEN        reduce using rule 60 (expression -> expression NE expression .)
    PASS            reduce using rule 60 (expression -> expression NE expression .)
    STR             reduce using rule 60 (expression -> expression NE expression .)
    INT             reduce using rule 60 (expression -> expression NE expression .)
    FLOAT           reduce using rule 60 (expression -> expression NE expression .)
    TRUE            reduce using rule 60 (expression -> expression NE expression .)
    FALSE           reduce using rule 60 (expression -> expression NE expression .)
    CHAR            reduce using rule 60 (expression -> expression NE expression .)
    I8              reduce using rule 60 (expression -> expression NE expression .)
    I16             reduce using rule 60 (expression -> expression NE expression .)
    I32             reduce using rule 60 (expression -> expression NE expression .)
    I64             reduce using rule 60 (expression -> expression NE expression .)
    U8              reduce using rule 60 (expression -> expression NE expression .)
    U16             reduce using rule 60 (expression -> expression NE expression .)
    U32             reduce using rule 60 (expression -> expression NE expression .)
    U64             reduce using rule 60 (expression -> expression NE expression .)
    F32             reduce using rule 60 (expression -> expression NE expression .)
    F64             reduce using rule 60 (expression -> expression NE expression .)
    USIZE           reduce using rule 60 (expression -> expression NE expression .)
    ISIZE           reduce using rule 60 (expression -> expression NE expression .)
    STR_TYPE        reduce using rule 60 (expression -> expression NE expression .)
    BOOL_TYPE       reduce using rule 60 (expression -> expression NE expression .)
    INT_TYPE        reduce using rule 60 (expression -> expression NE expression .)
    CHAR_TYPE       reduce using rule 60 (expression -> expression NE expression .)
    VOID            reduce using rule 60 (expression -> expression NE expression .)
    $end            reduce using rule 60 (expression -> expression NE expression .)
    RPAREN          reduce using rule 60 (expression -> expression NE expression .)
    RBRACE          reduce using rule 60 (expression -> expression NE expression .)
    RBRACKET        reduce using rule 60 (expression -> expression NE expression .)
    COMMA           reduce using rule 60 (expression -> expression NE expression .)
    ASSIGN          reduce using rule 60 (expression -> expression NE expression .)
    IN              reduce using rule 60 (expression -> expression NE expression .)
    ADD             shift and go to state 63
    SUB             shift and go to state 64
    MUL             shift and go to state 65
    DIV             shift and go to state 66
    MOD             shift and go to state 67
    POW             shift and go to state 68
    GT              shift and go to state 74
    LT              shift and go to state 75
    GE              shift and go to state 76
    LE              shift and go to state 77

  ! ADD             [ reduce using rule 60 (expression -> expression NE expression .) ]
  ! SUB             [ reduce using rule 60 (expression -> expression NE expression .) ]
  ! MUL             [ reduce using rule 60 (expression -> expression NE expression .) ]
  ! DIV             [ reduce using rule 60 (expression -> expression NE expression .) ]
  ! MOD             [ reduce using rule 60 (expression -> expression NE expression .) ]
  ! POW             [ reduce using rule 60 (expression -> expression NE expression .) ]
  ! GT              [ reduce using rule 60 (expression -> expression NE expression .) ]
  ! LT              [ reduce using rule 60 (expression -> expression NE expression .) ]
  ! GE              [ reduce using rule 60 (expression -> expression NE expression .) ]
  ! LE              [ reduce using rule 60 (expression -> expression NE expression .) ]
  ! AND             [ shift and go to state 69 ]
  ! OR              [ shift and go to state 70 ]
  ! XOR             [ shift and go to state 71 ]
  ! NE              [ shift and go to state 72 ]
  ! EQ              [ shift and go to state 73 ]
  ! DOT             [ shift and go to state 78 ]


state 120

    (61) expression -> expression EQ expression .
    (51) expression -> expression . ADD expression
    (52) expression -> expression . SUB expression
    (53) expression -> expression . MUL expression
    (54) expression -> expression . DIV expression
    (55) expression -> expression . MOD expression
    (56) expression -> expression . POW expression
    (57) expression -> expression . AND expression
    (58) expression -> expression . OR expression
    (59) expression -> expression . XOR expression
    (60) expression -> expression . NE expression
    (61) expression -> expression . EQ expression
    (62) expression -> expression . GT expression
    (63) expression -> expression . LT expression
    (64) expression -> expression . GE expression
    (65) expression -> expression . LE expression
    (107) expression -> expression . DOT IDENT

    AND             reduce using rule 61 (expression -> expression EQ expression .)
    OR              reduce using rule 61 (expression -> expression EQ expression .)
    XOR             reduce using rule 61 (expression -> expression EQ expression .)
    NE              reduce using rule 61 (expression -> expression EQ expression .)
    EQ              reduce using rule 61 (expression -> expression EQ expression .)
    DOT             reduce using rule 61 (expression -> expression EQ expression .)
    SEMICOLON       reduce using rule 61 (expression -> expression EQ expression .)
    IDENT           reduce using rule 61 (expression -> expression EQ expression .)
    LPAREN          reduce using rule 61 (expression -> expression EQ expression .)
    LBRACE          reduce using rule 61 (expression -> expression EQ expression .)
    NOT             reduce using rule 61 (expression -> expression EQ expression .)
    LBRACKET        reduce using rule 61 (expression -> expression EQ expression .)
    SET             reduce using rule 61 (expression -> expression EQ expression .)
    VAR             reduce using rule 61 (expression -> expression EQ expression .)
    IF              reduce using rule 61 (expression -> expression EQ expression .)
    WHILE           reduce using rule 61 (expression -> expression EQ expression .)
    FOR             reduce using rule 61 (expression -> expression EQ expression .)
    PROCEDURE       reduce using rule 61 (expression -> expression EQ expression .)
    BREAK           reduce using rule 61 (expression -> expression EQ expression .)
    CONTINUE        reduce using rule 61 (expression -> expression EQ expression .)
    RETURN          reduce using rule 61 (expression -> expression EQ expression .)
    SCAN            reduce using rule 61 (expression -> expression EQ expression .)
    ONSCREEN        reduce using rule 61 (expression -> expression EQ expression .)
    PASS            reduce using rule 61 (expression -> expression EQ expression .)
    STR             reduce using rule 61 (expression -> expression EQ expression .)
    INT             reduce using rule 61 (expression -> expression EQ expression .)
    FLOAT           reduce using rule 61 (expression -> expression EQ expression .)
    TRUE            reduce using rule 61 (expression -> expression EQ expression .)
    FALSE           reduce using rule 61 (expression -> expression EQ expression .)
    CHAR            reduce using rule 61 (expression -> expression EQ expression .)
    I8              reduce using rule 61 (expression -> expression EQ expression .)
    I16             reduce using rule 61 (expression -> expression EQ expression .)
    I32             reduce using rule 61 (expression -> expression EQ expression .)
    I64             reduce using rule 61 (expression -> expression EQ expression .)
    U8              reduce using rule 61 (expression -> expression EQ expression .)
    U16             reduce using rule 61 (expression -> expression EQ expression .)
    U32             reduce using rule 61 (expression -> expression EQ expression .)
    U64             reduce using rule 61 (expression -> expression EQ expression .)
    F32             reduce using rule 61 (expression -> expression EQ expression .)
    F64             reduce using rule 61 (expression -> expression EQ expression .)
    USIZE           reduce using rule 61 (expression -> expression EQ expression .)
    ISIZE           reduce using rule 61 (expression -> expression EQ expression .)
    STR_TYPE        reduce using rule 61 (expression -> expression EQ expression .)
    BOOL_TYPE       reduce using rule 61 (expression -> expression EQ expression .)
    INT_TYPE        reduce using rule 61 (expression -> expression EQ expression .)
    CHAR_TYPE       reduce using rule 61 (expression -> expression EQ expression .)
    VOID            reduce using rule 61 (expression -> expression EQ expression .)
    $end            reduce using rule 61 (expression -> expression EQ expression .)
    RPAREN          reduce using rule 61 (expression -> expression EQ expression .)
    RBRACE          reduce using rule 61 (expression -> expression EQ expression .)
    RBRACKET        reduce using rule 61 (expression -> expression EQ expression .)
    COMMA           reduce using rule 61 (expression -> expression EQ expression .)
    ASSIGN          reduce using rule 61 (expression -> expression EQ expression .)
    IN              reduce using rule 61 (expression -> expression EQ expression .)
    ADD             shift and go to state 63
    SUB             shift and go to state 64
    MUL             shift and go to state 65
    DIV             shift and go to state 66
    MOD             shift and go to state 67
    POW             shift and go to state 68
    GT              shift and go to state 74
    LT              shift and go to state 75
    GE              shift and go to state 76
    LE              shift and go to state 77

  ! ADD             [ reduce using rule 61 (expression -> expression EQ expression .) ]
  ! SUB             [ reduce using rule 61 (expression -> expression EQ expression .) ]
  ! MUL             [ reduce using rule 61 (expression -> expression EQ expression .) ]
  ! DIV             [ reduce using rule 61 (expression -> expression EQ expression .) ]
  ! MOD             [ reduce using rule 61 (expression -> expression EQ expression .) ]
  ! POW             [ reduce using rule 61 (expression -> expression EQ expression .) ]
  ! GT              [ reduce using rule 61 (expression -> expression EQ expression .) ]
  ! LT              [ reduce using rule 61 (expression -> expression EQ expression .) ]
  ! GE              [ reduce using rule 61 (expression -> expression EQ expression .) ]
  ! LE              [ reduce using rule 61 (expression -> expression EQ expression .) ]
  ! AND             [ shift and go to state 69 ]
  ! OR              [ shift and go to state 70 ]
  ! XOR             [ shift and go to state 71 ]
  ! NE              [ shift and go to state 72 ]
  ! EQ              [ shift and go to state 73 ]
  ! DOT             [ shift and go to state 78 ]


state 121

    (62) expression -> expression GT expression .
    (51) expression -> expression . ADD expression
    (52) expression -> expression . SUB expression
    (53) expression -> expression . MUL expression
    (54) expression -> expression . DIV expression
    (55) expression -> expression . MOD expression
    (56) expression -> expression . POW expression
    (57) expression -> expression . AND expression
    (58) expression -> expression . OR expression
    (59) expression -> expression . XOR expression
    (60) expression -> expression . NE expression
    (61) expression -> expression . EQ expression
    (62) expression -> expression . GT expression
    (63) expression -> expression . LT expression
    (64) expression -> expression . GE expression
    (65) expression -> expression . LE expression
    (107) expression -> expression . DOT IDENT

    AND             reduce using rule 62 (expression -> expression GT expression .)
    OR              reduce using rule 62 (expression -> expression GT expression .)
    XOR             reduce using rule 62 (expression -> expression GT expression .)
    NE              reduce using rule 62 (expression -> expression GT expression .)
    EQ              reduce using rule 62 (expression -> expression GT expression .)
    GT              reduce using rule 62 (expression -> expression GT expression .)
    LT              reduce using rule 62 (expression -> expression GT expression .)
    GE              reduce using rule 62 (expression -> expression GT expression .)
    LE              reduce using rule 62 (expression -> expression GT expression .)
    DOT             reduce using rule 62 (expression -> expression GT expression .)
    SEMICOLON       reduce using rule 62 (expression -> expression GT expression .)
    IDENT           reduce using rule 62 (expression -> expression GT expression .)
    LPAREN          reduce using rule 62 (expression -> expression GT expression .)
    LBRACE          reduce using rule 62 (expression -> expression GT expression .)
    NOT             reduce using rule 62 (expression -> expression GT expression .)
    LBRACKET        reduce using rule 62 (expression -> expression GT expression .)
    SET             reduce using rule 62 (expression -> expression GT expression .)
    VAR             reduce using rule 62 (expression -> expression GT expression .)
    IF              reduce using rule 62 (expression -> expression GT expression .)
    WHILE           reduce using rule 62 (expression -> expression GT expression .)
    FOR             reduce using rule 62 (expression -> expression GT expression .)
    PROCEDURE       reduce using rule 62 (expression -> expression GT expression .)
    BREAK           reduce using rule 62 (expression -> expression GT expression .)
    CONTINUE        reduce using rule 62 (expression -> expression GT expression .)
    RETURN          reduce using rule 62 (expression -> expression GT expression .)
    SCAN            reduce using rule 62 (expression -> expression GT expression .)
    ONSCREEN        reduce using rule 62 (expression -> expression GT expression .)
    PASS            reduce using rule 62 (expression -> expression GT expression .)
    STR             reduce using rule 62 (expression -> expression GT expression .)
    INT             reduce using rule 62 (expression -> expression GT expression .)
    FLOAT           reduce using rule 62 (expression -> expression GT expression .)
    TRUE            reduce using rule 62 (expression -> expression GT expression .)
    FALSE           reduce using rule 62 (expression -> expression GT expression .)
    CHAR            reduce using rule 62 (expression -> expression GT expression .)
    I8              reduce using rule 62 (expression -> expression GT expression .)
    I16             reduce using rule 62 (expression -> expression GT expression .)
    I32             reduce using rule 62 (expression -> expression GT expression .)
    I64             reduce using rule 62 (expression -> expression GT expression .)
    U8              reduce using rule 62 (expression -> expression GT expression .)
    U16             reduce using rule 62 (expression -> expression GT expression .)
    U32             reduce using rule 62 (expression -> expression GT expression .)
    U64             reduce using rule 62 (expression -> expression GT expression .)
    F32             reduce using rule 62 (expression -> expression GT expression .)
    F64             reduce using rule 62 (expression -> expression GT expression .)
    USIZE           reduce using rule 62 (expression -> expression GT expression .)
    ISIZE           reduce using rule 62 (expression -> expression GT expression .)
    STR_TYPE        reduce using rule 62 (expression -> expression GT expression .)
    BOOL_TYPE       reduce using rule 62 (expression -> expression GT expression .)
    INT_TYPE        reduce using rule 62 (expression -> expression GT expression .)
    CHAR_TYPE       reduce using rule 62 (expression -> expression GT expression .)
    VOID            reduce using rule 62 (expression -> expression GT expression .)
    $end            reduce using rule 62 (expression -> expression GT expression .)
    RPAREN          reduce using rule 62 (expression -> expression GT expression .)
    RBRACE          reduce using rule 62 (expression -> expression GT expression .)
    RBRACKET        reduce using rule 62 (expression -> expression GT expression .)
    COMMA           reduce using rule 62 (expression -> expression GT expression .)
    ASSIGN          reduce using rule 62 (expression -> expression GT expression .)
    IN              reduce using rule 62 (expression -> expression GT expression .)
    ADD             shift and go to state 63
    SUB             shift and go to state 64
    MUL             shift and go to state 65
    DIV             shift and go to state 66
    MOD             shift and go to state 67
    POW             shift and go to state 68

  ! ADD             [ reduce using rule 62 (expression -> expression GT expression .) ]
  ! SUB             [ reduce using rule 62 (expression -> expression GT expression .) ]
  ! MUL             [ reduce using rule 62 (expression -> expression GT expression .) ]
  ! DIV             [ reduce using rule 62 (expression -> expression GT expression .) ]
  ! MOD             [ reduce using rule 62 (expression -> expression GT expression .) ]
  ! POW             [ reduce using rule 62 (expression -> expression GT expression .) ]
  ! AND             [ shift and go to state 69 ]
  ! OR              [ shift and go to state 70 ]
  ! XOR             [ shift and go to state 71 ]
  ! NE              [ shift and go to state 72 ]
  ! EQ              [ shift and go to state 73 ]
  ! GT              [ shift and go to state 74 ]
  ! LT              [ shift and go to state 75 ]
  ! GE              [ shift and go to state 76 ]
  ! LE              [ shift and go to state 77 ]
  ! DOT             [ shift and go to state 78 ]


state 122

    (63) expression -> expression LT expression .
    (51) expression -> expression . ADD expression
    (52) expression -> expression . SUB expression
    (53) expression -> expression . MUL expression
    (54) expression -> expression . DIV expression
    (55) expression -> expression . MOD expression
    (56) expression -> expression . POW expression
    (57) expression -> expression . AND expression
    (58) expression -> expression . OR expression
    (59) expression -> expression . XOR expression
    (60) expression -> expression . NE expression
    (61) expression -> expression . EQ expression
    (62) expression -> expression . GT expression
    (63) expression -> expression . LT expression
    (64) expression -> expression . GE expression
    (65) expression -> expression . LE expression
    (107) expression -> expression . DOT IDENT

    AND             reduce using rule 63 (expression -> expression LT expression .)
    OR              reduce using rule 63 (expression -> expression LT expression .)
    XOR             reduce using rule 63 (expression -> expression LT expression .)
    NE              reduce using rule 63 (expression -> expression LT expression .)
    EQ              reduce using rule 63 (expression -> expression LT expression .)
    GT              reduce using rule 63 (expression -> expression LT expression .)
    LT              reduce using rule 63 (expression -> expression LT expression .)
    GE              reduce using rule 63 (expression -> expression LT expression .)
    LE              reduce using rule 63 (expression -> expression LT expression .)
    DOT             reduce using rule 63 (expression -> expression LT expression .)
    SEMICOLON       reduce using rule 63 (expression -> expression LT expression .)
    IDENT           reduce using rule 63 (expression -> expression LT expression .)
    LPAREN          reduce using rule 63 (expression -> expression LT expression .)
    LBRACE          reduce using rule 63 (expression -> expression LT expression .)
    NOT             reduce using rule 63 (expression -> expression LT expression .)
    LBRACKET        reduce using rule 63 (expression -> expression LT expression .)
    SET             reduce using rule 63 (expression -> expression LT expression .)
    VAR             reduce using rule 63 (expression -> expression LT expression .)
    IF              reduce using rule 63 (expression -> expression LT expression .)
    WHILE           reduce using rule 63 (expression -> expression LT expression .)
    FOR             reduce using rule 63 (expression -> expression LT expression .)
    PROCEDURE       reduce using rule 63 (expression -> expression LT expression .)
    BREAK           reduce using rule 63 (expression -> expression LT expression .)
    CONTINUE        reduce using rule 63 (expression -> expression LT expression .)
    RETURN          reduce using rule 63 (expression -> expression LT expression .)
    SCAN            reduce using rule 63 (expression -> expression LT expression .)
    ONSCREEN        reduce using rule 63 (expression -> expression LT expression .)
    PASS            reduce using rule 63 (expression -> expression LT expression .)
    STR             reduce using rule 63 (expression -> expression LT expression .)
    INT             reduce using rule 63 (expression -> expression LT expression .)
    FLOAT           reduce using rule 63 (expression -> expression LT expression .)
    TRUE            reduce using rule 63 (expression -> expression LT expression .)
    FALSE           reduce using rule 63 (expression -> expression LT expression .)
    CHAR            reduce using rule 63 (expression -> expression LT expression .)
    I8              reduce using rule 63 (expression -> expression LT expression .)
    I16             reduce using rule 63 (expression -> expression LT expression .)
    I32             reduce using rule 63 (expression -> expression LT expression .)
    I64             reduce using rule 63 (expression -> expression LT expression .)
    U8              reduce using rule 63 (expression -> expression LT expression .)
    U16             reduce using rule 63 (expression -> expression LT expression .)
    U32             reduce using rule 63 (expression -> expression LT expression .)
    U64             reduce using rule 63 (expression -> expression LT expression .)
    F32             reduce using rule 63 (expression -> expression LT expression .)
    F64             reduce using rule 63 (expression -> expression LT expression .)
    USIZE           reduce using rule 63 (expression -> expression LT expression .)
    ISIZE           reduce using rule 63 (expression -> expression LT expression .)
    STR_TYPE        reduce using rule 63 (expression -> expression LT expression .)
    BOOL_TYPE       reduce using rule 63 (expression -> expression LT expression .)
    INT_TYPE        reduce using rule 63 (expression -> expression LT expression .)
    CHAR_TYPE       reduce using rule 63 (expression -> expression LT expression .)
    VOID            reduce using rule 63 (expression -> expression LT expression .)
    $end            reduce using rule 63 (expression -> expression LT expression .)
    RPAREN          reduce using rule 63 (expression -> expression LT expression .)
    RBRACE          reduce using rule 63 (expression -> expression LT expression .)
    RBRACKET        reduce using rule 63 (expression -> expression LT expression .)
    COMMA           reduce using rule 63 (expression -> expression LT expression .)
    ASSIGN          reduce using rule 63 (expression -> expression LT expression .)
    IN              reduce using rule 63 (expression -> expression LT expression .)
    ADD             shift and go to state 63
    SUB             shift and go to state 64
    MUL             shift and go to state 65
    DIV             shift and go to state 66
    MOD             shift and go to state 67
    POW             shift and go to state 68

  ! ADD             [ reduce using rule 63 (expression -> expression LT expression .) ]
  ! SUB             [ reduce using rule 63 (expression -> expression LT expression .) ]
  ! MUL             [ reduce using rule 63 (expression -> expression LT expression .) ]
  ! DIV             [ reduce using rule 63 (expression -> expression LT expression .) ]
  ! MOD             [ reduce using rule 63 (expression -> expression LT expression .) ]
  ! POW             [ reduce using rule 63 (expression -> expression LT expression .) ]
  ! AND             [ shift and go to state 69 ]
  ! OR              [ shift and go to state 70 ]
  ! XOR             [ shift and go to state 71 ]
  ! NE              [ shift and go to state 72 ]
  ! EQ              [ shift and go to state 73 ]
  ! GT              [ shift and go to state 74 ]
  ! LT              [ shift and go to state 75 ]
  ! GE              [ shift and go to state 76 ]
  ! LE              [ shift and go to state 77 ]
  ! DOT             [ shift and go to state 78 ]


state 123

    (64) expression -> expression GE expression .
    (51) expression -> expression . ADD expression
    (52) expression -> expression . SUB expression
    (53) expression -> expression . MUL expression
    (54) expression -> expression . DIV expression
    (55) expression -> expression . MOD expression
    (56) expression -> expression . POW expression
    (57) expression -> expression . AND expression
    (58) expression -> expression . OR expression
    (59) expression -> expression . XOR expression
    (60) expression -> expression . NE expression
    (61) expression -> expression . EQ expression
    (62) expression -> expression . GT expression
    (63) expression -> expression . LT expression
    (64) expression -> expression . GE expression
    (65) expression -> expression . LE expression
    (107) expression -> expression . DOT IDENT

    AND             reduce using rule 64 (expression -> expression GE expression .)
    OR              reduce using rule 64 (expression -> expression GE expression .)
    XOR             reduce using rule 64 (expression -> expression GE expression .)
    NE              reduce using rule 64 (expression -> expression GE expression .)
    EQ              reduce using rule 64 (expression -> expression GE expression .)
    GT              reduce using rule 64 (expression -> expression GE expression .)
    LT              reduce using rule 64 (expression -> expression GE expression .)
    GE              reduce using rule 64 (expression -> expression GE expression .)
    LE              reduce using rule 64 (expression -> expression GE expression .)
    DOT             reduce using rule 64 (expression -> expression GE expression .)
    SEMICOLON       reduce using rule 64 (expression -> expression GE expression .)
    IDENT           reduce using rule 64 (expression -> expression GE expression .)
    LPAREN          reduce using rule 64 (expression -> expression GE expression .)
    LBRACE          reduce using rule 64 (expression -> expression GE expression .)
    NOT             reduce using rule 64 (expression -> expression GE expression .)
    LBRACKET        reduce using rule 64 (expression -> expression GE expression .)
    SET             reduce using rule 64 (expression -> expression GE expression .)
    VAR             reduce using rule 64 (expression -> expression GE expression .)
    IF              reduce using rule 64 (expression -> expression GE expression .)
    WHILE           reduce using rule 64 (expression -> expression GE expression .)
    FOR             reduce using rule 64 (expression -> expression GE expression .)
    PROCEDURE       reduce using rule 64 (expression -> expression GE expression .)
    BREAK           reduce using rule 64 (expression -> expression GE expression .)
    CONTINUE        reduce using rule 64 (expression -> expression GE expression .)
    RETURN          reduce using rule 64 (expression -> expression GE expression .)
    SCAN            reduce using rule 64 (expression -> expression GE expression .)
    ONSCREEN        reduce using rule 64 (expression -> expression GE expression .)
    PASS            reduce using rule 64 (expression -> expression GE expression .)
    STR             reduce using rule 64 (expression -> expression GE expression .)
    INT             reduce using rule 64 (expression -> expression GE expression .)
    FLOAT           reduce using rule 64 (expression -> expression GE expression .)
    TRUE            reduce using rule 64 (expression -> expression GE expression .)
    FALSE           reduce using rule 64 (expression -> expression GE expression .)
    CHAR            reduce using rule 64 (expression -> expression GE expression .)
    I8              reduce using rule 64 (expression -> expression GE expression .)
    I16             reduce using rule 64 (expression -> expression GE expression .)
    I32             reduce using rule 64 (expression -> expression GE expression .)
    I64             reduce using rule 64 (expression -> expression GE expression .)
    U8              reduce using rule 64 (expression -> expression GE expression .)
    U16             reduce using rule 64 (expression -> expression GE expression .)
    U32             reduce using rule 64 (expression -> expression GE expression .)
    U64             reduce using rule 64 (expression -> expression GE expression .)
    F32             reduce using rule 64 (expression -> expression GE expression .)
    F64             reduce using rule 64 (expression -> expression GE expression .)
    USIZE           reduce using rule 64 (expression -> expression GE expression .)
    ISIZE           reduce using rule 64 (expression -> expression GE expression .)
    STR_TYPE        reduce using rule 64 (expression -> expression GE expression .)
    BOOL_TYPE       reduce using rule 64 (expression -> expression GE expression .)
    INT_TYPE        reduce using rule 64 (expression -> expression GE expression .)
    CHAR_TYPE       reduce using rule 64 (expression -> expression GE expression .)
    VOID            reduce using rule 64 (expression -> expression GE expression .)
    $end            reduce using rule 64 (expression -> expression GE expression .)
    RPAREN          reduce using rule 64 (expression -> expression GE expression .)
    RBRACE          reduce using rule 64 (expression -> expression GE expression .)
    RBRACKET        reduce using rule 64 (expression -> expression GE expression .)
    COMMA           reduce using rule 64 (expression -> expression GE expression .)
    ASSIGN          reduce using rule 64 (expression -> expression GE expression .)
    IN              reduce using rule 64 (expression -> expression GE expression .)
    ADD             shift and go to state 63
    SUB             shift and go to state 64
    MUL             shift and go to state 65
    DIV             shift and go to state 66
    MOD             shift and go to state 67
    POW             shift and go to state 68

  ! ADD             [ reduce using rule 64 (expression -> expression GE expression .) ]
  ! SUB             [ reduce using rule 64 (expression -> expression GE expression .) ]
  ! MUL             [ reduce using rule 64 (expression -> expression GE expression .) ]
  ! DIV             [ reduce using rule 64 (expression -> expression GE expression .) ]
  ! MOD             [ reduce using rule 64 (expression -> expression GE expression .) ]
  ! POW             [ reduce using rule 64 (expression -> expression GE expression .) ]
  ! AND             [ shift and go to state 69 ]
  ! OR              [ shift and go to state 70 ]
  ! XOR             [ shift and go to state 71 ]
  ! NE              [ shift and go to state 72 ]
  ! EQ              [ shift and go to state 73 ]
  ! GT              [ shift and go to state 74 ]
  ! LT              [ shift and go to state 75 ]
  ! GE              [ shift and go to state 76 ]
  ! LE              [ shift and go to state 77 ]
  ! DOT             [ shift and go to state 78 ]


state 124

    (65) expression -> expression LE expression .
    (51) expression -> expression . ADD expression
    (52) expression -> expression . SUB expression
    (53) expression -> expression . MUL expression
    (54) expression -> expression . DIV expression
    (55) expression -> expression . MOD expression
    (56) expression -> expression . POW expression
    (57) expression -> expression . AND expression
    (58) expression -> expression . OR expression
    (59) expression -> expression . XOR expression
    (60) expression -> expression . NE expression
    (61) expression -> expression . EQ expression
    (62) expression -> expression . GT expression
    (63) expression -> expression . LT expression
    (64) expression -> expression . GE expression
    (65) expression -> expression . LE expression
    (107) expression -> expression . DOT IDENT

    AND             reduce using rule 65 (expression -> expression LE expression .)
    OR              reduce using rule 65 (expression -> expression LE expression .)
    XOR             reduce using rule 65 (expression -> expression LE expression .)
    NE              reduce using rule 65 (expression -> expression LE expression .)
    EQ              reduce using rule 65 (expression -> expression LE expression .)
    GT              reduce using rule 65 (expression -> expression LE expression .)
    LT              reduce using rule 65 (expression -> expression LE expression .)
    GE              reduce using rule 65 (expression -> expression LE expression .)
    LE              reduce using rule 65 (expression -> expression LE expression .)
    DOT             reduce using rule 65 (expression -> expression LE expression .)
    SEMICOLON       reduce using rule 65 (expression -> expression LE expression .)
    IDENT           reduce using rule 65 (expression -> expression LE expression .)
    LPAREN          reduce using rule 65 (expression -> expression LE expression .)
    LBRACE          reduce using rule 65 (expression -> expression LE expression .)
    NOT             reduce using rule 65 (expression -> expression LE expression .)
    LBRACKET        reduce using rule 65 (expression -> expression LE expression .)
    SET             reduce using rule 65 (expression -> expression LE expression .)
    VAR             reduce using rule 65 (expression -> expression LE expression .)
    IF              reduce using rule 65 (expression -> expression LE expression .)
    WHILE           reduce using rule 65 (expression -> expression LE expression .)
    FOR             reduce using rule 65 (expression -> expression LE expression .)
    PROCEDURE       reduce using rule 65 (expression -> expression LE expression .)
    BREAK           reduce using rule 65 (expression -> expression LE expression .)
    CONTINUE        reduce using rule 65 (expression -> expression LE expression .)
    RETURN          reduce using rule 65 (expression -> expression LE expression .)
    SCAN            reduce using rule 65 (expression -> expression LE expression .)
    ONSCREEN        reduce using rule 65 (expression -> expression LE expression .)
    PASS            reduce using rule 65 (expression -> expression LE expression .)
    STR             reduce using rule 65 (expression -> expression LE expression .)
    INT             reduce using rule 65 (expression -> expression LE expression .)
    FLOAT           reduce using rule 65 (expression -> expression LE expression .)
    TRUE            reduce using rule 65 (expression -> expression LE expression .)
    FALSE           reduce using rule 65 (expression -> expression LE expression .)
    CHAR            reduce using rule 65 (expression -> expression LE expression .)
    I8              reduce using rule 65 (expression -> expression LE expression .)
    I16             reduce using rule 65 (expression -> expression LE expression .)
    I32             reduce using rule 65 (expression -> expression LE expression .)
    I64             reduce using rule 65 (expression -> expression LE expression .)
    U8              reduce using rule 65 (expression -> expression LE expression .)
    U16             reduce using rule 65 (expression -> expression LE expression .)
    U32             reduce using rule 65 (expression -> expression LE expression .)
    U64             reduce using rule 65 (expression -> expression LE expression .)
    F32             reduce using rule 65 (expression -> expression LE expression .)
    F64             reduce using rule 65 (expression -> expression LE expression .)
    USIZE           reduce using rule 65 (expression -> expression LE expression .)
    ISIZE           reduce using rule 65 (expression -> expression LE expression .)
    STR_TYPE        reduce using rule 65 (expression -> expression LE expression .)
    BOOL_TYPE       reduce using rule 65 (expression -> expression LE expression .)
    INT_TYPE        reduce using rule 65 (expression -> expression LE expression .)
    CHAR_TYPE       reduce using rule 65 (expression -> expression LE expression .)
    VOID            reduce using rule 65 (expression -> expression LE expression .)
    $end            reduce using rule 65 (expression -> expression LE expression .)
    RPAREN          reduce using rule 65 (expression -> expression LE expression .)
    RBRACE          reduce using rule 65 (expression -> expression LE expression .)
    RBRACKET        reduce using rule 65 (expression -> expression LE expression .)
    COMMA           reduce using rule 65 (expression -> expression LE expression .)
    ASSIGN          reduce using rule 65 (expression -> expression LE expression .)
    IN              reduce using rule 65 (expression -> expression LE expression .)
    ADD             shift and go to state 63
    SUB             shift and go to state 64
    MUL             shift and go to state 65
    DIV             shift and go to state 66
    MOD             shift and go to state 67
    POW             shift and go to state 68

  ! ADD             [ reduce using rule 65 (expression -> expression LE expression .) ]
  ! SUB             [ reduce using rule 65 (expression -> expression LE expression .) ]
  ! MUL             [ reduce using rule 65 (expression -> expression LE expression .) ]
  ! DIV             [ reduce using rule 65 (expression -> expression LE expression .) ]
  ! MOD             [ reduce using rule 65 (expression -> expression LE expression .) ]
  ! POW             [ reduce using rule 65 (expression -> expression LE expression .) ]
  ! AND             [ shift and go to state 69 ]
  ! OR              [ shift and go to state 70 ]
  ! XOR             [ shift and go to state 71 ]
  ! NE              [ shift and go to state 72 ]
  ! EQ              [ shift and go to state 73 ]
  ! GT              [ shift and go to state 74 ]
  ! LT              [ shift and go to state 75 ]
  ! GE              [ shift and go to state 76 ]
  ! LE              [ shift and go to state 77 ]
  ! DOT             [ shift and go to state 78 ]


state 125

    (107) expression -> expression DOT IDENT .

    ADD             reduce using rule 107 (expression -> expression DOT IDENT .)
    SUB             reduce using rule 107 (expression -> expression DOT IDENT .)
    MUL             reduce using rule 107 (expression -> expression DOT IDENT .)
    DIV             reduce using rule 107 (expression -> expression DOT IDENT .)
    MOD             reduce using rule 107 (expression -> expression DOT IDENT .)
    POW             reduce using rule 107 (expression -> expression DOT IDENT .)
    AND             reduce using rule 107 (expression -> expression DOT IDENT .)
    OR              reduce using rule 107 (expression -> expression DOT IDENT .)
    XOR             reduce using rule 107 (expression -> expression DOT IDENT .)
    NE              reduce using rule 107 (expression -> expression DOT IDENT .)
    EQ              reduce using rule 107 (expression -> expression DOT IDENT .)
    GT              reduce using rule 107 (expression -> expression DOT IDENT .)
    LT              reduce using rule 107 (expression -> expression DOT IDENT .)
    GE              reduce using rule 107 (expression -> expression DOT IDENT .)
    LE              reduce using rule 107 (expression -> expression DOT IDENT .)
    DOT             reduce using rule 107 (expression -> expression DOT IDENT .)
    SEMICOLON       reduce using rule 107 (expression -> expression DOT IDENT .)
    IDENT           reduce using rule 107 (expression -> expression DOT IDENT .)
    LPAREN          reduce using rule 107 (expression -> expression DOT IDENT .)
    LBRACE          reduce using rule 107 (expression -> expression DOT IDENT .)
    NOT             reduce using rule 107 (expression -> expression DOT IDENT .)
    LBRACKET        reduce using rule 107 (expression -> expression DOT IDENT .)
    SET             reduce using rule 107 (expression -> expression DOT IDENT .)
    VAR             reduce using rule 107 (expression -> expression DOT IDENT .)
    IF              reduce using rule 107 (expression -> expression DOT IDENT .)
    WHILE           reduce using rule 107 (expression -> expression DOT IDENT .)
    FOR             reduce using rule 107 (expression -> expression DOT IDENT .)
    PROCEDURE       reduce using rule 107 (expression -> expression DOT IDENT .)
    BREAK           reduce using rule 107 (expression -> expression DOT IDENT .)
    CONTINUE        reduce using rule 107 (expression -> expression DOT IDENT .)
    RETURN          reduce using rule 107 (expression -> expression DOT IDENT .)
    SCAN            reduce using rule 107 (expression -> expression DOT IDENT .)
    ONSCREEN        reduce using rule 107 (expression -> expression DOT IDENT .)
    PASS            reduce using rule 107 (expression -> expression DOT IDENT .)
    STR             reduce using rule 107 (expression -> expression DOT IDENT .)
    INT             reduce using rule 107 (expression -> expression DOT IDENT .)
    FLOAT           reduce using rule 107 (expression -> expression DOT IDENT .)
    TRUE            reduce using rule 107 (expression -> expression DOT IDENT .)
    FALSE           reduce using rule 107 (expression -> expression DOT IDENT .)
    CHAR            reduce using rule 107 (expression -> expression DOT IDENT .)
    I8              reduce using rule 107 (expression -> expression DOT IDENT .)
    I16             reduce using rule 107 (expression -> expression DOT IDENT .)
    I32             reduce using rule 107 (expression -> expression DOT IDENT .)
    I64             reduce using rule 107 (expression -> expression DOT IDENT .)
    U8              reduce using rule 107 (expression -> expression DOT IDENT .)
    U16             reduce using rule 107 (expression -> expression DOT IDENT .)
    U32             reduce using rule 107 (expression -> expression DOT IDENT .)
    U64             reduce using rule 107 (expression -> expression DOT IDENT .)
    F32             reduce using rule 107 (expression -> expression DOT IDENT .)
    F64             reduce using rule 107 (expression -> expression DOT IDENT .)
    USIZE           reduce using rule 107 (expression -> expression DOT IDENT .)
    ISIZE           reduce using rule 107 (expression -> expression DOT IDENT .)
    STR_TYPE        reduce using rule 107 (expression -> expression DOT IDENT .)
    BOOL_TYPE       reduce using rule 107 (expression -> expression DOT IDENT .)
    INT_TYPE        reduce using rule 107 (expression -> expression DOT IDENT .)
    CHAR_TYPE       reduce using rule 107 (expression -> expression DOT IDENT .)
    VOID            reduce using rule 107 (expression -> expression DOT IDENT .)
    $end            reduce using rule 107 (expression -> expression DOT IDENT .)
    RPAREN          reduce using rule 107 (expression -> expression DOT IDENT .)
    RBRACE          reduce using rule 107 (expression -> expression DOT IDENT .)
    RBRACKET        reduce using rule 107 (expression -> expression DOT IDENT .)
    COMMA           reduce using rule 107 (expression -> expression DOT IDENT .)
    ASSIGN          reduce using rule 107 (expression -> expression DOT IDENT .)
    IN              reduce using rule 107 (expression -> expression DOT IDENT .)


state 126

    (93) expression -> IDENT LBRACKET expression . RBRACKET
    (51) expression -> expression . ADD expression
    (52) expression -> expression . SUB expression
    (53) expression -> expression . MUL expression
    (54) expression -> expression . DIV expression
    (55) expression -> expression . MOD expression
    (56) expression -> expression . POW expression
    (57) expression -> expression . AND expression
    (58) expression -> expression . OR expression
    (59) expression -> expression . XOR expression
    (60) expression -> expression . NE expression
    (61) expression -> expression . EQ expression
    (62) expression -> expression . GT expression
    (63) expression -> expression . LT expression
    (64) expression -> expression . GE expression
    (65) expression -> expression . LE expression
    (107) expression -> expression . DOT IDENT

    RBRACKET        shift and go to state 149
    ADD             shift and go to state 63
    SUB             shift and go to state 64
    MUL             shift and go to state 65
    DIV             shift and go to state 66
    MOD             shift and go to state 67
    POW             shift and go to state 68
    AND             shift and go to state 69
    OR              shift and go to state 70
    XOR             shift and go to state 71
    NE              shift and go to state 72
    EQ              shift and go to state 73
    GT              shift and go to state 74
    LT              shift and go to state 75
    GE              shift and go to state 76
    LE              shift and go to state 77
    DOT             shift and go to state 78


state 127

    (94) argument -> IDENT .
    (95) argument -> IDENT . ASSIGN expression

    RPAREN          reduce using rule 94 (argument -> IDENT .)
    COMMA           reduce using rule 94 (argument -> IDENT .)
    ASSIGN          shift and go to state 150


state 128

    (99) call_stmt -> IDENT LPAREN argument_list . RPAREN optional_semicolon
    (97) argument_list -> argument_list . COMMA argument

    RPAREN          shift and go to state 151
    COMMA           shift and go to state 152


state 129

    (96) argument_list -> argument .

    RPAREN          reduce using rule 96 (argument_list -> argument .)
    COMMA           reduce using rule 96 (argument_list -> argument .)


state 130

    (98) argument_list -> empty .

    RPAREN          reduce using rule 98 (argument_list -> empty .)
    COMMA           reduce using rule 98 (argument_list -> empty .)


state 131

    (20) expression -> LPAREN expression RPAREN .

    ADD             reduce using rule 20 (expression -> LPAREN expression RPAREN .)
    SUB             reduce using rule 20 (expression -> LPAREN expression RPAREN .)
    MUL             reduce using rule 20 (expression -> LPAREN expression RPAREN .)
    DIV             reduce using rule 20 (expression -> LPAREN expression RPAREN .)
    MOD             reduce using rule 20 (expression -> LPAREN expression RPAREN .)
    POW             reduce using rule 20 (expression -> LPAREN expression RPAREN .)
    AND             reduce using rule 20 (expression -> LPAREN expression RPAREN .)
    OR              reduce using rule 20 (expression -> LPAREN expression RPAREN .)
    XOR             reduce using rule 20 (expression -> LPAREN expression RPAREN .)
    NE              reduce using rule 20 (expression -> LPAREN expression RPAREN .)
    EQ              reduce using rule 20 (expression -> LPAREN expression RPAREN .)
    GT              reduce using rule 20 (expression -> LPAREN expression RPAREN .)
    LT              reduce using rule 20 (expression -> LPAREN expression RPAREN .)
    GE              reduce using rule 20 (expression -> LPAREN expression RPAREN .)
    LE              reduce using rule 20 (expression -> LPAREN expression RPAREN .)
    DOT             reduce using rule 20 (expression -> LPAREN expression RPAREN .)
    SEMICOLON       reduce using rule 20 (expression -> LPAREN expression RPAREN .)
    IDENT           reduce using rule 20 (expression -> LPAREN expression RPAREN .)
    LPAREN          reduce using rule 20 (expression -> LPAREN expression RPAREN .)
    LBRACE          reduce using rule 20 (expression -> LPAREN expression RPAREN .)
    NOT             reduce using rule 20 (expression -> LPAREN expression RPAREN .)
    LBRACKET        reduce using rule 20 (expression -> LPAREN expression RPAREN .)
    SET             reduce using rule 20 (expression -> LPAREN expression RPAREN .)
    VAR             reduce using rule 20 (expression -> LPAREN expression RPAREN .)
    IF              reduce using rule 20 (expression -> LPAREN expression RPAREN .)
    WHILE           reduce using rule 20 (expression -> LPAREN expression RPAREN .)
    FOR             reduce using rule 20 (expression -> LPAREN expression RPAREN .)
    PROCEDURE       reduce using rule 20 (expression -> LPAREN expression RPAREN .)
    BREAK           reduce using rule 20 (expression -> LPAREN expression RPAREN .)
    CONTINUE        reduce using rule 20 (expression -> LPAREN expression RPAREN .)
    RETURN          reduce using rule 20 (expression -> LPAREN expression RPAREN .)
    SCAN            reduce using rule 20 (expression -> LPAREN expression RPAREN .)
    ONSCREEN        reduce using rule 20 (expression -> LPAREN expression RPAREN .)
    PASS            reduce using rule 20 (expression -> LPAREN expression RPAREN .)
    STR             reduce using rule 20 (expression -> LPAREN expression RPAREN .)
    INT             reduce using rule 20 (expression -> LPAREN expression RPAREN .)
    FLOAT           reduce using rule 20 (expression -> LPAREN expression RPAREN .)
    TRUE            reduce using rule 20 (expression -> LPAREN expression RPAREN .)
    FALSE           reduce using rule 20 (expression -> LPAREN expression RPAREN .)
    CHAR            reduce using rule 20 (expression -> LPAREN expression RPAREN .)
    I8              reduce using rule 20 (expression -> LPAREN expression RPAREN .)
    I16             reduce using rule 20 (expression -> LPAREN expression RPAREN .)
    I32             reduce using rule 20 (expression -> LPAREN expression RPAREN .)
    I64             reduce using rule 20 (expression -> LPAREN expression RPAREN .)
    U8              reduce using rule 20 (expression -> LPAREN expression RPAREN .)
    U16             reduce using rule 20 (expression -> LPAREN expression RPAREN .)
    U32             reduce using rule 20 (expression -> LPAREN expression RPAREN .)
    U64             reduce using rule 20 (expression -> LPAREN expression RPAREN .)
    F32             reduce using rule 20 (expression -> LPAREN expression RPAREN .)
    F64             reduce using rule 20 (expression -> LPAREN expression RPAREN .)
    USIZE           reduce using rule 20 (expression -> LPAREN expression RPAREN .)
    ISIZE           reduce using rule 20 (expression -> LPAREN expression RPAREN .)
    STR_TYPE        reduce using rule 20 (expression -> LPAREN expression RPAREN .)
    BOOL_TYPE       reduce using rule 20 (expression -> LPAREN expression RPAREN .)
    INT_TYPE        reduce using rule 20 (expression -> LPAREN expression RPAREN .)
    CHAR_TYPE       reduce using rule 20 (expression -> LPAREN expression RPAREN .)
    VOID            reduce using rule 20 (expression -> LPAREN expression RPAREN .)
    $end            reduce using rule 20 (expression -> LPAREN expression RPAREN .)
    RPAREN          reduce using rule 20 (expression -> LPAREN expression RPAREN .)
    RBRACE          reduce using rule 20 (expression -> LPAREN expression RPAREN .)
    RBRACKET        reduce using rule 20 (expression -> LPAREN expression RPAREN .)
    COMMA           reduce using rule 20 (expression -> LPAREN expression RPAREN .)
    ASSIGN          reduce using rule 20 (expression -> LPAREN expression RPAREN .)
    IN              reduce using rule 20 (expression -> LPAREN expression RPAREN .)


state 132

    (21) expression -> LBRACE expression RBRACE .

    ADD             reduce using rule 21 (expression -> LBRACE expression RBRACE .)
    SUB             reduce using rule 21 (expression -> LBRACE expression RBRACE .)
    MUL             reduce using rule 21 (expression -> LBRACE expression RBRACE .)
    DIV             reduce using rule 21 (expression -> LBRACE expression RBRACE .)
    MOD             reduce using rule 21 (expression -> LBRACE expression RBRACE .)
    POW             reduce using rule 21 (expression -> LBRACE expression RBRACE .)
    AND             reduce using rule 21 (expression -> LBRACE expression RBRACE .)
    OR              reduce using rule 21 (expression -> LBRACE expression RBRACE .)
    XOR             reduce using rule 21 (expression -> LBRACE expression RBRACE .)
    NE              reduce using rule 21 (expression -> LBRACE expression RBRACE .)
    EQ              reduce using rule 21 (expression -> LBRACE expression RBRACE .)
    GT              reduce using rule 21 (expression -> LBRACE expression RBRACE .)
    LT              reduce using rule 21 (expression -> LBRACE expression RBRACE .)
    GE              reduce using rule 21 (expression -> LBRACE expression RBRACE .)
    LE              reduce using rule 21 (expression -> LBRACE expression RBRACE .)
    DOT             reduce using rule 21 (expression -> LBRACE expression RBRACE .)
    SEMICOLON       reduce using rule 21 (expression -> LBRACE expression RBRACE .)
    IDENT           reduce using rule 21 (expression -> LBRACE expression RBRACE .)
    LPAREN          reduce using rule 21 (expression -> LBRACE expression RBRACE .)
    LBRACE          reduce using rule 21 (expression -> LBRACE expression RBRACE .)
    NOT             reduce using rule 21 (expression -> LBRACE expression RBRACE .)
    LBRACKET        reduce using rule 21 (expression -> LBRACE expression RBRACE .)
    SET             reduce using rule 21 (expression -> LBRACE expression RBRACE .)
    VAR             reduce using rule 21 (expression -> LBRACE expression RBRACE .)
    IF              reduce using rule 21 (expression -> LBRACE expression RBRACE .)
    WHILE           reduce using rule 21 (expression -> LBRACE expression RBRACE .)
    FOR             reduce using rule 21 (expression -> LBRACE expression RBRACE .)
    PROCEDURE       reduce using rule 21 (expression -> LBRACE expression RBRACE .)
    BREAK           reduce using rule 21 (expression -> LBRACE expression RBRACE .)
    CONTINUE        reduce using rule 21 (expression -> LBRACE expression RBRACE .)
    RETURN          reduce using rule 21 (expression -> LBRACE expression RBRACE .)
    SCAN            reduce using rule 21 (expression -> LBRACE expression RBRACE .)
    ONSCREEN        reduce using rule 21 (expression -> LBRACE expression RBRACE .)
    PASS            reduce using rule 21 (expression -> LBRACE expression RBRACE .)
    STR             reduce using rule 21 (expression -> LBRACE expression RBRACE .)
    INT             reduce using rule 21 (expression -> LBRACE expression RBRACE .)
    FLOAT           reduce using rule 21 (expression -> LBRACE expression RBRACE .)
    TRUE            reduce using rule 21 (expression -> LBRACE expression RBRACE .)
    FALSE           reduce using rule 21 (expression -> LBRACE expression RBRACE .)
    CHAR            reduce using rule 21 (expression -> LBRACE expression RBRACE .)
    I8              reduce using rule 21 (expression -> LBRACE expression RBRACE .)
    I16             reduce using rule 21 (expression -> LBRACE expression RBRACE .)
    I32             reduce using rule 21 (expression -> LBRACE expression RBRACE .)
    I64             reduce using rule 21 (expression -> LBRACE expression RBRACE .)
    U8              reduce using rule 21 (expression -> LBRACE expression RBRACE .)
    U16             reduce using rule 21 (expression -> LBRACE expression RBRACE .)
    U32             reduce using rule 21 (expression -> LBRACE expression RBRACE .)
    U64             reduce using rule 21 (expression -> LBRACE expression RBRACE .)
    F32             reduce using rule 21 (expression -> LBRACE expression RBRACE .)
    F64             reduce using rule 21 (expression -> LBRACE expression RBRACE .)
    USIZE           reduce using rule 21 (expression -> LBRACE expression RBRACE .)
    ISIZE           reduce using rule 21 (expression -> LBRACE expression RBRACE .)
    STR_TYPE        reduce using rule 21 (expression -> LBRACE expression RBRACE .)
    BOOL_TYPE       reduce using rule 21 (expression -> LBRACE expression RBRACE .)
    INT_TYPE        reduce using rule 21 (expression -> LBRACE expression RBRACE .)
    CHAR_TYPE       reduce using rule 21 (expression -> LBRACE expression RBRACE .)
    VOID            reduce using rule 21 (expression -> LBRACE expression RBRACE .)
    $end            reduce using rule 21 (expression -> LBRACE expression RBRACE .)
    RPAREN          reduce using rule 21 (expression -> LBRACE expression RBRACE .)
    RBRACE          reduce using rule 21 (expression -> LBRACE expression RBRACE .)
    RBRACKET        reduce using rule 21 (expression -> LBRACE expression RBRACE .)
    COMMA           reduce using rule 21 (expression -> LBRACE expression RBRACE .)
    ASSIGN          reduce using rule 21 (expression -> LBRACE expression RBRACE .)
    IN              reduce using rule 21 (expression -> LBRACE expression RBRACE .)


state 133

    (92) expression -> LBRACKET element_list RBRACKET . optional_semicolon
    (108) optional_semicolon -> . SEMICOLON
    (109) optional_semicolon -> . empty
    (110) empty -> .

  ! shift/reduce conflict for SEMICOLON resolved as shift
    SEMICOLON       shift and go to state 79
    ADD             reduce using rule 110 (empty -> .)
    SUB             reduce using rule 110 (empty -> .)
    MUL             reduce using rule 110 (empty -> .)
    DIV             reduce using rule 110 (empty -> .)
    MOD             reduce using rule 110 (empty -> .)
    POW             reduce using rule 110 (empty -> .)
    AND             reduce using rule 110 (empty -> .)
    OR              reduce using rule 110 (empty -> .)
    XOR             reduce using rule 110 (empty -> .)
    NE              reduce using rule 110 (empty -> .)
    EQ              reduce using rule 110 (empty -> .)
    GT              reduce using rule 110 (empty -> .)
    LT              reduce using rule 110 (empty -> .)
    GE              reduce using rule 110 (empty -> .)
    LE              reduce using rule 110 (empty -> .)
    DOT             reduce using rule 110 (empty -> .)
    IDENT           reduce using rule 110 (empty -> .)
    LPAREN          reduce using rule 110 (empty -> .)
    LBRACE          reduce using rule 110 (empty -> .)
    NOT             reduce using rule 110 (empty -> .)
    LBRACKET        reduce using rule 110 (empty -> .)
    SET             reduce using rule 110 (empty -> .)
    VAR             reduce using rule 110 (empty -> .)
    IF              reduce using rule 110 (empty -> .)
    WHILE           reduce using rule 110 (empty -> .)
    FOR             reduce using rule 110 (empty -> .)
    PROCEDURE       reduce using rule 110 (empty -> .)
    BREAK           reduce using rule 110 (empty -> .)
    CONTINUE        reduce using rule 110 (empty -> .)
    RETURN          reduce using rule 110 (empty -> .)
    SCAN            reduce using rule 110 (empty -> .)
    ONSCREEN        reduce using rule 110 (empty -> .)
    PASS            reduce using rule 110 (empty -> .)
    STR             reduce using rule 110 (empty -> .)
    INT             reduce using rule 110 (empty -> .)
    FLOAT           reduce using rule 110 (empty -> .)
    TRUE            reduce using rule 110 (empty -> .)
    FALSE           reduce using rule 110 (empty -> .)
    CHAR            reduce using rule 110 (empty -> .)
    I8              reduce using rule 110 (empty -> .)
    I16             reduce using rule 110 (empty -> .)
    I32             reduce using rule 110 (empty -> .)
    I64             reduce using rule 110 (empty -> .)
    U8              reduce using rule 110 (empty -> .)
    U16             reduce using rule 110 (empty -> .)
    U32             reduce using rule 110 (empty -> .)
    U64             reduce using rule 110 (empty -> .)
    F32             reduce using rule 110 (empty -> .)
    F64             reduce using rule 110 (empty -> .)
    USIZE           reduce using rule 110 (empty -> .)
    ISIZE           reduce using rule 110 (empty -> .)
    STR_TYPE        reduce using rule 110 (empty -> .)
    BOOL_TYPE       reduce using rule 110 (empty -> .)
    INT_TYPE        reduce using rule 110 (empty -> .)
    CHAR_TYPE       reduce using rule 110 (empty -> .)
    VOID            reduce using rule 110 (empty -> .)
    $end            reduce using rule 110 (empty -> .)
    RPAREN          reduce using rule 110 (empty -> .)
    RBRACE          reduce using rule 110 (empty -> .)
    RBRACKET        reduce using rule 110 (empty -> .)
    COMMA           reduce using rule 110 (empty -> .)
    ASSIGN          reduce using rule 110 (empty -> .)
    IN              reduce using rule 110 (empty -> .)

  ! SEMICOLON       [ reduce using rule 110 (empty -> .) ]

    optional_semicolon             shift and go to state 153
    empty                          shift and go to state 80

state 134

    (90) element_list -> element_list COMMA . element
    (88) element -> . expression
    (18) expression -> . literal
    (19) expression -> . IDENT
    (20) expression -> . LPAREN expression RPAREN
    (21) expression -> . LBRACE expression RBRACE
    (51) expression -> . expression ADD expression
    (52) expression -> . expression SUB expression
    (53) expression -> . expression MUL expression
    (54) expression -> . expression DIV expression
    (55) expression -> . expression MOD expression
    (56) expression -> . expression POW expression
    (57) expression -> . expression AND expression
    (58) expression -> . expression OR expression
    (59) expression -> . expression XOR expression
    (60) expression -> . expression NE expression
    (61) expression -> . expression EQ expression
    (62) expression -> . expression GT expression
    (63) expression -> . expression LT expression
    (64) expression -> . expression GE expression
    (65) expression -> . expression LE expression
    (66) expression -> . NOT expression
    (67) expression -> . SUB expression
    (92) expression -> . LBRACKET element_list RBRACKET optional_semicolon
    (93) expression -> . IDENT LBRACKET expression RBRACKET
    (107) expression -> . expression DOT IDENT
    (44) literal -> . STR
    (45) literal -> . INT
    (46) literal -> . FLOAT
    (47) literal -> . TRUE
    (48) literal -> . FALSE
    (49) literal -> . CHAR
    (50) literal -> . IDENT

    IDENT           shift and go to state 85
    LPAREN          shift and go to state 20
    LBRACE          shift and go to state 21
    NOT             shift and go to state 23
    SUB             shift and go to state 22
    LBRACKET        shift and go to state 24
    STR             shift and go to state 39
    INT             shift and go to state 28
    FLOAT           shift and go to state 40
    TRUE            shift and go to state 41
    FALSE           shift and go to state 42
    CHAR            shift and go to state 43

    element                        shift and go to state 154
    expression                     shift and go to state 92
    literal                        shift and go to state 18

state 135

    (39) assign_stmt -> SET IDENT ASSIGN . expression
    (18) expression -> . literal
    (19) expression -> . IDENT
    (20) expression -> . LPAREN expression RPAREN
    (21) expression -> . LBRACE expression RBRACE
    (51) expression -> . expression ADD expression
    (52) expression -> . expression SUB expression
    (53) expression -> . expression MUL expression
    (54) expression -> . expression DIV expression
    (55) expression -> . expression MOD expression
    (56) expression -> . expression POW expression
    (57) expression -> . expression AND expression
    (58) expression -> . expression OR expression
    (59) expression -> . expression XOR expression
    (60) expression -> . expression NE expression
    (61) expression -> . expression EQ expression
    (62) expression -> . expression GT expression
    (63) expression -> . expression LT expression
    (64) expression -> . expression GE expression
    (65) expression -> . expression LE expression
    (66) expression -> . NOT expression
    (67) expression -> . SUB expression
    (92) expression -> . LBRACKET element_list RBRACKET optional_semicolon
    (93) expression -> . IDENT LBRACKET expression RBRACKET
    (107) expression -> . expression DOT IDENT
    (44) literal -> . STR
    (45) literal -> . INT
    (46) literal -> . FLOAT
    (47) literal -> . TRUE
    (48) literal -> . FALSE
    (49) literal -> . CHAR
    (50) literal -> . IDENT

    IDENT           shift and go to state 85
    LPAREN          shift and go to state 20
    LBRACE          shift and go to state 21
    NOT             shift and go to state 23
    SUB             shift and go to state 22
    LBRACKET        shift and go to state 24
    STR             shift and go to state 39
    INT             shift and go to state 28
    FLOAT           shift and go to state 40
    TRUE            shift and go to state 41
    FALSE           shift and go to state 42
    CHAR            shift and go to state 43

    expression                     shift and go to state 155
    literal                        shift and go to state 18

state 136

    (40) assign_stmt -> SET expression ASSIGN . expression
    (18) expression -> . literal
    (19) expression -> . IDENT
    (20) expression -> . LPAREN expression RPAREN
    (21) expression -> . LBRACE expression RBRACE
    (51) expression -> . expression ADD expression
    (52) expression -> . expression SUB expression
    (53) expression -> . expression MUL expression
    (54) expression -> . expression DIV expression
    (55) expression -> . expression MOD expression
    (56) expression -> . expression POW expression
    (57) expression -> . expression AND expression
    (58) expression -> . expression OR expression
    (59) expression -> . expression XOR expression
    (60) expression -> . expression NE expression
    (61) expression -> . expression EQ expression
    (62) expression -> . expression GT expression
    (63) expression -> . expression LT expression
    (64) expression -> . expression GE expression
    (65) expression -> . expression LE expression
    (66) expression -> . NOT expression
    (67) expression -> . SUB expression
    (92) expression -> . LBRACKET element_list RBRACKET optional_semicolon
    (93) expression -> . IDENT LBRACKET expression RBRACKET
    (107) expression -> . expression DOT IDENT
    (44) literal -> . STR
    (45) literal -> . INT
    (46) literal -> . FLOAT
    (47) literal -> . TRUE
    (48) literal -> . FALSE
    (49) literal -> . CHAR
    (50) literal -> . IDENT

    IDENT           shift and go to state 85
    LPAREN          shift and go to state 20
    LBRACE          shift and go to state 21
    NOT             shift and go to state 23
    SUB             shift and go to state 22
    LBRACKET        shift and go to state 24
    STR             shift and go to state 39
    INT             shift and go to state 28
    FLOAT           shift and go to state 40
    TRUE            shift and go to state 41
    FALSE           shift and go to state 42
    CHAR            shift and go to state 43

    expression                     shift and go to state 156
    literal                        shift and go to state 18

state 137

    (41) assign_stmt -> VAR type IDENT . ASSIGN expression
    (42) assign_stmt -> VAR type IDENT .

    ASSIGN          shift and go to state 157
    SEMICOLON       reduce using rule 42 (assign_stmt -> VAR type IDENT .)
    IDENT           reduce using rule 42 (assign_stmt -> VAR type IDENT .)
    LPAREN          reduce using rule 42 (assign_stmt -> VAR type IDENT .)
    LBRACE          reduce using rule 42 (assign_stmt -> VAR type IDENT .)
    NOT             reduce using rule 42 (assign_stmt -> VAR type IDENT .)
    SUB             reduce using rule 42 (assign_stmt -> VAR type IDENT .)
    LBRACKET        reduce using rule 42 (assign_stmt -> VAR type IDENT .)
    SET             reduce using rule 42 (assign_stmt -> VAR type IDENT .)
    VAR             reduce using rule 42 (assign_stmt -> VAR type IDENT .)
    IF              reduce using rule 42 (assign_stmt -> VAR type IDENT .)
    WHILE           reduce using rule 42 (assign_stmt -> VAR type IDENT .)
    FOR             reduce using rule 42 (assign_stmt -> VAR type IDENT .)
    PROCEDURE       reduce using rule 42 (assign_stmt -> VAR type IDENT .)
    BREAK           reduce using rule 42 (assign_stmt -> VAR type IDENT .)
    CONTINUE        reduce using rule 42 (assign_stmt -> VAR type IDENT .)
    RETURN          reduce using rule 42 (assign_stmt -> VAR type IDENT .)
    SCAN            reduce using rule 42 (assign_stmt -> VAR type IDENT .)
    ONSCREEN        reduce using rule 42 (assign_stmt -> VAR type IDENT .)
    PASS            reduce using rule 42 (assign_stmt -> VAR type IDENT .)
    STR             reduce using rule 42 (assign_stmt -> VAR type IDENT .)
    INT             reduce using rule 42 (assign_stmt -> VAR type IDENT .)
    FLOAT           reduce using rule 42 (assign_stmt -> VAR type IDENT .)
    TRUE            reduce using rule 42 (assign_stmt -> VAR type IDENT .)
    FALSE           reduce using rule 42 (assign_stmt -> VAR type IDENT .)
    CHAR            reduce using rule 42 (assign_stmt -> VAR type IDENT .)
    I8              reduce using rule 42 (assign_stmt -> VAR type IDENT .)
    I16             reduce using rule 42 (assign_stmt -> VAR type IDENT .)
    I32             reduce using rule 42 (assign_stmt -> VAR type IDENT .)
    I64             reduce using rule 42 (assign_stmt -> VAR type IDENT .)
    U8              reduce using rule 42 (assign_stmt -> VAR type IDENT .)
    U16             reduce using rule 42 (assign_stmt -> VAR type IDENT .)
    U32             reduce using rule 42 (assign_stmt -> VAR type IDENT .)
    U64             reduce using rule 42 (assign_stmt -> VAR type IDENT .)
    F32             reduce using rule 42 (assign_stmt -> VAR type IDENT .)
    F64             reduce using rule 42 (assign_stmt -> VAR type IDENT .)
    USIZE           reduce using rule 42 (assign_stmt -> VAR type IDENT .)
    ISIZE           reduce using rule 42 (assign_stmt -> VAR type IDENT .)
    STR_TYPE        reduce using rule 42 (assign_stmt -> VAR type IDENT .)
    BOOL_TYPE       reduce using rule 42 (assign_stmt -> VAR type IDENT .)
    INT_TYPE        reduce using rule 42 (assign_stmt -> VAR type IDENT .)
    CHAR_TYPE       reduce using rule 42 (assign_stmt -> VAR type IDENT .)
    VOID            reduce using rule 42 (assign_stmt -> VAR type IDENT .)
    $end            reduce using rule 42 (assign_stmt -> VAR type IDENT .)
    IN              reduce using rule 42 (assign_stmt -> VAR type IDENT .)
    RBRACE          reduce using rule 42 (assign_stmt -> VAR type IDENT .)


state 138

    (43) assign_stmt -> VAR LBRACKET type . COMMA INT RBRACKET IDENT ASSIGN expression

    COMMA           shift and go to state 158


state 139

    (101) lambda_stmt -> type LPAREN argument_list . RPAREN ARROW statement
    (97) argument_list -> argument_list . COMMA argument

    RPAREN          shift and go to state 159
    COMMA           shift and go to state 152


state 140

    (68) if_stmt -> IF expression LBRACE . statements RBRACE
    (69) if_stmt -> IF expression LBRACE . statements RBRACE ELSE LBRACE statements RBRACE
    (16) statements -> . statement
    (17) statements -> . statements statement
    (2) statement -> . expression optional_semicolon
    (3) statement -> . assign_stmt optional_semicolon
    (4) statement -> . if_stmt
    (5) statement -> . while_stmt
    (6) statement -> . for_stmt
    (7) statement -> . procedure_stmt
    (8) statement -> . break_stmt
    (9) statement -> . continue_stmt
    (10) statement -> . return_stmt
    (11) statement -> . scan_stmt
    (12) statement -> . onscreen_stmt
    (13) statement -> . call_stmt
    (14) statement -> . pass_stmt
    (15) statement -> . lambda_stmt
    (18) expression -> . literal
    (19) expression -> . IDENT
    (20) expression -> . LPAREN expression RPAREN
    (21) expression -> . LBRACE expression RBRACE
    (51) expression -> . expression ADD expression
    (52) expression -> . expression SUB expression
    (53) expression -> . expression MUL expression
    (54) expression -> . expression DIV expression
    (55) expression -> . expression MOD expression
    (56) expression -> . expression POW expression
    (57) expression -> . expression AND expression
    (58) expression -> . expression OR expression
    (59) expression -> . expression XOR expression
    (60) expression -> . expression NE expression
    (61) expression -> . expression EQ expression
    (62) expression -> . expression GT expression
    (63) expression -> . expression LT expression
    (64) expression -> . expression GE expression
    (65) expression -> . expression LE expression
    (66) expression -> . NOT expression
    (67) expression -> . SUB expression
    (92) expression -> . LBRACKET element_list RBRACKET optional_semicolon
    (93) expression -> . IDENT LBRACKET expression RBRACKET
    (107) expression -> . expression DOT IDENT
    (39) assign_stmt -> . SET IDENT ASSIGN expression
    (40) assign_stmt -> . SET expression ASSIGN expression
    (41) assign_stmt -> . VAR type IDENT ASSIGN expression
    (42) assign_stmt -> . VAR type IDENT
    (43) assign_stmt -> . VAR LBRACKET type COMMA INT RBRACKET IDENT ASSIGN expression
    (68) if_stmt -> . IF expression LBRACE statements RBRACE
    (69) if_stmt -> . IF expression LBRACE statements RBRACE ELSE LBRACE statements RBRACE
    (70) while_stmt -> . WHILE expression LBRACE statements RBRACE
    (71) for_stmt -> . FOR assign_stmt SEMICOLON expression SEMICOLON assign_stmt LBRACE statements RBRACE
    (72) for_stmt -> . FOR assign_stmt IN expression LBRACE statements RBRACE
    (73) for_stmt -> . FOR expression LBRACE statements RBRACE
    (80) procedure_stmt -> . PROCEDURE IDENT LPAREN params_list RPAREN COLON type block
    (81) procedure_stmt -> . PROCEDURE IDENT LPAREN params_list RPAREN block
    (82) break_stmt -> . BREAK optional_semicolon
    (83) continue_stmt -> . CONTINUE optional_semicolon
    (84) return_stmt -> . RETURN expression optional_semicolon
    (85) return_stmt -> . RETURN optional_semicolon
    (87) scan_stmt -> . SCAN LPAREN expression RPAREN optional_semicolon
    (86) onscreen_stmt -> . ONSCREEN LPAREN expression RPAREN optional_semicolon
    (99) call_stmt -> . IDENT LPAREN argument_list RPAREN optional_semicolon
    (100) pass_stmt -> . PASS optional_semicolon
    (101) lambda_stmt -> . type LPAREN argument_list RPAREN ARROW statement
    (44) literal -> . STR
    (45) literal -> . INT
    (46) literal -> . FLOAT
    (47) literal -> . TRUE
    (48) literal -> . FALSE
    (49) literal -> . CHAR
    (50) literal -> . IDENT
    (22) type -> . I8
    (23) type -> . I16
    (24) type -> . I32
    (25) type -> . I64
    (26) type -> . U8
    (27) type -> . U16
    (28) type -> . U32
    (29) type -> . U64
    (30) type -> . F32
    (31) type -> . F64
    (32) type -> . USIZE
    (33) type -> . ISIZE
    (34) type -> . STR_TYPE
    (35) type -> . BOOL_TYPE
    (36) type -> . INT_TYPE
    (37) type -> . CHAR_TYPE
    (38) type -> . VOID

    IDENT           shift and go to state 19
    LPAREN          shift and go to state 20
    LBRACE          shift and go to state 21
    NOT             shift and go to state 23
    SUB             shift and go to state 22
    LBRACKET        shift and go to state 24
    SET             shift and go to state 25
    VAR             shift and go to state 26
    IF              shift and go to state 29
    WHILE           shift and go to state 30
    FOR             shift and go to state 31
    PROCEDURE       shift and go to state 32
    BREAK           shift and go to state 33
    CONTINUE        shift and go to state 34
    RETURN          shift and go to state 35
    SCAN            shift and go to state 36
    ONSCREEN        shift and go to state 37
    PASS            shift and go to state 38
    STR             shift and go to state 39
    INT             shift and go to state 28
    FLOAT           shift and go to state 40
    TRUE            shift and go to state 41
    FALSE           shift and go to state 42
    CHAR            shift and go to state 43
    I8              shift and go to state 44
    I16             shift and go to state 45
    I32             shift and go to state 46
    I64             shift and go to state 47
    U8              shift and go to state 48
    U16             shift and go to state 49
    U32             shift and go to state 50
    U64             shift and go to state 51
    F32             shift and go to state 52
    F64             shift and go to state 53
    USIZE           shift and go to state 54
    ISIZE           shift and go to state 55
    STR_TYPE        shift and go to state 56
    BOOL_TYPE       shift and go to state 57
    INT_TYPE        shift and go to state 58
    CHAR_TYPE       shift and go to state 59
    VOID            shift and go to state 60

    expression                     shift and go to state 4
    statements                     shift and go to state 160
    statement                      shift and go to state 3
    assign_stmt                    shift and go to state 5
    if_stmt                        shift and go to state 6
    while_stmt                     shift and go to state 7
    for_stmt                       shift and go to state 8
    procedure_stmt                 shift and go to state 9
    break_stmt                     shift and go to state 10
    continue_stmt                  shift and go to state 11
    return_stmt                    shift and go to state 12
    scan_stmt                      shift and go to state 13
    onscreen_stmt                  shift and go to state 14
    call_stmt                      shift and go to state 15
    pass_stmt                      shift and go to state 16
    lambda_stmt                    shift and go to state 17
    literal                        shift and go to state 18
    type                           shift and go to state 27

state 141

    (70) while_stmt -> WHILE expression LBRACE . statements RBRACE
    (16) statements -> . statement
    (17) statements -> . statements statement
    (2) statement -> . expression optional_semicolon
    (3) statement -> . assign_stmt optional_semicolon
    (4) statement -> . if_stmt
    (5) statement -> . while_stmt
    (6) statement -> . for_stmt
    (7) statement -> . procedure_stmt
    (8) statement -> . break_stmt
    (9) statement -> . continue_stmt
    (10) statement -> . return_stmt
    (11) statement -> . scan_stmt
    (12) statement -> . onscreen_stmt
    (13) statement -> . call_stmt
    (14) statement -> . pass_stmt
    (15) statement -> . lambda_stmt
    (18) expression -> . literal
    (19) expression -> . IDENT
    (20) expression -> . LPAREN expression RPAREN
    (21) expression -> . LBRACE expression RBRACE
    (51) expression -> . expression ADD expression
    (52) expression -> . expression SUB expression
    (53) expression -> . expression MUL expression
    (54) expression -> . expression DIV expression
    (55) expression -> . expression MOD expression
    (56) expression -> . expression POW expression
    (57) expression -> . expression AND expression
    (58) expression -> . expression OR expression
    (59) expression -> . expression XOR expression
    (60) expression -> . expression NE expression
    (61) expression -> . expression EQ expression
    (62) expression -> . expression GT expression
    (63) expression -> . expression LT expression
    (64) expression -> . expression GE expression
    (65) expression -> . expression LE expression
    (66) expression -> . NOT expression
    (67) expression -> . SUB expression
    (92) expression -> . LBRACKET element_list RBRACKET optional_semicolon
    (93) expression -> . IDENT LBRACKET expression RBRACKET
    (107) expression -> . expression DOT IDENT
    (39) assign_stmt -> . SET IDENT ASSIGN expression
    (40) assign_stmt -> . SET expression ASSIGN expression
    (41) assign_stmt -> . VAR type IDENT ASSIGN expression
    (42) assign_stmt -> . VAR type IDENT
    (43) assign_stmt -> . VAR LBRACKET type COMMA INT RBRACKET IDENT ASSIGN expression
    (68) if_stmt -> . IF expression LBRACE statements RBRACE
    (69) if_stmt -> . IF expression LBRACE statements RBRACE ELSE LBRACE statements RBRACE
    (70) while_stmt -> . WHILE expression LBRACE statements RBRACE
    (71) for_stmt -> . FOR assign_stmt SEMICOLON expression SEMICOLON assign_stmt LBRACE statements RBRACE
    (72) for_stmt -> . FOR assign_stmt IN expression LBRACE statements RBRACE
    (73) for_stmt -> . FOR expression LBRACE statements RBRACE
    (80) procedure_stmt -> . PROCEDURE IDENT LPAREN params_list RPAREN COLON type block
    (81) procedure_stmt -> . PROCEDURE IDENT LPAREN params_list RPAREN block
    (82) break_stmt -> . BREAK optional_semicolon
    (83) continue_stmt -> . CONTINUE optional_semicolon
    (84) return_stmt -> . RETURN expression optional_semicolon
    (85) return_stmt -> . RETURN optional_semicolon
    (87) scan_stmt -> . SCAN LPAREN expression RPAREN optional_semicolon
    (86) onscreen_stmt -> . ONSCREEN LPAREN expression RPAREN optional_semicolon
    (99) call_stmt -> . IDENT LPAREN argument_list RPAREN optional_semicolon
    (100) pass_stmt -> . PASS optional_semicolon
    (101) lambda_stmt -> . type LPAREN argument_list RPAREN ARROW statement
    (44) literal -> . STR
    (45) literal -> . INT
    (46) literal -> . FLOAT
    (47) literal -> . TRUE
    (48) literal -> . FALSE
    (49) literal -> . CHAR
    (50) literal -> . IDENT
    (22) type -> . I8
    (23) type -> . I16
    (24) type -> . I32
    (25) type -> . I64
    (26) type -> . U8
    (27) type -> . U16
    (28) type -> . U32
    (29) type -> . U64
    (30) type -> . F32
    (31) type -> . F64
    (32) type -> . USIZE
    (33) type -> . ISIZE
    (34) type -> . STR_TYPE
    (35) type -> . BOOL_TYPE
    (36) type -> . INT_TYPE
    (37) type -> . CHAR_TYPE
    (38) type -> . VOID

    IDENT           shift and go to state 19
    LPAREN          shift and go to state 20
    LBRACE          shift and go to state 21
    NOT             shift and go to state 23
    SUB             shift and go to state 22
    LBRACKET        shift and go to state 24
    SET             shift and go to state 25
    VAR             shift and go to state 26
    IF              shift and go to state 29
    WHILE           shift and go to state 30
    FOR             shift and go to state 31
    PROCEDURE       shift and go to state 32
    BREAK           shift and go to state 33
    CONTINUE        shift and go to state 34
    RETURN          shift and go to state 35
    SCAN            shift and go to state 36
    ONSCREEN        shift and go to state 37
    PASS            shift and go to state 38
    STR             shift and go to state 39
    INT             shift and go to state 28
    FLOAT           shift and go to state 40
    TRUE            shift and go to state 41
    FALSE           shift and go to state 42
    CHAR            shift and go to state 43
    I8              shift and go to state 44
    I16             shift and go to state 45
    I32             shift and go to state 46
    I64             shift and go to state 47
    U8              shift and go to state 48
    U16             shift and go to state 49
    U32             shift and go to state 50
    U64             shift and go to state 51
    F32             shift and go to state 52
    F64             shift and go to state 53
    USIZE           shift and go to state 54
    ISIZE           shift and go to state 55
    STR_TYPE        shift and go to state 56
    BOOL_TYPE       shift and go to state 57
    INT_TYPE        shift and go to state 58
    CHAR_TYPE       shift and go to state 59
    VOID            shift and go to state 60

    expression                     shift and go to state 4
    statements                     shift and go to state 161
    statement                      shift and go to state 3
    assign_stmt                    shift and go to state 5
    if_stmt                        shift and go to state 6
    while_stmt                     shift and go to state 7
    for_stmt                       shift and go to state 8
    procedure_stmt                 shift and go to state 9
    break_stmt                     shift and go to state 10
    continue_stmt                  shift and go to state 11
    return_stmt                    shift and go to state 12
    scan_stmt                      shift and go to state 13
    onscreen_stmt                  shift and go to state 14
    call_stmt                      shift and go to state 15
    pass_stmt                      shift and go to state 16
    lambda_stmt                    shift and go to state 17
    literal                        shift and go to state 18
    type                           shift and go to state 27

state 142

    (71) for_stmt -> FOR assign_stmt SEMICOLON . expression SEMICOLON assign_stmt LBRACE statements RBRACE
    (18) expression -> . literal
    (19) expression -> . IDENT
    (20) expression -> . LPAREN expression RPAREN
    (21) expression -> . LBRACE expression RBRACE
    (51) expression -> . expression ADD expression
    (52) expression -> . expression SUB expression
    (53) expression -> . expression MUL expression
    (54) expression -> . expression DIV expression
    (55) expression -> . expression MOD expression
    (56) expression -> . expression POW expression
    (57) expression -> . expression AND expression
    (58) expression -> . expression OR expression
    (59) expression -> . expression XOR expression
    (60) expression -> . expression NE expression
    (61) expression -> . expression EQ expression
    (62) expression -> . expression GT expression
    (63) expression -> . expression LT expression
    (64) expression -> . expression GE expression
    (65) expression -> . expression LE expression
    (66) expression -> . NOT expression
    (67) expression -> . SUB expression
    (92) expression -> . LBRACKET element_list RBRACKET optional_semicolon
    (93) expression -> . IDENT LBRACKET expression RBRACKET
    (107) expression -> . expression DOT IDENT
    (44) literal -> . STR
    (45) literal -> . INT
    (46) literal -> . FLOAT
    (47) literal -> . TRUE
    (48) literal -> . FALSE
    (49) literal -> . CHAR
    (50) literal -> . IDENT

    IDENT           shift and go to state 85
    LPAREN          shift and go to state 20
    LBRACE          shift and go to state 21
    NOT             shift and go to state 23
    SUB             shift and go to state 22
    LBRACKET        shift and go to state 24
    STR             shift and go to state 39
    INT             shift and go to state 28
    FLOAT           shift and go to state 40
    TRUE            shift and go to state 41
    FALSE           shift and go to state 42
    CHAR            shift and go to state 43

    expression                     shift and go to state 162
    literal                        shift and go to state 18

state 143

    (72) for_stmt -> FOR assign_stmt IN . expression LBRACE statements RBRACE
    (18) expression -> . literal
    (19) expression -> . IDENT
    (20) expression -> . LPAREN expression RPAREN
    (21) expression -> . LBRACE expression RBRACE
    (51) expression -> . expression ADD expression
    (52) expression -> . expression SUB expression
    (53) expression -> . expression MUL expression
    (54) expression -> . expression DIV expression
    (55) expression -> . expression MOD expression
    (56) expression -> . expression POW expression
    (57) expression -> . expression AND expression
    (58) expression -> . expression OR expression
    (59) expression -> . expression XOR expression
    (60) expression -> . expression NE expression
    (61) expression -> . expression EQ expression
    (62) expression -> . expression GT expression
    (63) expression -> . expression LT expression
    (64) expression -> . expression GE expression
    (65) expression -> . expression LE expression
    (66) expression -> . NOT expression
    (67) expression -> . SUB expression
    (92) expression -> . LBRACKET element_list RBRACKET optional_semicolon
    (93) expression -> . IDENT LBRACKET expression RBRACKET
    (107) expression -> . expression DOT IDENT
    (44) literal -> . STR
    (45) literal -> . INT
    (46) literal -> . FLOAT
    (47) literal -> . TRUE
    (48) literal -> . FALSE
    (49) literal -> . CHAR
    (50) literal -> . IDENT

    IDENT           shift and go to state 85
    LPAREN          shift and go to state 20
    LBRACE          shift and go to state 21
    NOT             shift and go to state 23
    SUB             shift and go to state 22
    LBRACKET        shift and go to state 24
    STR             shift and go to state 39
    INT             shift and go to state 28
    FLOAT           shift and go to state 40
    TRUE            shift and go to state 41
    FALSE           shift and go to state 42
    CHAR            shift and go to state 43

    expression                     shift and go to state 163
    literal                        shift and go to state 18

state 144

    (73) for_stmt -> FOR expression LBRACE . statements RBRACE
    (16) statements -> . statement
    (17) statements -> . statements statement
    (2) statement -> . expression optional_semicolon
    (3) statement -> . assign_stmt optional_semicolon
    (4) statement -> . if_stmt
    (5) statement -> . while_stmt
    (6) statement -> . for_stmt
    (7) statement -> . procedure_stmt
    (8) statement -> . break_stmt
    (9) statement -> . continue_stmt
    (10) statement -> . return_stmt
    (11) statement -> . scan_stmt
    (12) statement -> . onscreen_stmt
    (13) statement -> . call_stmt
    (14) statement -> . pass_stmt
    (15) statement -> . lambda_stmt
    (18) expression -> . literal
    (19) expression -> . IDENT
    (20) expression -> . LPAREN expression RPAREN
    (21) expression -> . LBRACE expression RBRACE
    (51) expression -> . expression ADD expression
    (52) expression -> . expression SUB expression
    (53) expression -> . expression MUL expression
    (54) expression -> . expression DIV expression
    (55) expression -> . expression MOD expression
    (56) expression -> . expression POW expression
    (57) expression -> . expression AND expression
    (58) expression -> . expression OR expression
    (59) expression -> . expression XOR expression
    (60) expression -> . expression NE expression
    (61) expression -> . expression EQ expression
    (62) expression -> . expression GT expression
    (63) expression -> . expression LT expression
    (64) expression -> . expression GE expression
    (65) expression -> . expression LE expression
    (66) expression -> . NOT expression
    (67) expression -> . SUB expression
    (92) expression -> . LBRACKET element_list RBRACKET optional_semicolon
    (93) expression -> . IDENT LBRACKET expression RBRACKET
    (107) expression -> . expression DOT IDENT
    (39) assign_stmt -> . SET IDENT ASSIGN expression
    (40) assign_stmt -> . SET expression ASSIGN expression
    (41) assign_stmt -> . VAR type IDENT ASSIGN expression
    (42) assign_stmt -> . VAR type IDENT
    (43) assign_stmt -> . VAR LBRACKET type COMMA INT RBRACKET IDENT ASSIGN expression
    (68) if_stmt -> . IF expression LBRACE statements RBRACE
    (69) if_stmt -> . IF expression LBRACE statements RBRACE ELSE LBRACE statements RBRACE
    (70) while_stmt -> . WHILE expression LBRACE statements RBRACE
    (71) for_stmt -> . FOR assign_stmt SEMICOLON expression SEMICOLON assign_stmt LBRACE statements RBRACE
    (72) for_stmt -> . FOR assign_stmt IN expression LBRACE statements RBRACE
    (73) for_stmt -> . FOR expression LBRACE statements RBRACE
    (80) procedure_stmt -> . PROCEDURE IDENT LPAREN params_list RPAREN COLON type block
    (81) procedure_stmt -> . PROCEDURE IDENT LPAREN params_list RPAREN block
    (82) break_stmt -> . BREAK optional_semicolon
    (83) continue_stmt -> . CONTINUE optional_semicolon
    (84) return_stmt -> . RETURN expression optional_semicolon
    (85) return_stmt -> . RETURN optional_semicolon
    (87) scan_stmt -> . SCAN LPAREN expression RPAREN optional_semicolon
    (86) onscreen_stmt -> . ONSCREEN LPAREN expression RPAREN optional_semicolon
    (99) call_stmt -> . IDENT LPAREN argument_list RPAREN optional_semicolon
    (100) pass_stmt -> . PASS optional_semicolon
    (101) lambda_stmt -> . type LPAREN argument_list RPAREN ARROW statement
    (44) literal -> . STR
    (45) literal -> . INT
    (46) literal -> . FLOAT
    (47) literal -> . TRUE
    (48) literal -> . FALSE
    (49) literal -> . CHAR
    (50) literal -> . IDENT
    (22) type -> . I8
    (23) type -> . I16
    (24) type -> . I32
    (25) type -> . I64
    (26) type -> . U8
    (27) type -> . U16
    (28) type -> . U32
    (29) type -> . U64
    (30) type -> . F32
    (31) type -> . F64
    (32) type -> . USIZE
    (33) type -> . ISIZE
    (34) type -> . STR_TYPE
    (35) type -> . BOOL_TYPE
    (36) type -> . INT_TYPE
    (37) type -> . CHAR_TYPE
    (38) type -> . VOID

    IDENT           shift and go to state 19
    LPAREN          shift and go to state 20
    LBRACE          shift and go to state 21
    NOT             shift and go to state 23
    SUB             shift and go to state 22
    LBRACKET        shift and go to state 24
    SET             shift and go to state 25
    VAR             shift and go to state 26
    IF              shift and go to state 29
    WHILE           shift and go to state 30
    FOR             shift and go to state 31
    PROCEDURE       shift and go to state 32
    BREAK           shift and go to state 33
    CONTINUE        shift and go to state 34
    RETURN          shift and go to state 35
    SCAN            shift and go to state 36
    ONSCREEN        shift and go to state 37
    PASS            shift and go to state 38
    STR             shift and go to state 39
    INT             shift and go to state 28
    FLOAT           shift and go to state 40
    TRUE            shift and go to state 41
    FALSE           shift and go to state 42
    CHAR            shift and go to state 43
    I8              shift and go to state 44
    I16             shift and go to state 45
    I32             shift and go to state 46
    I64             shift and go to state 47
    U8              shift and go to state 48
    U16             shift and go to state 49
    U32             shift and go to state 50
    U64             shift and go to state 51
    F32             shift and go to state 52
    F64             shift and go to state 53
    USIZE           shift and go to state 54
    ISIZE           shift and go to state 55
    STR_TYPE        shift and go to state 56
    BOOL_TYPE       shift and go to state 57
    INT_TYPE        shift and go to state 58
    CHAR_TYPE       shift and go to state 59
    VOID            shift and go to state 60

    expression                     shift and go to state 4
    statements                     shift and go to state 164
    statement                      shift and go to state 3
    assign_stmt                    shift and go to state 5
    if_stmt                        shift and go to state 6
    while_stmt                     shift and go to state 7
    for_stmt                       shift and go to state 8
    procedure_stmt                 shift and go to state 9
    break_stmt                     shift and go to state 10
    continue_stmt                  shift and go to state 11
    return_stmt                    shift and go to state 12
    scan_stmt                      shift and go to state 13
    onscreen_stmt                  shift and go to state 14
    call_stmt                      shift and go to state 15
    pass_stmt                      shift and go to state 16
    lambda_stmt                    shift and go to state 17
    literal                        shift and go to state 18
    type                           shift and go to state 27

state 145

    (80) procedure_stmt -> PROCEDURE IDENT LPAREN . params_list RPAREN COLON type block
    (81) procedure_stmt -> PROCEDURE IDENT LPAREN . params_list RPAREN block
    (75) params_list -> . param
    (76) params_list -> . params_list COMMA param
    (77) params_list -> . empty
    (74) param -> . IDENT COLON type
    (110) empty -> .

    IDENT           shift and go to state 165
    RPAREN          reduce using rule 110 (empty -> .)
    COMMA           reduce using rule 110 (empty -> .)

    params_list                    shift and go to state 166
    param                          shift and go to state 167
    empty                          shift and go to state 168

state 146

    (84) return_stmt -> RETURN expression optional_semicolon .

    IDENT           reduce using rule 84 (return_stmt -> RETURN expression optional_semicolon .)
    LPAREN          reduce using rule 84 (return_stmt -> RETURN expression optional_semicolon .)
    LBRACE          reduce using rule 84 (return_stmt -> RETURN expression optional_semicolon .)
    NOT             reduce using rule 84 (return_stmt -> RETURN expression optional_semicolon .)
    SUB             reduce using rule 84 (return_stmt -> RETURN expression optional_semicolon .)
    LBRACKET        reduce using rule 84 (return_stmt -> RETURN expression optional_semicolon .)
    SET             reduce using rule 84 (return_stmt -> RETURN expression optional_semicolon .)
    VAR             reduce using rule 84 (return_stmt -> RETURN expression optional_semicolon .)
    IF              reduce using rule 84 (return_stmt -> RETURN expression optional_semicolon .)
    WHILE           reduce using rule 84 (return_stmt -> RETURN expression optional_semicolon .)
    FOR             reduce using rule 84 (return_stmt -> RETURN expression optional_semicolon .)
    PROCEDURE       reduce using rule 84 (return_stmt -> RETURN expression optional_semicolon .)
    BREAK           reduce using rule 84 (return_stmt -> RETURN expression optional_semicolon .)
    CONTINUE        reduce using rule 84 (return_stmt -> RETURN expression optional_semicolon .)
    RETURN          reduce using rule 84 (return_stmt -> RETURN expression optional_semicolon .)
    SCAN            reduce using rule 84 (return_stmt -> RETURN expression optional_semicolon .)
    ONSCREEN        reduce using rule 84 (return_stmt -> RETURN expression optional_semicolon .)
    PASS            reduce using rule 84 (return_stmt -> RETURN expression optional_semicolon .)
    STR             reduce using rule 84 (return_stmt -> RETURN expression optional_semicolon .)
    INT             reduce using rule 84 (return_stmt -> RETURN expression optional_semicolon .)
    FLOAT           reduce using rule 84 (return_stmt -> RETURN expression optional_semicolon .)
    TRUE            reduce using rule 84 (return_stmt -> RETURN expression optional_semicolon .)
    FALSE           reduce using rule 84 (return_stmt -> RETURN expression optional_semicolon .)
    CHAR            reduce using rule 84 (return_stmt -> RETURN expression optional_semicolon .)
    I8              reduce using rule 84 (return_stmt -> RETURN expression optional_semicolon .)
    I16             reduce using rule 84 (return_stmt -> RETURN expression optional_semicolon .)
    I32             reduce using rule 84 (return_stmt -> RETURN expression optional_semicolon .)
    I64             reduce using rule 84 (return_stmt -> RETURN expression optional_semicolon .)
    U8              reduce using rule 84 (return_stmt -> RETURN expression optional_semicolon .)
    U16             reduce using rule 84 (return_stmt -> RETURN expression optional_semicolon .)
    U32             reduce using rule 84 (return_stmt -> RETURN expression optional_semicolon .)
    U64             reduce using rule 84 (return_stmt -> RETURN expression optional_semicolon .)
    F32             reduce using rule 84 (return_stmt -> RETURN expression optional_semicolon .)
    F64             reduce using rule 84 (return_stmt -> RETURN expression optional_semicolon .)
    USIZE           reduce using rule 84 (return_stmt -> RETURN expression optional_semicolon .)
    ISIZE           reduce using rule 84 (return_stmt -> RETURN expression optional_semicolon .)
    STR_TYPE        reduce using rule 84 (return_stmt -> RETURN expression optional_semicolon .)
    BOOL_TYPE       reduce using rule 84 (return_stmt -> RETURN expression optional_semicolon .)
    INT_TYPE        reduce using rule 84 (return_stmt -> RETURN expression optional_semicolon .)
    CHAR_TYPE       reduce using rule 84 (return_stmt -> RETURN expression optional_semicolon .)
    VOID            reduce using rule 84 (return_stmt -> RETURN expression optional_semicolon .)
    $end            reduce using rule 84 (return_stmt -> RETURN expression optional_semicolon .)
    RBRACE          reduce using rule 84 (return_stmt -> RETURN expression optional_semicolon .)


state 147

    (87) scan_stmt -> SCAN LPAREN expression . RPAREN optional_semicolon
    (51) expression -> expression . ADD expression
    (52) expression -> expression . SUB expression
    (53) expression -> expression . MUL expression
    (54) expression -> expression . DIV expression
    (55) expression -> expression . MOD expression
    (56) expression -> expression . POW expression
    (57) expression -> expression . AND expression
    (58) expression -> expression . OR expression
    (59) expression -> expression . XOR expression
    (60) expression -> expression . NE expression
    (61) expression -> expression . EQ expression
    (62) expression -> expression . GT expression
    (63) expression -> expression . LT expression
    (64) expression -> expression . GE expression
    (65) expression -> expression . LE expression
    (107) expression -> expression . DOT IDENT

    RPAREN          shift and go to state 169
    ADD             shift and go to state 63
    SUB             shift and go to state 64
    MUL             shift and go to state 65
    DIV             shift and go to state 66
    MOD             shift and go to state 67
    POW             shift and go to state 68
    AND             shift and go to state 69
    OR              shift and go to state 70
    XOR             shift and go to state 71
    NE              shift and go to state 72
    EQ              shift and go to state 73
    GT              shift and go to state 74
    LT              shift and go to state 75
    GE              shift and go to state 76
    LE              shift and go to state 77
    DOT             shift and go to state 78


state 148

    (86) onscreen_stmt -> ONSCREEN LPAREN expression . RPAREN optional_semicolon
    (51) expression -> expression . ADD expression
    (52) expression -> expression . SUB expression
    (53) expression -> expression . MUL expression
    (54) expression -> expression . DIV expression
    (55) expression -> expression . MOD expression
    (56) expression -> expression . POW expression
    (57) expression -> expression . AND expression
    (58) expression -> expression . OR expression
    (59) expression -> expression . XOR expression
    (60) expression -> expression . NE expression
    (61) expression -> expression . EQ expression
    (62) expression -> expression . GT expression
    (63) expression -> expression . LT expression
    (64) expression -> expression . GE expression
    (65) expression -> expression . LE expression
    (107) expression -> expression . DOT IDENT

    RPAREN          shift and go to state 170
    ADD             shift and go to state 63
    SUB             shift and go to state 64
    MUL             shift and go to state 65
    DIV             shift and go to state 66
    MOD             shift and go to state 67
    POW             shift and go to state 68
    AND             shift and go to state 69
    OR              shift and go to state 70
    XOR             shift and go to state 71
    NE              shift and go to state 72
    EQ              shift and go to state 73
    GT              shift and go to state 74
    LT              shift and go to state 75
    GE              shift and go to state 76
    LE              shift and go to state 77
    DOT             shift and go to state 78


state 149

    (93) expression -> IDENT LBRACKET expression RBRACKET .

    ADD             reduce using rule 93 (expression -> IDENT LBRACKET expression RBRACKET .)
    SUB             reduce using rule 93 (expression -> IDENT LBRACKET expression RBRACKET .)
    MUL             reduce using rule 93 (expression -> IDENT LBRACKET expression RBRACKET .)
    DIV             reduce using rule 93 (expression -> IDENT LBRACKET expression RBRACKET .)
    MOD             reduce using rule 93 (expression -> IDENT LBRACKET expression RBRACKET .)
    POW             reduce using rule 93 (expression -> IDENT LBRACKET expression RBRACKET .)
    AND             reduce using rule 93 (expression -> IDENT LBRACKET expression RBRACKET .)
    OR              reduce using rule 93 (expression -> IDENT LBRACKET expression RBRACKET .)
    XOR             reduce using rule 93 (expression -> IDENT LBRACKET expression RBRACKET .)
    NE              reduce using rule 93 (expression -> IDENT LBRACKET expression RBRACKET .)
    EQ              reduce using rule 93 (expression -> IDENT LBRACKET expression RBRACKET .)
    GT              reduce using rule 93 (expression -> IDENT LBRACKET expression RBRACKET .)
    LT              reduce using rule 93 (expression -> IDENT LBRACKET expression RBRACKET .)
    GE              reduce using rule 93 (expression -> IDENT LBRACKET expression RBRACKET .)
    LE              reduce using rule 93 (expression -> IDENT LBRACKET expression RBRACKET .)
    DOT             reduce using rule 93 (expression -> IDENT LBRACKET expression RBRACKET .)
    SEMICOLON       reduce using rule 93 (expression -> IDENT LBRACKET expression RBRACKET .)
    IDENT           reduce using rule 93 (expression -> IDENT LBRACKET expression RBRACKET .)
    LPAREN          reduce using rule 93 (expression -> IDENT LBRACKET expression RBRACKET .)
    LBRACE          reduce using rule 93 (expression -> IDENT LBRACKET expression RBRACKET .)
    NOT             reduce using rule 93 (expression -> IDENT LBRACKET expression RBRACKET .)
    LBRACKET        reduce using rule 93 (expression -> IDENT LBRACKET expression RBRACKET .)
    SET             reduce using rule 93 (expression -> IDENT LBRACKET expression RBRACKET .)
    VAR             reduce using rule 93 (expression -> IDENT LBRACKET expression RBRACKET .)
    IF              reduce using rule 93 (expression -> IDENT LBRACKET expression RBRACKET .)
    WHILE           reduce using rule 93 (expression -> IDENT LBRACKET expression RBRACKET .)
    FOR             reduce using rule 93 (expression -> IDENT LBRACKET expression RBRACKET .)
    PROCEDURE       reduce using rule 93 (expression -> IDENT LBRACKET expression RBRACKET .)
    BREAK           reduce using rule 93 (expression -> IDENT LBRACKET expression RBRACKET .)
    CONTINUE        reduce using rule 93 (expression -> IDENT LBRACKET expression RBRACKET .)
    RETURN          reduce using rule 93 (expression -> IDENT LBRACKET expression RBRACKET .)
    SCAN            reduce using rule 93 (expression -> IDENT LBRACKET expression RBRACKET .)
    ONSCREEN        reduce using rule 93 (expression -> IDENT LBRACKET expression RBRACKET .)
    PASS            reduce using rule 93 (expression -> IDENT LBRACKET expression RBRACKET .)
    STR             reduce using rule 93 (expression -> IDENT LBRACKET expression RBRACKET .)
    INT             reduce using rule 93 (expression -> IDENT LBRACKET expression RBRACKET .)
    FLOAT           reduce using rule 93 (expression -> IDENT LBRACKET expression RBRACKET .)
    TRUE            reduce using rule 93 (expression -> IDENT LBRACKET expression RBRACKET .)
    FALSE           reduce using rule 93 (expression -> IDENT LBRACKET expression RBRACKET .)
    CHAR            reduce using rule 93 (expression -> IDENT LBRACKET expression RBRACKET .)
    I8              reduce using rule 93 (expression -> IDENT LBRACKET expression RBRACKET .)
    I16             reduce using rule 93 (expression -> IDENT LBRACKET expression RBRACKET .)
    I32             reduce using rule 93 (expression -> IDENT LBRACKET expression RBRACKET .)
    I64             reduce using rule 93 (expression -> IDENT LBRACKET expression RBRACKET .)
    U8              reduce using rule 93 (expression -> IDENT LBRACKET expression RBRACKET .)
    U16             reduce using rule 93 (expression -> IDENT LBRACKET expression RBRACKET .)
    U32             reduce using rule 93 (expression -> IDENT LBRACKET expression RBRACKET .)
    U64             reduce using rule 93 (expression -> IDENT LBRACKET expression RBRACKET .)
    F32             reduce using rule 93 (expression -> IDENT LBRACKET expression RBRACKET .)
    F64             reduce using rule 93 (expression -> IDENT LBRACKET expression RBRACKET .)
    USIZE           reduce using rule 93 (expression -> IDENT LBRACKET expression RBRACKET .)
    ISIZE           reduce using rule 93 (expression -> IDENT LBRACKET expression RBRACKET .)
    STR_TYPE        reduce using rule 93 (expression -> IDENT LBRACKET expression RBRACKET .)
    BOOL_TYPE       reduce using rule 93 (expression -> IDENT LBRACKET expression RBRACKET .)
    INT_TYPE        reduce using rule 93 (expression -> IDENT LBRACKET expression RBRACKET .)
    CHAR_TYPE       reduce using rule 93 (expression -> IDENT LBRACKET expression RBRACKET .)
    VOID            reduce using rule 93 (expression -> IDENT LBRACKET expression RBRACKET .)
    $end            reduce using rule 93 (expression -> IDENT LBRACKET expression RBRACKET .)
    RPAREN          reduce using rule 93 (expression -> IDENT LBRACKET expression RBRACKET .)
    RBRACE          reduce using rule 93 (expression -> IDENT LBRACKET expression RBRACKET .)
    RBRACKET        reduce using rule 93 (expression -> IDENT LBRACKET expression RBRACKET .)
    COMMA           reduce using rule 93 (expression -> IDENT LBRACKET expression RBRACKET .)
    ASSIGN          reduce using rule 93 (expression -> IDENT LBRACKET expression RBRACKET .)
    IN              reduce using rule 93 (expression -> IDENT LBRACKET expression RBRACKET .)


state 150

    (95) argument -> IDENT ASSIGN . expression
    (18) expression -> . literal
    (19) expression -> . IDENT
    (20) expression -> . LPAREN expression RPAREN
    (21) expression -> . LBRACE expression RBRACE
    (51) expression -> . expression ADD expression
    (52) expression -> . expression SUB expression
    (53) expression -> . expression MUL expression
    (54) expression -> . expression DIV expression
    (55) expression -> . expression MOD expression
    (56) expression -> . expression POW expression
    (57) expression -> . expression AND expression
    (58) expression -> . expression OR expression
    (59) expression -> . expression XOR expression
    (60) expression -> . expression NE expression
    (61) expression -> . expression EQ expression
    (62) expression -> . expression GT expression
    (63) expression -> . expression LT expression
    (64) expression -> . expression GE expression
    (65) expression -> . expression LE expression
    (66) expression -> . NOT expression
    (67) expression -> . SUB expression
    (92) expression -> . LBRACKET element_list RBRACKET optional_semicolon
    (93) expression -> . IDENT LBRACKET expression RBRACKET
    (107) expression -> . expression DOT IDENT
    (44) literal -> . STR
    (45) literal -> . INT
    (46) literal -> . FLOAT
    (47) literal -> . TRUE
    (48) literal -> . FALSE
    (49) literal -> . CHAR
    (50) literal -> . IDENT

    IDENT           shift and go to state 85
    LPAREN          shift and go to state 20
    LBRACE          shift and go to state 21
    NOT             shift and go to state 23
    SUB             shift and go to state 22
    LBRACKET        shift and go to state 24
    STR             shift and go to state 39
    INT             shift and go to state 28
    FLOAT           shift and go to state 40
    TRUE            shift and go to state 41
    FALSE           shift and go to state 42
    CHAR            shift and go to state 43

    expression                     shift and go to state 171
    literal                        shift and go to state 18

state 151

    (99) call_stmt -> IDENT LPAREN argument_list RPAREN . optional_semicolon
    (108) optional_semicolon -> . SEMICOLON
    (109) optional_semicolon -> . empty
    (110) empty -> .

    SEMICOLON       shift and go to state 79
    IDENT           reduce using rule 110 (empty -> .)
    LPAREN          reduce using rule 110 (empty -> .)
    LBRACE          reduce using rule 110 (empty -> .)
    NOT             reduce using rule 110 (empty -> .)
    SUB             reduce using rule 110 (empty -> .)
    LBRACKET        reduce using rule 110 (empty -> .)
    SET             reduce using rule 110 (empty -> .)
    VAR             reduce using rule 110 (empty -> .)
    IF              reduce using rule 110 (empty -> .)
    WHILE           reduce using rule 110 (empty -> .)
    FOR             reduce using rule 110 (empty -> .)
    PROCEDURE       reduce using rule 110 (empty -> .)
    BREAK           reduce using rule 110 (empty -> .)
    CONTINUE        reduce using rule 110 (empty -> .)
    RETURN          reduce using rule 110 (empty -> .)
    SCAN            reduce using rule 110 (empty -> .)
    ONSCREEN        reduce using rule 110 (empty -> .)
    PASS            reduce using rule 110 (empty -> .)
    STR             reduce using rule 110 (empty -> .)
    INT             reduce using rule 110 (empty -> .)
    FLOAT           reduce using rule 110 (empty -> .)
    TRUE            reduce using rule 110 (empty -> .)
    FALSE           reduce using rule 110 (empty -> .)
    CHAR            reduce using rule 110 (empty -> .)
    I8              reduce using rule 110 (empty -> .)
    I16             reduce using rule 110 (empty -> .)
    I32             reduce using rule 110 (empty -> .)
    I64             reduce using rule 110 (empty -> .)
    U8              reduce using rule 110 (empty -> .)
    U16             reduce using rule 110 (empty -> .)
    U32             reduce using rule 110 (empty -> .)
    U64             reduce using rule 110 (empty -> .)
    F32             reduce using rule 110 (empty -> .)
    F64             reduce using rule 110 (empty -> .)
    USIZE           reduce using rule 110 (empty -> .)
    ISIZE           reduce using rule 110 (empty -> .)
    STR_TYPE        reduce using rule 110 (empty -> .)
    BOOL_TYPE       reduce using rule 110 (empty -> .)
    INT_TYPE        reduce using rule 110 (empty -> .)
    CHAR_TYPE       reduce using rule 110 (empty -> .)
    VOID            reduce using rule 110 (empty -> .)
    $end            reduce using rule 110 (empty -> .)
    RBRACE          reduce using rule 110 (empty -> .)

    optional_semicolon             shift and go to state 172
    empty                          shift and go to state 80

state 152

    (97) argument_list -> argument_list COMMA . argument
    (94) argument -> . IDENT
    (95) argument -> . IDENT ASSIGN expression

    IDENT           shift and go to state 127

    argument                       shift and go to state 173

state 153

    (92) expression -> LBRACKET element_list RBRACKET optional_semicolon .

    ADD             reduce using rule 92 (expression -> LBRACKET element_list RBRACKET optional_semicolon .)
    SUB             reduce using rule 92 (expression -> LBRACKET element_list RBRACKET optional_semicolon .)
    MUL             reduce using rule 92 (expression -> LBRACKET element_list RBRACKET optional_semicolon .)
    DIV             reduce using rule 92 (expression -> LBRACKET element_list RBRACKET optional_semicolon .)
    MOD             reduce using rule 92 (expression -> LBRACKET element_list RBRACKET optional_semicolon .)
    POW             reduce using rule 92 (expression -> LBRACKET element_list RBRACKET optional_semicolon .)
    AND             reduce using rule 92 (expression -> LBRACKET element_list RBRACKET optional_semicolon .)
    OR              reduce using rule 92 (expression -> LBRACKET element_list RBRACKET optional_semicolon .)
    XOR             reduce using rule 92 (expression -> LBRACKET element_list RBRACKET optional_semicolon .)
    NE              reduce using rule 92 (expression -> LBRACKET element_list RBRACKET optional_semicolon .)
    EQ              reduce using rule 92 (expression -> LBRACKET element_list RBRACKET optional_semicolon .)
    GT              reduce using rule 92 (expression -> LBRACKET element_list RBRACKET optional_semicolon .)
    LT              reduce using rule 92 (expression -> LBRACKET element_list RBRACKET optional_semicolon .)
    GE              reduce using rule 92 (expression -> LBRACKET element_list RBRACKET optional_semicolon .)
    LE              reduce using rule 92 (expression -> LBRACKET element_list RBRACKET optional_semicolon .)
    DOT             reduce using rule 92 (expression -> LBRACKET element_list RBRACKET optional_semicolon .)
    SEMICOLON       reduce using rule 92 (expression -> LBRACKET element_list RBRACKET optional_semicolon .)
    IDENT           reduce using rule 92 (expression -> LBRACKET element_list RBRACKET optional_semicolon .)
    LPAREN          reduce using rule 92 (expression -> LBRACKET element_list RBRACKET optional_semicolon .)
    LBRACE          reduce using rule 92 (expression -> LBRACKET element_list RBRACKET optional_semicolon .)
    NOT             reduce using rule 92 (expression -> LBRACKET element_list RBRACKET optional_semicolon .)
    LBRACKET        reduce using rule 92 (expression -> LBRACKET element_list RBRACKET optional_semicolon .)
    SET             reduce using rule 92 (expression -> LBRACKET element_list RBRACKET optional_semicolon .)
    VAR             reduce using rule 92 (expression -> LBRACKET element_list RBRACKET optional_semicolon .)
    IF              reduce using rule 92 (expression -> LBRACKET element_list RBRACKET optional_semicolon .)
    WHILE           reduce using rule 92 (expression -> LBRACKET element_list RBRACKET optional_semicolon .)
    FOR             reduce using rule 92 (expression -> LBRACKET element_list RBRACKET optional_semicolon .)
    PROCEDURE       reduce using rule 92 (expression -> LBRACKET element_list RBRACKET optional_semicolon .)
    BREAK           reduce using rule 92 (expression -> LBRACKET element_list RBRACKET optional_semicolon .)
    CONTINUE        reduce using rule 92 (expression -> LBRACKET element_list RBRACKET optional_semicolon .)
    RETURN          reduce using rule 92 (expression -> LBRACKET element_list RBRACKET optional_semicolon .)
    SCAN            reduce using rule 92 (expression -> LBRACKET element_list RBRACKET optional_semicolon .)
    ONSCREEN        reduce using rule 92 (expression -> LBRACKET element_list RBRACKET optional_semicolon .)
    PASS            reduce using rule 92 (expression -> LBRACKET element_list RBRACKET optional_semicolon .)
    STR             reduce using rule 92 (expression -> LBRACKET element_list RBRACKET optional_semicolon .)
    INT             reduce using rule 92 (expression -> LBRACKET element_list RBRACKET optional_semicolon .)
    FLOAT           reduce using rule 92 (expression -> LBRACKET element_list RBRACKET optional_semicolon .)
    TRUE            reduce using rule 92 (expression -> LBRACKET element_list RBRACKET optional_semicolon .)
    FALSE           reduce using rule 92 (expression -> LBRACKET element_list RBRACKET optional_semicolon .)
    CHAR            reduce using rule 92 (expression -> LBRACKET element_list RBRACKET optional_semicolon .)
    I8              reduce using rule 92 (expression -> LBRACKET element_list RBRACKET optional_semicolon .)
    I16             reduce using rule 92 (expression -> LBRACKET element_list RBRACKET optional_semicolon .)
    I32             reduce using rule 92 (expression -> LBRACKET element_list RBRACKET optional_semicolon .)
    I64             reduce using rule 92 (expression -> LBRACKET element_list RBRACKET optional_semicolon .)
    U8              reduce using rule 92 (expression -> LBRACKET element_list RBRACKET optional_semicolon .)
    U16             reduce using rule 92 (expression -> LBRACKET element_list RBRACKET optional_semicolon .)
    U32             reduce using rule 92 (expression -> LBRACKET element_list RBRACKET optional_semicolon .)
    U64             reduce using rule 92 (expression -> LBRACKET element_list RBRACKET optional_semicolon .)
    F32             reduce using rule 92 (expression -> LBRACKET element_list RBRACKET optional_semicolon .)
    F64             reduce using rule 92 (expression -> LBRACKET element_list RBRACKET optional_semicolon .)
    USIZE           reduce using rule 92 (expression -> LBRACKET element_list RBRACKET optional_semicolon .)
    ISIZE           reduce using rule 92 (expression -> LBRACKET element_list RBRACKET optional_semicolon .)
    STR_TYPE        reduce using rule 92 (expression -> LBRACKET element_list RBRACKET optional_semicolon .)
    BOOL_TYPE       reduce using rule 92 (expression -> LBRACKET element_list RBRACKET optional_semicolon .)
    INT_TYPE        reduce using rule 92 (expression -> LBRACKET element_list RBRACKET optional_semicolon .)
    CHAR_TYPE       reduce using rule 92 (expression -> LBRACKET element_list RBRACKET optional_semicolon .)
    VOID            reduce using rule 92 (expression -> LBRACKET element_list RBRACKET optional_semicolon .)
    $end            reduce using rule 92 (expression -> LBRACKET element_list RBRACKET optional_semicolon .)
    RPAREN          reduce using rule 92 (expression -> LBRACKET element_list RBRACKET optional_semicolon .)
    RBRACE          reduce using rule 92 (expression -> LBRACKET element_list RBRACKET optional_semicolon .)
    RBRACKET        reduce using rule 92 (expression -> LBRACKET element_list RBRACKET optional_semicolon .)
    COMMA           reduce using rule 92 (expression -> LBRACKET element_list RBRACKET optional_semicolon .)
    ASSIGN          reduce using rule 92 (expression -> LBRACKET element_list RBRACKET optional_semicolon .)
    IN              reduce using rule 92 (expression -> LBRACKET element_list RBRACKET optional_semicolon .)


state 154

    (90) element_list -> element_list COMMA element .

    RBRACKET        reduce using rule 90 (element_list -> element_list COMMA element .)
    COMMA           reduce using rule 90 (element_list -> element_list COMMA element .)


state 155

    (39) assign_stmt -> SET IDENT ASSIGN expression .
    (51) expression -> expression . ADD expression
    (52) expression -> expression . SUB expression
    (53) expression -> expression . MUL expression
    (54) expression -> expression . DIV expression
    (55) expression -> expression . MOD expression
    (56) expression -> expression . POW expression
    (57) expression -> expression . AND expression
    (58) expression -> expression . OR expression
    (59) expression -> expression . XOR expression
    (60) expression -> expression . NE expression
    (61) expression -> expression . EQ expression
    (62) expression -> expression . GT expression
    (63) expression -> expression . LT expression
    (64) expression -> expression . GE expression
    (65) expression -> expression . LE expression
    (107) expression -> expression . DOT IDENT

  ! shift/reduce conflict for SUB resolved as shift
    SEMICOLON       reduce using rule 39 (assign_stmt -> SET IDENT ASSIGN expression .)
    IDENT           reduce using rule 39 (assign_stmt -> SET IDENT ASSIGN expression .)
    LPAREN          reduce using rule 39 (assign_stmt -> SET IDENT ASSIGN expression .)
    LBRACE          reduce using rule 39 (assign_stmt -> SET IDENT ASSIGN expression .)
    NOT             reduce using rule 39 (assign_stmt -> SET IDENT ASSIGN expression .)
    LBRACKET        reduce using rule 39 (assign_stmt -> SET IDENT ASSIGN expression .)
    SET             reduce using rule 39 (assign_stmt -> SET IDENT ASSIGN expression .)
    VAR             reduce using rule 39 (assign_stmt -> SET IDENT ASSIGN expression .)
    IF              reduce using rule 39 (assign_stmt -> SET IDENT ASSIGN expression .)
    WHILE           reduce using rule 39 (assign_stmt -> SET IDENT ASSIGN expression .)
    FOR             reduce using rule 39 (assign_stmt -> SET IDENT ASSIGN expression .)
    PROCEDURE       reduce using rule 39 (assign_stmt -> SET IDENT ASSIGN expression .)
    BREAK           reduce using rule 39 (assign_stmt -> SET IDENT ASSIGN expression .)
    CONTINUE        reduce using rule 39 (assign_stmt -> SET IDENT ASSIGN expression .)
    RETURN          reduce using rule 39 (assign_stmt -> SET IDENT ASSIGN expression .)
    SCAN            reduce using rule 39 (assign_stmt -> SET IDENT ASSIGN expression .)
    ONSCREEN        reduce using rule 39 (assign_stmt -> SET IDENT ASSIGN expression .)
    PASS            reduce using rule 39 (assign_stmt -> SET IDENT ASSIGN expression .)
    STR             reduce using rule 39 (assign_stmt -> SET IDENT ASSIGN expression .)
    INT             reduce using rule 39 (assign_stmt -> SET IDENT ASSIGN expression .)
    FLOAT           reduce using rule 39 (assign_stmt -> SET IDENT ASSIGN expression .)
    TRUE            reduce using rule 39 (assign_stmt -> SET IDENT ASSIGN expression .)
    FALSE           reduce using rule 39 (assign_stmt -> SET IDENT ASSIGN expression .)
    CHAR            reduce using rule 39 (assign_stmt -> SET IDENT ASSIGN expression .)
    I8              reduce using rule 39 (assign_stmt -> SET IDENT ASSIGN expression .)
    I16             reduce using rule 39 (assign_stmt -> SET IDENT ASSIGN expression .)
    I32             reduce using rule 39 (assign_stmt -> SET IDENT ASSIGN expression .)
    I64             reduce using rule 39 (assign_stmt -> SET IDENT ASSIGN expression .)
    U8              reduce using rule 39 (assign_stmt -> SET IDENT ASSIGN expression .)
    U16             reduce using rule 39 (assign_stmt -> SET IDENT ASSIGN expression .)
    U32             reduce using rule 39 (assign_stmt -> SET IDENT ASSIGN expression .)
    U64             reduce using rule 39 (assign_stmt -> SET IDENT ASSIGN expression .)
    F32             reduce using rule 39 (assign_stmt -> SET IDENT ASSIGN expression .)
    F64             reduce using rule 39 (assign_stmt -> SET IDENT ASSIGN expression .)
    USIZE           reduce using rule 39 (assign_stmt -> SET IDENT ASSIGN expression .)
    ISIZE           reduce using rule 39 (assign_stmt -> SET IDENT ASSIGN expression .)
    STR_TYPE        reduce using rule 39 (assign_stmt -> SET IDENT ASSIGN expression .)
    BOOL_TYPE       reduce using rule 39 (assign_stmt -> SET IDENT ASSIGN expression .)
    INT_TYPE        reduce using rule 39 (assign_stmt -> SET IDENT ASSIGN expression .)
    CHAR_TYPE       reduce using rule 39 (assign_stmt -> SET IDENT ASSIGN expression .)
    VOID            reduce using rule 39 (assign_stmt -> SET IDENT ASSIGN expression .)
    $end            reduce using rule 39 (assign_stmt -> SET IDENT ASSIGN expression .)
    IN              reduce using rule 39 (assign_stmt -> SET IDENT ASSIGN expression .)
    RBRACE          reduce using rule 39 (assign_stmt -> SET IDENT ASSIGN expression .)
    ADD             shift and go to state 63
    SUB             shift and go to state 64
    MUL             shift and go to state 65
    DIV             shift and go to state 66
    MOD             shift and go to state 67
    POW             shift and go to state 68
    AND             shift and go to state 69
    OR              shift and go to state 70
    XOR             shift and go to state 71
    NE              shift and go to state 72
    EQ              shift and go to state 73
    GT              shift and go to state 74
    LT              shift and go to state 75
    GE              shift and go to state 76
    LE              shift and go to state 77
    DOT             shift and go to state 78

  ! SUB             [ reduce using rule 39 (assign_stmt -> SET IDENT ASSIGN expression .) ]


state 156

    (40) assign_stmt -> SET expression ASSIGN expression .
    (51) expression -> expression . ADD expression
    (52) expression -> expression . SUB expression
    (53) expression -> expression . MUL expression
    (54) expression -> expression . DIV expression
    (55) expression -> expression . MOD expression
    (56) expression -> expression . POW expression
    (57) expression -> expression . AND expression
    (58) expression -> expression . OR expression
    (59) expression -> expression . XOR expression
    (60) expression -> expression . NE expression
    (61) expression -> expression . EQ expression
    (62) expression -> expression . GT expression
    (63) expression -> expression . LT expression
    (64) expression -> expression . GE expression
    (65) expression -> expression . LE expression
    (107) expression -> expression . DOT IDENT

  ! shift/reduce conflict for SUB resolved as shift
    SEMICOLON       reduce using rule 40 (assign_stmt -> SET expression ASSIGN expression .)
    IDENT           reduce using rule 40 (assign_stmt -> SET expression ASSIGN expression .)
    LPAREN          reduce using rule 40 (assign_stmt -> SET expression ASSIGN expression .)
    LBRACE          reduce using rule 40 (assign_stmt -> SET expression ASSIGN expression .)
    NOT             reduce using rule 40 (assign_stmt -> SET expression ASSIGN expression .)
    LBRACKET        reduce using rule 40 (assign_stmt -> SET expression ASSIGN expression .)
    SET             reduce using rule 40 (assign_stmt -> SET expression ASSIGN expression .)
    VAR             reduce using rule 40 (assign_stmt -> SET expression ASSIGN expression .)
    IF              reduce using rule 40 (assign_stmt -> SET expression ASSIGN expression .)
    WHILE           reduce using rule 40 (assign_stmt -> SET expression ASSIGN expression .)
    FOR             reduce using rule 40 (assign_stmt -> SET expression ASSIGN expression .)
    PROCEDURE       reduce using rule 40 (assign_stmt -> SET expression ASSIGN expression .)
    BREAK           reduce using rule 40 (assign_stmt -> SET expression ASSIGN expression .)
    CONTINUE        reduce using rule 40 (assign_stmt -> SET expression ASSIGN expression .)
    RETURN          reduce using rule 40 (assign_stmt -> SET expression ASSIGN expression .)
    SCAN            reduce using rule 40 (assign_stmt -> SET expression ASSIGN expression .)
    ONSCREEN        reduce using rule 40 (assign_stmt -> SET expression ASSIGN expression .)
    PASS            reduce using rule 40 (assign_stmt -> SET expression ASSIGN expression .)
    STR             reduce using rule 40 (assign_stmt -> SET expression ASSIGN expression .)
    INT             reduce using rule 40 (assign_stmt -> SET expression ASSIGN expression .)
    FLOAT           reduce using rule 40 (assign_stmt -> SET expression ASSIGN expression .)
    TRUE            reduce using rule 40 (assign_stmt -> SET expression ASSIGN expression .)
    FALSE           reduce using rule 40 (assign_stmt -> SET expression ASSIGN expression .)
    CHAR            reduce using rule 40 (assign_stmt -> SET expression ASSIGN expression .)
    I8              reduce using rule 40 (assign_stmt -> SET expression ASSIGN expression .)
    I16             reduce using rule 40 (assign_stmt -> SET expression ASSIGN expression .)
    I32             reduce using rule 40 (assign_stmt -> SET expression ASSIGN expression .)
    I64             reduce using rule 40 (assign_stmt -> SET expression ASSIGN expression .)
    U8              reduce using rule 40 (assign_stmt -> SET expression ASSIGN expression .)
    U16             reduce using rule 40 (assign_stmt -> SET expression ASSIGN expression .)
    U32             reduce using rule 40 (assign_stmt -> SET expression ASSIGN expression .)
    U64             reduce using rule 40 (assign_stmt -> SET expression ASSIGN expression .)
    F32             reduce using rule 40 (assign_stmt -> SET expression ASSIGN expression .)
    F64             reduce using rule 40 (assign_stmt -> SET expression ASSIGN expression .)
    USIZE           reduce using rule 40 (assign_stmt -> SET expression ASSIGN expression .)
    ISIZE           reduce using rule 40 (assign_stmt -> SET expression ASSIGN expression .)
    STR_TYPE        reduce using rule 40 (assign_stmt -> SET expression ASSIGN expression .)
    BOOL_TYPE       reduce using rule 40 (assign_stmt -> SET expression ASSIGN expression .)
    INT_TYPE        reduce using rule 40 (assign_stmt -> SET expression ASSIGN expression .)
    CHAR_TYPE       reduce using rule 40 (assign_stmt -> SET expression ASSIGN expression .)
    VOID            reduce using rule 40 (assign_stmt -> SET expression ASSIGN expression .)
    $end            reduce using rule 40 (assign_stmt -> SET expression ASSIGN expression .)
    IN              reduce using rule 40 (assign_stmt -> SET expression ASSIGN expression .)
    RBRACE          reduce using rule 40 (assign_stmt -> SET expression ASSIGN expression .)
    ADD             shift and go to state 63
    SUB             shift and go to state 64
    MUL             shift and go to state 65
    DIV             shift and go to state 66
    MOD             shift and go to state 67
    POW             shift and go to state 68
    AND             shift and go to state 69
    OR              shift and go to state 70
    XOR             shift and go to state 71
    NE              shift and go to state 72
    EQ              shift and go to state 73
    GT              shift and go to state 74
    LT              shift and go to state 75
    GE              shift and go to state 76
    LE              shift and go to state 77
    DOT             shift and go to state 78

  ! SUB             [ reduce using rule 40 (assign_stmt -> SET expression ASSIGN expression .) ]


state 157

    (41) assign_stmt -> VAR type IDENT ASSIGN . expression
    (18) expression -> . literal
    (19) expression -> . IDENT
    (20) expression -> . LPAREN expression RPAREN
    (21) expression -> . LBRACE expression RBRACE
    (51) expression -> . expression ADD expression
    (52) expression -> . expression SUB expression
    (53) expression -> . expression MUL expression
    (54) expression -> . expression DIV expression
    (55) expression -> . expression MOD expression
    (56) expression -> . expression POW expression
    (57) expression -> . expression AND expression
    (58) expression -> . expression OR expression
    (59) expression -> . expression XOR expression
    (60) expression -> . expression NE expression
    (61) expression -> . expression EQ expression
    (62) expression -> . expression GT expression
    (63) expression -> . expression LT expression
    (64) expression -> . expression GE expression
    (65) expression -> . expression LE expression
    (66) expression -> . NOT expression
    (67) expression -> . SUB expression
    (92) expression -> . LBRACKET element_list RBRACKET optional_semicolon
    (93) expression -> . IDENT LBRACKET expression RBRACKET
    (107) expression -> . expression DOT IDENT
    (44) literal -> . STR
    (45) literal -> . INT
    (46) literal -> . FLOAT
    (47) literal -> . TRUE
    (48) literal -> . FALSE
    (49) literal -> . CHAR
    (50) literal -> . IDENT

    IDENT           shift and go to state 85
    LPAREN          shift and go to state 20
    LBRACE          shift and go to state 21
    NOT             shift and go to state 23
    SUB             shift and go to state 22
    LBRACKET        shift and go to state 24
    STR             shift and go to state 39
    INT             shift and go to state 28
    FLOAT           shift and go to state 40
    TRUE            shift and go to state 41
    FALSE           shift and go to state 42
    CHAR            shift and go to state 43

    expression                     shift and go to state 174
    literal                        shift and go to state 18

state 158

    (43) assign_stmt -> VAR LBRACKET type COMMA . INT RBRACKET IDENT ASSIGN expression

    INT             shift and go to state 175


state 159

    (101) lambda_stmt -> type LPAREN argument_list RPAREN . ARROW statement

    ARROW           shift and go to state 176


state 160

    (68) if_stmt -> IF expression LBRACE statements . RBRACE
    (69) if_stmt -> IF expression LBRACE statements . RBRACE ELSE LBRACE statements RBRACE
    (17) statements -> statements . statement
    (2) statement -> . expression optional_semicolon
    (3) statement -> . assign_stmt optional_semicolon
    (4) statement -> . if_stmt
    (5) statement -> . while_stmt
    (6) statement -> . for_stmt
    (7) statement -> . procedure_stmt
    (8) statement -> . break_stmt
    (9) statement -> . continue_stmt
    (10) statement -> . return_stmt
    (11) statement -> . scan_stmt
    (12) statement -> . onscreen_stmt
    (13) statement -> . call_stmt
    (14) statement -> . pass_stmt
    (15) statement -> . lambda_stmt
    (18) expression -> . literal
    (19) expression -> . IDENT
    (20) expression -> . LPAREN expression RPAREN
    (21) expression -> . LBRACE expression RBRACE
    (51) expression -> . expression ADD expression
    (52) expression -> . expression SUB expression
    (53) expression -> . expression MUL expression
    (54) expression -> . expression DIV expression
    (55) expression -> . expression MOD expression
    (56) expression -> . expression POW expression
    (57) expression -> . expression AND expression
    (58) expression -> . expression OR expression
    (59) expression -> . expression XOR expression
    (60) expression -> . expression NE expression
    (61) expression -> . expression EQ expression
    (62) expression -> . expression GT expression
    (63) expression -> . expression LT expression
    (64) expression -> . expression GE expression
    (65) expression -> . expression LE expression
    (66) expression -> . NOT expression
    (67) expression -> . SUB expression
    (92) expression -> . LBRACKET element_list RBRACKET optional_semicolon
    (93) expression -> . IDENT LBRACKET expression RBRACKET
    (107) expression -> . expression DOT IDENT
    (39) assign_stmt -> . SET IDENT ASSIGN expression
    (40) assign_stmt -> . SET expression ASSIGN expression
    (41) assign_stmt -> . VAR type IDENT ASSIGN expression
    (42) assign_stmt -> . VAR type IDENT
    (43) assign_stmt -> . VAR LBRACKET type COMMA INT RBRACKET IDENT ASSIGN expression
    (68) if_stmt -> . IF expression LBRACE statements RBRACE
    (69) if_stmt -> . IF expression LBRACE statements RBRACE ELSE LBRACE statements RBRACE
    (70) while_stmt -> . WHILE expression LBRACE statements RBRACE
    (71) for_stmt -> . FOR assign_stmt SEMICOLON expression SEMICOLON assign_stmt LBRACE statements RBRACE
    (72) for_stmt -> . FOR assign_stmt IN expression LBRACE statements RBRACE
    (73) for_stmt -> . FOR expression LBRACE statements RBRACE
    (80) procedure_stmt -> . PROCEDURE IDENT LPAREN params_list RPAREN COLON type block
    (81) procedure_stmt -> . PROCEDURE IDENT LPAREN params_list RPAREN block
    (82) break_stmt -> . BREAK optional_semicolon
    (83) continue_stmt -> . CONTINUE optional_semicolon
    (84) return_stmt -> . RETURN expression optional_semicolon
    (85) return_stmt -> . RETURN optional_semicolon
    (87) scan_stmt -> . SCAN LPAREN expression RPAREN optional_semicolon
    (86) onscreen_stmt -> . ONSCREEN LPAREN expression RPAREN optional_semicolon
    (99) call_stmt -> . IDENT LPAREN argument_list RPAREN optional_semicolon
    (100) pass_stmt -> . PASS optional_semicolon
    (101) lambda_stmt -> . type LPAREN argument_list RPAREN ARROW statement
    (44) literal -> . STR
    (45) literal -> . INT
    (46) literal -> . FLOAT
    (47) literal -> . TRUE
    (48) literal -> . FALSE
    (49) literal -> . CHAR
    (50) literal -> . IDENT
    (22) type -> . I8
    (23) type -> . I16
    (24) type -> . I32
    (25) type -> . I64
    (26) type -> . U8
    (27) type -> . U16
    (28) type -> . U32
    (29) type -> . U64
    (30) type -> . F32
    (31) type -> . F64
    (32) type -> . USIZE
    (33) type -> . ISIZE
    (34) type -> . STR_TYPE
    (35) type -> . BOOL_TYPE
    (36) type -> . INT_TYPE
    (37) type -> . CHAR_TYPE
    (38) type -> . VOID

    RBRACE          shift and go to state 177
    IDENT           shift and go to state 19
    LPAREN          shift and go to state 20
    LBRACE          shift and go to state 21
    NOT             shift and go to state 23
    SUB             shift and go to state 22
    LBRACKET        shift and go to state 24
    SET             shift and go to state 25
    VAR             shift and go to state 26
    IF              shift and go to state 29
    WHILE           shift and go to state 30
    FOR             shift and go to state 31
    PROCEDURE       shift and go to state 32
    BREAK           shift and go to state 33
    CONTINUE        shift and go to state 34
    RETURN          shift and go to state 35
    SCAN            shift and go to state 36
    ONSCREEN        shift and go to state 37
    PASS            shift and go to state 38
    STR             shift and go to state 39
    INT             shift and go to state 28
    FLOAT           shift and go to state 40
    TRUE            shift and go to state 41
    FALSE           shift and go to state 42
    CHAR            shift and go to state 43
    I8              shift and go to state 44
    I16             shift and go to state 45
    I32             shift and go to state 46
    I64             shift and go to state 47
    U8              shift and go to state 48
    U16             shift and go to state 49
    U32             shift and go to state 50
    U64             shift and go to state 51
    F32             shift and go to state 52
    F64             shift and go to state 53
    USIZE           shift and go to state 54
    ISIZE           shift and go to state 55
    STR_TYPE        shift and go to state 56
    BOOL_TYPE       shift and go to state 57
    INT_TYPE        shift and go to state 58
    CHAR_TYPE       shift and go to state 59
    VOID            shift and go to state 60

    expression                     shift and go to state 4
    statement                      shift and go to state 61
    assign_stmt                    shift and go to state 5
    if_stmt                        shift and go to state 6
    while_stmt                     shift and go to state 7
    for_stmt                       shift and go to state 8
    procedure_stmt                 shift and go to state 9
    break_stmt                     shift and go to state 10
    continue_stmt                  shift and go to state 11
    return_stmt                    shift and go to state 12
    scan_stmt                      shift and go to state 13
    onscreen_stmt                  shift and go to state 14
    call_stmt                      shift and go to state 15
    pass_stmt                      shift and go to state 16
    lambda_stmt                    shift and go to state 17
    literal                        shift and go to state 18
    type                           shift and go to state 27

state 161

    (70) while_stmt -> WHILE expression LBRACE statements . RBRACE
    (17) statements -> statements . statement
    (2) statement -> . expression optional_semicolon
    (3) statement -> . assign_stmt optional_semicolon
    (4) statement -> . if_stmt
    (5) statement -> . while_stmt
    (6) statement -> . for_stmt
    (7) statement -> . procedure_stmt
    (8) statement -> . break_stmt
    (9) statement -> . continue_stmt
    (10) statement -> . return_stmt
    (11) statement -> . scan_stmt
    (12) statement -> . onscreen_stmt
    (13) statement -> . call_stmt
    (14) statement -> . pass_stmt
    (15) statement -> . lambda_stmt
    (18) expression -> . literal
    (19) expression -> . IDENT
    (20) expression -> . LPAREN expression RPAREN
    (21) expression -> . LBRACE expression RBRACE
    (51) expression -> . expression ADD expression
    (52) expression -> . expression SUB expression
    (53) expression -> . expression MUL expression
    (54) expression -> . expression DIV expression
    (55) expression -> . expression MOD expression
    (56) expression -> . expression POW expression
    (57) expression -> . expression AND expression
    (58) expression -> . expression OR expression
    (59) expression -> . expression XOR expression
    (60) expression -> . expression NE expression
    (61) expression -> . expression EQ expression
    (62) expression -> . expression GT expression
    (63) expression -> . expression LT expression
    (64) expression -> . expression GE expression
    (65) expression -> . expression LE expression
    (66) expression -> . NOT expression
    (67) expression -> . SUB expression
    (92) expression -> . LBRACKET element_list RBRACKET optional_semicolon
    (93) expression -> . IDENT LBRACKET expression RBRACKET
    (107) expression -> . expression DOT IDENT
    (39) assign_stmt -> . SET IDENT ASSIGN expression
    (40) assign_stmt -> . SET expression ASSIGN expression
    (41) assign_stmt -> . VAR type IDENT ASSIGN expression
    (42) assign_stmt -> . VAR type IDENT
    (43) assign_stmt -> . VAR LBRACKET type COMMA INT RBRACKET IDENT ASSIGN expression
    (68) if_stmt -> . IF expression LBRACE statements RBRACE
    (69) if_stmt -> . IF expression LBRACE statements RBRACE ELSE LBRACE statements RBRACE
    (70) while_stmt -> . WHILE expression LBRACE statements RBRACE
    (71) for_stmt -> . FOR assign_stmt SEMICOLON expression SEMICOLON assign_stmt LBRACE statements RBRACE
    (72) for_stmt -> . FOR assign_stmt IN expression LBRACE statements RBRACE
    (73) for_stmt -> . FOR expression LBRACE statements RBRACE
    (80) procedure_stmt -> . PROCEDURE IDENT LPAREN params_list RPAREN COLON type block
    (81) procedure_stmt -> . PROCEDURE IDENT LPAREN params_list RPAREN block
    (82) break_stmt -> . BREAK optional_semicolon
    (83) continue_stmt -> . CONTINUE optional_semicolon
    (84) return_stmt -> . RETURN expression optional_semicolon
    (85) return_stmt -> . RETURN optional_semicolon
    (87) scan_stmt -> . SCAN LPAREN expression RPAREN optional_semicolon
    (86) onscreen_stmt -> . ONSCREEN LPAREN expression RPAREN optional_semicolon
    (99) call_stmt -> . IDENT LPAREN argument_list RPAREN optional_semicolon
    (100) pass_stmt -> . PASS optional_semicolon
    (101) lambda_stmt -> . type LPAREN argument_list RPAREN ARROW statement
    (44) literal -> . STR
    (45) literal -> . INT
    (46) literal -> . FLOAT
    (47) literal -> . TRUE
    (48) literal -> . FALSE
    (49) literal -> . CHAR
    (50) literal -> . IDENT
    (22) type -> . I8
    (23) type -> . I16
    (24) type -> . I32
    (25) type -> . I64
    (26) type -> . U8
    (27) type -> . U16
    (28) type -> . U32
    (29) type -> . U64
    (30) type -> . F32
    (31) type -> . F64
    (32) type -> . USIZE
    (33) type -> . ISIZE
    (34) type -> . STR_TYPE
    (35) type -> . BOOL_TYPE
    (36) type -> . INT_TYPE
    (37) type -> . CHAR_TYPE
    (38) type -> . VOID

    RBRACE          shift and go to state 178
    IDENT           shift and go to state 19
    LPAREN          shift and go to state 20
    LBRACE          shift and go to state 21
    NOT             shift and go to state 23
    SUB             shift and go to state 22
    LBRACKET        shift and go to state 24
    SET             shift and go to state 25
    VAR             shift and go to state 26
    IF              shift and go to state 29
    WHILE           shift and go to state 30
    FOR             shift and go to state 31
    PROCEDURE       shift and go to state 32
    BREAK           shift and go to state 33
    CONTINUE        shift and go to state 34
    RETURN          shift and go to state 35
    SCAN            shift and go to state 36
    ONSCREEN        shift and go to state 37
    PASS            shift and go to state 38
    STR             shift and go to state 39
    INT             shift and go to state 28
    FLOAT           shift and go to state 40
    TRUE            shift and go to state 41
    FALSE           shift and go to state 42
    CHAR            shift and go to state 43
    I8              shift and go to state 44
    I16             shift and go to state 45
    I32             shift and go to state 46
    I64             shift and go to state 47
    U8              shift and go to state 48
    U16             shift and go to state 49
    U32             shift and go to state 50
    U64             shift and go to state 51
    F32             shift and go to state 52
    F64             shift and go to state 53
    USIZE           shift and go to state 54
    ISIZE           shift and go to state 55
    STR_TYPE        shift and go to state 56
    BOOL_TYPE       shift and go to state 57
    INT_TYPE        shift and go to state 58
    CHAR_TYPE       shift and go to state 59
    VOID            shift and go to state 60

    expression                     shift and go to state 4
    statement                      shift and go to state 61
    assign_stmt                    shift and go to state 5
    if_stmt                        shift and go to state 6
    while_stmt                     shift and go to state 7
    for_stmt                       shift and go to state 8
    procedure_stmt                 shift and go to state 9
    break_stmt                     shift and go to state 10
    continue_stmt                  shift and go to state 11
    return_stmt                    shift and go to state 12
    scan_stmt                      shift and go to state 13
    onscreen_stmt                  shift and go to state 14
    call_stmt                      shift and go to state 15
    pass_stmt                      shift and go to state 16
    lambda_stmt                    shift and go to state 17
    literal                        shift and go to state 18
    type                           shift and go to state 27

state 162

    (71) for_stmt -> FOR assign_stmt SEMICOLON expression . SEMICOLON assign_stmt LBRACE statements RBRACE
    (51) expression -> expression . ADD expression
    (52) expression -> expression . SUB expression
    (53) expression -> expression . MUL expression
    (54) expression -> expression . DIV expression
    (55) expression -> expression . MOD expression
    (56) expression -> expression . POW expression
    (57) expression -> expression . AND expression
    (58) expression -> expression . OR expression
    (59) expression -> expression . XOR expression
    (60) expression -> expression . NE expression
    (61) expression -> expression . EQ expression
    (62) expression -> expression . GT expression
    (63) expression -> expression . LT expression
    (64) expression -> expression . GE expression
    (65) expression -> expression . LE expression
    (107) expression -> expression . DOT IDENT

    SEMICOLON       shift and go to state 179
    ADD             shift and go to state 63
    SUB             shift and go to state 64
    MUL             shift and go to state 65
    DIV             shift and go to state 66
    MOD             shift and go to state 67
    POW             shift and go to state 68
    AND             shift and go to state 69
    OR              shift and go to state 70
    XOR             shift and go to state 71
    NE              shift and go to state 72
    EQ              shift and go to state 73
    GT              shift and go to state 74
    LT              shift and go to state 75
    GE              shift and go to state 76
    LE              shift and go to state 77
    DOT             shift and go to state 78


state 163

    (72) for_stmt -> FOR assign_stmt IN expression . LBRACE statements RBRACE
    (51) expression -> expression . ADD expression
    (52) expression -> expression . SUB expression
    (53) expression -> expression . MUL expression
    (54) expression -> expression . DIV expression
    (55) expression -> expression . MOD expression
    (56) expression -> expression . POW expression
    (57) expression -> expression . AND expression
    (58) expression -> expression . OR expression
    (59) expression -> expression . XOR expression
    (60) expression -> expression . NE expression
    (61) expression -> expression . EQ expression
    (62) expression -> expression . GT expression
    (63) expression -> expression . LT expression
    (64) expression -> expression . GE expression
    (65) expression -> expression . LE expression
    (107) expression -> expression . DOT IDENT

    LBRACE          shift and go to state 180
    ADD             shift and go to state 63
    SUB             shift and go to state 64
    MUL             shift and go to state 65
    DIV             shift and go to state 66
    MOD             shift and go to state 67
    POW             shift and go to state 68
    AND             shift and go to state 69
    OR              shift and go to state 70
    XOR             shift and go to state 71
    NE              shift and go to state 72
    EQ              shift and go to state 73
    GT              shift and go to state 74
    LT              shift and go to state 75
    GE              shift and go to state 76
    LE              shift and go to state 77
    DOT             shift and go to state 78


state 164

    (73) for_stmt -> FOR expression LBRACE statements . RBRACE
    (17) statements -> statements . statement
    (2) statement -> . expression optional_semicolon
    (3) statement -> . assign_stmt optional_semicolon
    (4) statement -> . if_stmt
    (5) statement -> . while_stmt
    (6) statement -> . for_stmt
    (7) statement -> . procedure_stmt
    (8) statement -> . break_stmt
    (9) statement -> . continue_stmt
    (10) statement -> . return_stmt
    (11) statement -> . scan_stmt
    (12) statement -> . onscreen_stmt
    (13) statement -> . call_stmt
    (14) statement -> . pass_stmt
    (15) statement -> . lambda_stmt
    (18) expression -> . literal
    (19) expression -> . IDENT
    (20) expression -> . LPAREN expression RPAREN
    (21) expression -> . LBRACE expression RBRACE
    (51) expression -> . expression ADD expression
    (52) expression -> . expression SUB expression
    (53) expression -> . expression MUL expression
    (54) expression -> . expression DIV expression
    (55) expression -> . expression MOD expression
    (56) expression -> . expression POW expression
    (57) expression -> . expression AND expression
    (58) expression -> . expression OR expression
    (59) expression -> . expression XOR expression
    (60) expression -> . expression NE expression
    (61) expression -> . expression EQ expression
    (62) expression -> . expression GT expression
    (63) expression -> . expression LT expression
    (64) expression -> . expression GE expression
    (65) expression -> . expression LE expression
    (66) expression -> . NOT expression
    (67) expression -> . SUB expression
    (92) expression -> . LBRACKET element_list RBRACKET optional_semicolon
    (93) expression -> . IDENT LBRACKET expression RBRACKET
    (107) expression -> . expression DOT IDENT
    (39) assign_stmt -> . SET IDENT ASSIGN expression
    (40) assign_stmt -> . SET expression ASSIGN expression
    (41) assign_stmt -> . VAR type IDENT ASSIGN expression
    (42) assign_stmt -> . VAR type IDENT
    (43) assign_stmt -> . VAR LBRACKET type COMMA INT RBRACKET IDENT ASSIGN expression
    (68) if_stmt -> . IF expression LBRACE statements RBRACE
    (69) if_stmt -> . IF expression LBRACE statements RBRACE ELSE LBRACE statements RBRACE
    (70) while_stmt -> . WHILE expression LBRACE statements RBRACE
    (71) for_stmt -> . FOR assign_stmt SEMICOLON expression SEMICOLON assign_stmt LBRACE statements RBRACE
    (72) for_stmt -> . FOR assign_stmt IN expression LBRACE statements RBRACE
    (73) for_stmt -> . FOR expression LBRACE statements RBRACE
    (80) procedure_stmt -> . PROCEDURE IDENT LPAREN params_list RPAREN COLON type block
    (81) procedure_stmt -> . PROCEDURE IDENT LPAREN params_list RPAREN block
    (82) break_stmt -> . BREAK optional_semicolon
    (83) continue_stmt -> . CONTINUE optional_semicolon
    (84) return_stmt -> . RETURN expression optional_semicolon
    (85) return_stmt -> . RETURN optional_semicolon
    (87) scan_stmt -> . SCAN LPAREN expression RPAREN optional_semicolon
    (86) onscreen_stmt -> . ONSCREEN LPAREN expression RPAREN optional_semicolon
    (99) call_stmt -> . IDENT LPAREN argument_list RPAREN optional_semicolon
    (100) pass_stmt -> . PASS optional_semicolon
    (101) lambda_stmt -> . type LPAREN argument_list RPAREN ARROW statement
    (44) literal -> . STR
    (45) literal -> . INT
    (46) literal -> . FLOAT
    (47) literal -> . TRUE
    (48) literal -> . FALSE
    (49) literal -> . CHAR
    (50) literal -> . IDENT
    (22) type -> . I8
    (23) type -> . I16
    (24) type -> . I32
    (25) type -> . I64
    (26) type -> . U8
    (27) type -> . U16
    (28) type -> . U32
    (29) type -> . U64
    (30) type -> . F32
    (31) type -> . F64
    (32) type -> . USIZE
    (33) type -> . ISIZE
    (34) type -> . STR_TYPE
    (35) type -> . BOOL_TYPE
    (36) type -> . INT_TYPE
    (37) type -> . CHAR_TYPE
    (38) type -> . VOID

    RBRACE          shift and go to state 181
    IDENT           shift and go to state 19
    LPAREN          shift and go to state 20
    LBRACE          shift and go to state 21
    NOT             shift and go to state 23
    SUB             shift and go to state 22
    LBRACKET        shift and go to state 24
    SET             shift and go to state 25
    VAR             shift and go to state 26
    IF              shift and go to state 29
    WHILE           shift and go to state 30
    FOR             shift and go to state 31
    PROCEDURE       shift and go to state 32
    BREAK           shift and go to state 33
    CONTINUE        shift and go to state 34
    RETURN          shift and go to state 35
    SCAN            shift and go to state 36
    ONSCREEN        shift and go to state 37
    PASS            shift and go to state 38
    STR             shift and go to state 39
    INT             shift and go to state 28
    FLOAT           shift and go to state 40
    TRUE            shift and go to state 41
    FALSE           shift and go to state 42
    CHAR            shift and go to state 43
    I8              shift and go to state 44
    I16             shift and go to state 45
    I32             shift and go to state 46
    I64             shift and go to state 47
    U8              shift and go to state 48
    U16             shift and go to state 49
    U32             shift and go to state 50
    U64             shift and go to state 51
    F32             shift and go to state 52
    F64             shift and go to state 53
    USIZE           shift and go to state 54
    ISIZE           shift and go to state 55
    STR_TYPE        shift and go to state 56
    BOOL_TYPE       shift and go to state 57
    INT_TYPE        shift and go to state 58
    CHAR_TYPE       shift and go to state 59
    VOID            shift and go to state 60

    expression                     shift and go to state 4
    statement                      shift and go to state 61
    assign_stmt                    shift and go to state 5
    if_stmt                        shift and go to state 6
    while_stmt                     shift and go to state 7
    for_stmt                       shift and go to state 8
    procedure_stmt                 shift and go to state 9
    break_stmt                     shift and go to state 10
    continue_stmt                  shift and go to state 11
    return_stmt                    shift and go to state 12
    scan_stmt                      shift and go to state 13
    onscreen_stmt                  shift and go to state 14
    call_stmt                      shift and go to state 15
    pass_stmt                      shift and go to state 16
    lambda_stmt                    shift and go to state 17
    literal                        shift and go to state 18
    type                           shift and go to state 27

state 165

    (74) param -> IDENT . COLON type

    COLON           shift and go to state 182


state 166

    (80) procedure_stmt -> PROCEDURE IDENT LPAREN params_list . RPAREN COLON type block
    (81) procedure_stmt -> PROCEDURE IDENT LPAREN params_list . RPAREN block
    (76) params_list -> params_list . COMMA param

    RPAREN          shift and go to state 183
    COMMA           shift and go to state 184


state 167

    (75) params_list -> param .

    RPAREN          reduce using rule 75 (params_list -> param .)
    COMMA           reduce using rule 75 (params_list -> param .)


state 168

    (77) params_list -> empty .

    RPAREN          reduce using rule 77 (params_list -> empty .)
    COMMA           reduce using rule 77 (params_list -> empty .)


state 169

    (87) scan_stmt -> SCAN LPAREN expression RPAREN . optional_semicolon
    (108) optional_semicolon -> . SEMICOLON
    (109) optional_semicolon -> . empty
    (110) empty -> .

    SEMICOLON       shift and go to state 79
    IDENT           reduce using rule 110 (empty -> .)
    LPAREN          reduce using rule 110 (empty -> .)
    LBRACE          reduce using rule 110 (empty -> .)
    NOT             reduce using rule 110 (empty -> .)
    SUB             reduce using rule 110 (empty -> .)
    LBRACKET        reduce using rule 110 (empty -> .)
    SET             reduce using rule 110 (empty -> .)
    VAR             reduce using rule 110 (empty -> .)
    IF              reduce using rule 110 (empty -> .)
    WHILE           reduce using rule 110 (empty -> .)
    FOR             reduce using rule 110 (empty -> .)
    PROCEDURE       reduce using rule 110 (empty -> .)
    BREAK           reduce using rule 110 (empty -> .)
    CONTINUE        reduce using rule 110 (empty -> .)
    RETURN          reduce using rule 110 (empty -> .)
    SCAN            reduce using rule 110 (empty -> .)
    ONSCREEN        reduce using rule 110 (empty -> .)
    PASS            reduce using rule 110 (empty -> .)
    STR             reduce using rule 110 (empty -> .)
    INT             reduce using rule 110 (empty -> .)
    FLOAT           reduce using rule 110 (empty -> .)
    TRUE            reduce using rule 110 (empty -> .)
    FALSE           reduce using rule 110 (empty -> .)
    CHAR            reduce using rule 110 (empty -> .)
    I8              reduce using rule 110 (empty -> .)
    I16             reduce using rule 110 (empty -> .)
    I32             reduce using rule 110 (empty -> .)
    I64             reduce using rule 110 (empty -> .)
    U8              reduce using rule 110 (empty -> .)
    U16             reduce using rule 110 (empty -> .)
    U32             reduce using rule 110 (empty -> .)
    U64             reduce using rule 110 (empty -> .)
    F32             reduce using rule 110 (empty -> .)
    F64             reduce using rule 110 (empty -> .)
    USIZE           reduce using rule 110 (empty -> .)
    ISIZE           reduce using rule 110 (empty -> .)
    STR_TYPE        reduce using rule 110 (empty -> .)
    BOOL_TYPE       reduce using rule 110 (empty -> .)
    INT_TYPE        reduce using rule 110 (empty -> .)
    CHAR_TYPE       reduce using rule 110 (empty -> .)
    VOID            reduce using rule 110 (empty -> .)
    $end            reduce using rule 110 (empty -> .)
    RBRACE          reduce using rule 110 (empty -> .)

    optional_semicolon             shift and go to state 185
    empty                          shift and go to state 80

state 170

    (86) onscreen_stmt -> ONSCREEN LPAREN expression RPAREN . optional_semicolon
    (108) optional_semicolon -> . SEMICOLON
    (109) optional_semicolon -> . empty
    (110) empty -> .

    SEMICOLON       shift and go to state 79
    IDENT           reduce using rule 110 (empty -> .)
    LPAREN          reduce using rule 110 (empty -> .)
    LBRACE          reduce using rule 110 (empty -> .)
    NOT             reduce using rule 110 (empty -> .)
    SUB             reduce using rule 110 (empty -> .)
    LBRACKET        reduce using rule 110 (empty -> .)
    SET             reduce using rule 110 (empty -> .)
    VAR             reduce using rule 110 (empty -> .)
    IF              reduce using rule 110 (empty -> .)
    WHILE           reduce using rule 110 (empty -> .)
    FOR             reduce using rule 110 (empty -> .)
    PROCEDURE       reduce using rule 110 (empty -> .)
    BREAK           reduce using rule 110 (empty -> .)
    CONTINUE        reduce using rule 110 (empty -> .)
    RETURN          reduce using rule 110 (empty -> .)
    SCAN            reduce using rule 110 (empty -> .)
    ONSCREEN        reduce using rule 110 (empty -> .)
    PASS            reduce using rule 110 (empty -> .)
    STR             reduce using rule 110 (empty -> .)
    INT             reduce using rule 110 (empty -> .)
    FLOAT           reduce using rule 110 (empty -> .)
    TRUE            reduce using rule 110 (empty -> .)
    FALSE           reduce using rule 110 (empty -> .)
    CHAR            reduce using rule 110 (empty -> .)
    I8              reduce using rule 110 (empty -> .)
    I16             reduce using rule 110 (empty -> .)
    I32             reduce using rule 110 (empty -> .)
    I64             reduce using rule 110 (empty -> .)
    U8              reduce using rule 110 (empty -> .)
    U16             reduce using rule 110 (empty -> .)
    U32             reduce using rule 110 (empty -> .)
    U64             reduce using rule 110 (empty -> .)
    F32             reduce using rule 110 (empty -> .)
    F64             reduce using rule 110 (empty -> .)
    USIZE           reduce using rule 110 (empty -> .)
    ISIZE           reduce using rule 110 (empty -> .)
    STR_TYPE        reduce using rule 110 (empty -> .)
    BOOL_TYPE       reduce using rule 110 (empty -> .)
    INT_TYPE        reduce using rule 110 (empty -> .)
    CHAR_TYPE       reduce using rule 110 (empty -> .)
    VOID            reduce using rule 110 (empty -> .)
    $end            reduce using rule 110 (empty -> .)
    RBRACE          reduce using rule 110 (empty -> .)

    optional_semicolon             shift and go to state 186
    empty                          shift and go to state 80

state 171

    (95) argument -> IDENT ASSIGN expression .
    (51) expression -> expression . ADD expression
    (52) expression -> expression . SUB expression
    (53) expression -> expression . MUL expression
    (54) expression -> expression . DIV expression
    (55) expression -> expression . MOD expression
    (56) expression -> expression . POW expression
    (57) expression -> expression . AND expression
    (58) expression -> expression . OR expression
    (59) expression -> expression . XOR expression
    (60) expression -> expression . NE expression
    (61) expression -> expression . EQ expression
    (62) expression -> expression . GT expression
    (63) expression -> expression . LT expression
    (64) expression -> expression . GE expression
    (65) expression -> expression . LE expression
    (107) expression -> expression . DOT IDENT

    RPAREN          reduce using rule 95 (argument -> IDENT ASSIGN expression .)
    COMMA           reduce using rule 95 (argument -> IDENT ASSIGN expression .)
    ADD             shift and go to state 63
    SUB             shift and go to state 64
    MUL             shift and go to state 65
    DIV             shift and go to state 66
    MOD             shift and go to state 67
    POW             shift and go to state 68
    AND             shift and go to state 69
    OR              shift and go to state 70
    XOR             shift and go to state 71
    NE              shift and go to state 72
    EQ              shift and go to state 73
    GT              shift and go to state 74
    LT              shift and go to state 75
    GE              shift and go to state 76
    LE              shift and go to state 77
    DOT             shift and go to state 78


state 172

    (99) call_stmt -> IDENT LPAREN argument_list RPAREN optional_semicolon .

    IDENT           reduce using rule 99 (call_stmt -> IDENT LPAREN argument_list RPAREN optional_semicolon .)
    LPAREN          reduce using rule 99 (call_stmt -> IDENT LPAREN argument_list RPAREN optional_semicolon .)
    LBRACE          reduce using rule 99 (call_stmt -> IDENT LPAREN argument_list RPAREN optional_semicolon .)
    NOT             reduce using rule 99 (call_stmt -> IDENT LPAREN argument_list RPAREN optional_semicolon .)
    SUB             reduce using rule 99 (call_stmt -> IDENT LPAREN argument_list RPAREN optional_semicolon .)
    LBRACKET        reduce using rule 99 (call_stmt -> IDENT LPAREN argument_list RPAREN optional_semicolon .)
    SET             reduce using rule 99 (call_stmt -> IDENT LPAREN argument_list RPAREN optional_semicolon .)
    VAR             reduce using rule 99 (call_stmt -> IDENT LPAREN argument_list RPAREN optional_semicolon .)
    IF              reduce using rule 99 (call_stmt -> IDENT LPAREN argument_list RPAREN optional_semicolon .)
    WHILE           reduce using rule 99 (call_stmt -> IDENT LPAREN argument_list RPAREN optional_semicolon .)
    FOR             reduce using rule 99 (call_stmt -> IDENT LPAREN argument_list RPAREN optional_semicolon .)
    PROCEDURE       reduce using rule 99 (call_stmt -> IDENT LPAREN argument_list RPAREN optional_semicolon .)
    BREAK           reduce using rule 99 (call_stmt -> IDENT LPAREN argument_list RPAREN optional_semicolon .)
    CONTINUE        reduce using rule 99 (call_stmt -> IDENT LPAREN argument_list RPAREN optional_semicolon .)
    RETURN          reduce using rule 99 (call_stmt -> IDENT LPAREN argument_list RPAREN optional_semicolon .)
    SCAN            reduce using rule 99 (call_stmt -> IDENT LPAREN argument_list RPAREN optional_semicolon .)
    ONSCREEN        reduce using rule 99 (call_stmt -> IDENT LPAREN argument_list RPAREN optional_semicolon .)
    PASS            reduce using rule 99 (call_stmt -> IDENT LPAREN argument_list RPAREN optional_semicolon .)
    STR             reduce using rule 99 (call_stmt -> IDENT LPAREN argument_list RPAREN optional_semicolon .)
    INT             reduce using rule 99 (call_stmt -> IDENT LPAREN argument_list RPAREN optional_semicolon .)
    FLOAT           reduce using rule 99 (call_stmt -> IDENT LPAREN argument_list RPAREN optional_semicolon .)
    TRUE            reduce using rule 99 (call_stmt -> IDENT LPAREN argument_list RPAREN optional_semicolon .)
    FALSE           reduce using rule 99 (call_stmt -> IDENT LPAREN argument_list RPAREN optional_semicolon .)
    CHAR            reduce using rule 99 (call_stmt -> IDENT LPAREN argument_list RPAREN optional_semicolon .)
    I8              reduce using rule 99 (call_stmt -> IDENT LPAREN argument_list RPAREN optional_semicolon .)
    I16             reduce using rule 99 (call_stmt -> IDENT LPAREN argument_list RPAREN optional_semicolon .)
    I32             reduce using rule 99 (call_stmt -> IDENT LPAREN argument_list RPAREN optional_semicolon .)
    I64             reduce using rule 99 (call_stmt -> IDENT LPAREN argument_list RPAREN optional_semicolon .)
    U8              reduce using rule 99 (call_stmt -> IDENT LPAREN argument_list RPAREN optional_semicolon .)
    U16             reduce using rule 99 (call_stmt -> IDENT LPAREN argument_list RPAREN optional_semicolon .)
    U32             reduce using rule 99 (call_stmt -> IDENT LPAREN argument_list RPAREN optional_semicolon .)
    U64             reduce using rule 99 (call_stmt -> IDENT LPAREN argument_list RPAREN optional_semicolon .)
    F32             reduce using rule 99 (call_stmt -> IDENT LPAREN argument_list RPAREN optional_semicolon .)
    F64             reduce using rule 99 (call_stmt -> IDENT LPAREN argument_list RPAREN optional_semicolon .)
    USIZE           reduce using rule 99 (call_stmt -> IDENT LPAREN argument_list RPAREN optional_semicolon .)
    ISIZE           reduce using rule 99 (call_stmt -> IDENT LPAREN argument_list RPAREN optional_semicolon .)
    STR_TYPE        reduce using rule 99 (call_stmt -> IDENT LPAREN argument_list RPAREN optional_semicolon .)
    BOOL_TYPE       reduce using rule 99 (call_stmt -> IDENT LPAREN argument_list RPAREN optional_semicolon .)
    INT_TYPE        reduce using rule 99 (call_stmt -> IDENT LPAREN argument_list RPAREN optional_semicolon .)
    CHAR_TYPE       reduce using rule 99 (call_stmt -> IDENT LPAREN argument_list RPAREN optional_semicolon .)
    VOID            reduce using rule 99 (call_stmt -> IDENT LPAREN argument_list RPAREN optional_semicolon .)
    $end            reduce using rule 99 (call_stmt -> IDENT LPAREN argument_list RPAREN optional_semicolon .)
    RBRACE          reduce using rule 99 (call_stmt -> IDENT LPAREN argument_list RPAREN optional_semicolon .)


state 173

    (97) argument_list -> argument_list COMMA argument .

    RPAREN          reduce using rule 97 (argument_list -> argument_list COMMA argument .)
    COMMA           reduce using rule 97 (argument_list -> argument_list COMMA argument .)


state 174

    (41) assign_stmt -> VAR type IDENT ASSIGN expression .
    (51) expression -> expression . ADD expression
    (52) expression -> expression . SUB expression
    (53) expression -> expression . MUL expression
    (54) expression -> expression . DIV expression
    (55) expression -> expression . MOD expression
    (56) expression -> expression . POW expression
    (57) expression -> expression . AND expression
    (58) expression -> expression . OR expression
    (59) expression -> expression . XOR expression
    (60) expression -> expression . NE expression
    (61) expression -> expression . EQ expression
    (62) expression -> expression . GT expression
    (63) expression -> expression . LT expression
    (64) expression -> expression . GE expression
    (65) expression -> expression . LE expression
    (107) expression -> expression . DOT IDENT

  ! shift/reduce conflict for SUB resolved as shift
    SEMICOLON       reduce using rule 41 (assign_stmt -> VAR type IDENT ASSIGN expression .)
    IDENT           reduce using rule 41 (assign_stmt -> VAR type IDENT ASSIGN expression .)
    LPAREN          reduce using rule 41 (assign_stmt -> VAR type IDENT ASSIGN expression .)
    LBRACE          reduce using rule 41 (assign_stmt -> VAR type IDENT ASSIGN expression .)
    NOT             reduce using rule 41 (assign_stmt -> VAR type IDENT ASSIGN expression .)
    LBRACKET        reduce using rule 41 (assign_stmt -> VAR type IDENT ASSIGN expression .)
    SET             reduce using rule 41 (assign_stmt -> VAR type IDENT ASSIGN expression .)
    VAR             reduce using rule 41 (assign_stmt -> VAR type IDENT ASSIGN expression .)
    IF              reduce using rule 41 (assign_stmt -> VAR type IDENT ASSIGN expression .)
    WHILE           reduce using rule 41 (assign_stmt -> VAR type IDENT ASSIGN expression .)
    FOR             reduce using rule 41 (assign_stmt -> VAR type IDENT ASSIGN expression .)
    PROCEDURE       reduce using rule 41 (assign_stmt -> VAR type IDENT ASSIGN expression .)
    BREAK           reduce using rule 41 (assign_stmt -> VAR type IDENT ASSIGN expression .)
    CONTINUE        reduce using rule 41 (assign_stmt -> VAR type IDENT ASSIGN expression .)
    RETURN          reduce using rule 41 (assign_stmt -> VAR type IDENT ASSIGN expression .)
    SCAN            reduce using rule 41 (assign_stmt -> VAR type IDENT ASSIGN expression .)
    ONSCREEN        reduce using rule 41 (assign_stmt -> VAR type IDENT ASSIGN expression .)
    PASS            reduce using rule 41 (assign_stmt -> VAR type IDENT ASSIGN expression .)
    STR             reduce using rule 41 (assign_stmt -> VAR type IDENT ASSIGN expression .)
    INT             reduce using rule 41 (assign_stmt -> VAR type IDENT ASSIGN expression .)
    FLOAT           reduce using rule 41 (assign_stmt -> VAR type IDENT ASSIGN expression .)
    TRUE            reduce using rule 41 (assign_stmt -> VAR type IDENT ASSIGN expression .)
    FALSE           reduce using rule 41 (assign_stmt -> VAR type IDENT ASSIGN expression .)
    CHAR            reduce using rule 41 (assign_stmt -> VAR type IDENT ASSIGN expression .)
    I8              reduce using rule 41 (assign_stmt -> VAR type IDENT ASSIGN expression .)
    I16             reduce using rule 41 (assign_stmt -> VAR type IDENT ASSIGN expression .)
    I32             reduce using rule 41 (assign_stmt -> VAR type IDENT ASSIGN expression .)
    I64             reduce using rule 41 (assign_stmt -> VAR type IDENT ASSIGN expression .)
    U8              reduce using rule 41 (assign_stmt -> VAR type IDENT ASSIGN expression .)
    U16             reduce using rule 41 (assign_stmt -> VAR type IDENT ASSIGN expression .)
    U32             reduce using rule 41 (assign_stmt -> VAR type IDENT ASSIGN expression .)
    U64             reduce using rule 41 (assign_stmt -> VAR type IDENT ASSIGN expression .)
    F32             reduce using rule 41 (assign_stmt -> VAR type IDENT ASSIGN expression .)
    F64             reduce using rule 41 (assign_stmt -> VAR type IDENT ASSIGN expression .)
    USIZE           reduce using rule 41 (assign_stmt -> VAR type IDENT ASSIGN expression .)
    ISIZE           reduce using rule 41 (assign_stmt -> VAR type IDENT ASSIGN expression .)
    STR_TYPE        reduce using rule 41 (assign_stmt -> VAR type IDENT ASSIGN expression .)
    BOOL_TYPE       reduce using rule 41 (assign_stmt -> VAR type IDENT ASSIGN expression .)
    INT_TYPE        reduce using rule 41 (assign_stmt -> VAR type IDENT ASSIGN expression .)
    CHAR_TYPE       reduce using rule 41 (assign_stmt -> VAR type IDENT ASSIGN expression .)
    VOID            reduce using rule 41 (assign_stmt -> VAR type IDENT ASSIGN expression .)
    $end            reduce using rule 41 (assign_stmt -> VAR type IDENT ASSIGN expression .)
    IN              reduce using rule 41 (assign_stmt -> VAR type IDENT ASSIGN expression .)
    RBRACE          reduce using rule 41 (assign_stmt -> VAR type IDENT ASSIGN expression .)
    ADD             shift and go to state 63
    SUB             shift and go to state 64
    MUL             shift and go to state 65
    DIV             shift and go to state 66
    MOD             shift and go to state 67
    POW             shift and go to state 68
    AND             shift and go to state 69
    OR              shift and go to state 70
    XOR             shift and go to state 71
    NE              shift and go to state 72
    EQ              shift and go to state 73
    GT              shift and go to state 74
    LT              shift and go to state 75
    GE              shift and go to state 76
    LE              shift and go to state 77
    DOT             shift and go to state 78

  ! SUB             [ reduce using rule 41 (assign_stmt -> VAR type IDENT ASSIGN expression .) ]


state 175

    (43) assign_stmt -> VAR LBRACKET type COMMA INT . RBRACKET IDENT ASSIGN expression

    RBRACKET        shift and go to state 187


state 176

    (101) lambda_stmt -> type LPAREN argument_list RPAREN ARROW . statement
    (2) statement -> . expression optional_semicolon
    (3) statement -> . assign_stmt optional_semicolon
    (4) statement -> . if_stmt
    (5) statement -> . while_stmt
    (6) statement -> . for_stmt
    (7) statement -> . procedure_stmt
    (8) statement -> . break_stmt
    (9) statement -> . continue_stmt
    (10) statement -> . return_stmt
    (11) statement -> . scan_stmt
    (12) statement -> . onscreen_stmt
    (13) statement -> . call_stmt
    (14) statement -> . pass_stmt
    (15) statement -> . lambda_stmt
    (18) expression -> . literal
    (19) expression -> . IDENT
    (20) expression -> . LPAREN expression RPAREN
    (21) expression -> . LBRACE expression RBRACE
    (51) expression -> . expression ADD expression
    (52) expression -> . expression SUB expression
    (53) expression -> . expression MUL expression
    (54) expression -> . expression DIV expression
    (55) expression -> . expression MOD expression
    (56) expression -> . expression POW expression
    (57) expression -> . expression AND expression
    (58) expression -> . expression OR expression
    (59) expression -> . expression XOR expression
    (60) expression -> . expression NE expression
    (61) expression -> . expression EQ expression
    (62) expression -> . expression GT expression
    (63) expression -> . expression LT expression
    (64) expression -> . expression GE expression
    (65) expression -> . expression LE expression
    (66) expression -> . NOT expression
    (67) expression -> . SUB expression
    (92) expression -> . LBRACKET element_list RBRACKET optional_semicolon
    (93) expression -> . IDENT LBRACKET expression RBRACKET
    (107) expression -> . expression DOT IDENT
    (39) assign_stmt -> . SET IDENT ASSIGN expression
    (40) assign_stmt -> . SET expression ASSIGN expression
    (41) assign_stmt -> . VAR type IDENT ASSIGN expression
    (42) assign_stmt -> . VAR type IDENT
    (43) assign_stmt -> . VAR LBRACKET type COMMA INT RBRACKET IDENT ASSIGN expression
    (68) if_stmt -> . IF expression LBRACE statements RBRACE
    (69) if_stmt -> . IF expression LBRACE statements RBRACE ELSE LBRACE statements RBRACE
    (70) while_stmt -> . WHILE expression LBRACE statements RBRACE
    (71) for_stmt -> . FOR assign_stmt SEMICOLON expression SEMICOLON assign_stmt LBRACE statements RBRACE
    (72) for_stmt -> . FOR assign_stmt IN expression LBRACE statements RBRACE
    (73) for_stmt -> . FOR expression LBRACE statements RBRACE
    (80) procedure_stmt -> . PROCEDURE IDENT LPAREN params_list RPAREN COLON type block
    (81) procedure_stmt -> . PROCEDURE IDENT LPAREN params_list RPAREN block
    (82) break_stmt -> . BREAK optional_semicolon
    (83) continue_stmt -> . CONTINUE optional_semicolon
    (84) return_stmt -> . RETURN expression optional_semicolon
    (85) return_stmt -> . RETURN optional_semicolon
    (87) scan_stmt -> . SCAN LPAREN expression RPAREN optional_semicolon
    (86) onscreen_stmt -> . ONSCREEN LPAREN expression RPAREN optional_semicolon
    (99) call_stmt -> . IDENT LPAREN argument_list RPAREN optional_semicolon
    (100) pass_stmt -> . PASS optional_semicolon
    (101) lambda_stmt -> . type LPAREN argument_list RPAREN ARROW statement
    (44) literal -> . STR
    (45) literal -> . INT
    (46) literal -> . FLOAT
    (47) literal -> . TRUE
    (48) literal -> . FALSE
    (49) literal -> . CHAR
    (50) literal -> . IDENT
    (22) type -> . I8
    (23) type -> . I16
    (24) type -> . I32
    (25) type -> . I64
    (26) type -> . U8
    (27) type -> . U16
    (28) type -> . U32
    (29) type -> . U64
    (30) type -> . F32
    (31) type -> . F64
    (32) type -> . USIZE
    (33) type -> . ISIZE
    (34) type -> . STR_TYPE
    (35) type -> . BOOL_TYPE
    (36) type -> . INT_TYPE
    (37) type -> . CHAR_TYPE
    (38) type -> . VOID

    IDENT           shift and go to state 19
    LPAREN          shift and go to state 20
    LBRACE          shift and go to state 21
    NOT             shift and go to state 23
    SUB             shift and go to state 22
    LBRACKET        shift and go to state 24
    SET             shift and go to state 25
    VAR             shift and go to state 26
    IF              shift and go to state 29
    WHILE           shift and go to state 30
    FOR             shift and go to state 31
    PROCEDURE       shift and go to state 32
    BREAK           shift and go to state 33
    CONTINUE        shift and go to state 34
    RETURN          shift and go to state 35
    SCAN            shift and go to state 36
    ONSCREEN        shift and go to state 37
    PASS            shift and go to state 38
    STR             shift and go to state 39
    INT             shift and go to state 28
    FLOAT           shift and go to state 40
    TRUE            shift and go to state 41
    FALSE           shift and go to state 42
    CHAR            shift and go to state 43
    I8              shift and go to state 44
    I16             shift and go to state 45
    I32             shift and go to state 46
    I64             shift and go to state 47
    U8              shift and go to state 48
    U16             shift and go to state 49
    U32             shift and go to state 50
    U64             shift and go to state 51
    F32             shift and go to state 52
    F64             shift and go to state 53
    USIZE           shift and go to state 54
    ISIZE           shift and go to state 55
    STR_TYPE        shift and go to state 56
    BOOL_TYPE       shift and go to state 57
    INT_TYPE        shift and go to state 58
    CHAR_TYPE       shift and go to state 59
    VOID            shift and go to state 60

    type                           shift and go to state 27
    statement                      shift and go to state 188
    expression                     shift and go to state 4
    assign_stmt                    shift and go to state 5
    if_stmt                        shift and go to state 6
    while_stmt                     shift and go to state 7
    for_stmt                       shift and go to state 8
    procedure_stmt                 shift and go to state 9
    break_stmt                     shift and go to state 10
    continue_stmt                  shift and go to state 11
    return_stmt                    shift and go to state 12
    scan_stmt                      shift and go to state 13
    onscreen_stmt                  shift and go to state 14
    call_stmt                      shift and go to state 15
    pass_stmt                      shift and go to state 16
    lambda_stmt                    shift and go to state 17
    literal                        shift and go to state 18

state 177

    (68) if_stmt -> IF expression LBRACE statements RBRACE .
    (69) if_stmt -> IF expression LBRACE statements RBRACE . ELSE LBRACE statements RBRACE

    IDENT           reduce using rule 68 (if_stmt -> IF expression LBRACE statements RBRACE .)
    LPAREN          reduce using rule 68 (if_stmt -> IF expression LBRACE statements RBRACE .)
    LBRACE          reduce using rule 68 (if_stmt -> IF expression LBRACE statements RBRACE .)
    NOT             reduce using rule 68 (if_stmt -> IF expression LBRACE statements RBRACE .)
    SUB             reduce using rule 68 (if_stmt -> IF expression LBRACE statements RBRACE .)
    LBRACKET        reduce using rule 68 (if_stmt -> IF expression LBRACE statements RBRACE .)
    SET             reduce using rule 68 (if_stmt -> IF expression LBRACE statements RBRACE .)
    VAR             reduce using rule 68 (if_stmt -> IF expression LBRACE statements RBRACE .)
    IF              reduce using rule 68 (if_stmt -> IF expression LBRACE statements RBRACE .)
    WHILE           reduce using rule 68 (if_stmt -> IF expression LBRACE statements RBRACE .)
    FOR             reduce using rule 68 (if_stmt -> IF expression LBRACE statements RBRACE .)
    PROCEDURE       reduce using rule 68 (if_stmt -> IF expression LBRACE statements RBRACE .)
    BREAK           reduce using rule 68 (if_stmt -> IF expression LBRACE statements RBRACE .)
    CONTINUE        reduce using rule 68 (if_stmt -> IF expression LBRACE statements RBRACE .)
    RETURN          reduce using rule 68 (if_stmt -> IF expression LBRACE statements RBRACE .)
    SCAN            reduce using rule 68 (if_stmt -> IF expression LBRACE statements RBRACE .)
    ONSCREEN        reduce using rule 68 (if_stmt -> IF expression LBRACE statements RBRACE .)
    PASS            reduce using rule 68 (if_stmt -> IF expression LBRACE statements RBRACE .)
    STR             reduce using rule 68 (if_stmt -> IF expression LBRACE statements RBRACE .)
    INT             reduce using rule 68 (if_stmt -> IF expression LBRACE statements RBRACE .)
    FLOAT           reduce using rule 68 (if_stmt -> IF expression LBRACE statements RBRACE .)
    TRUE            reduce using rule 68 (if_stmt -> IF expression LBRACE statements RBRACE .)
    FALSE           reduce using rule 68 (if_stmt -> IF expression LBRACE statements RBRACE .)
    CHAR            reduce using rule 68 (if_stmt -> IF expression LBRACE statements RBRACE .)
    I8              reduce using rule 68 (if_stmt -> IF expression LBRACE statements RBRACE .)
    I16             reduce using rule 68 (if_stmt -> IF expression LBRACE statements RBRACE .)
    I32             reduce using rule 68 (if_stmt -> IF expression LBRACE statements RBRACE .)
    I64             reduce using rule 68 (if_stmt -> IF expression LBRACE statements RBRACE .)
    U8              reduce using rule 68 (if_stmt -> IF expression LBRACE statements RBRACE .)
    U16             reduce using rule 68 (if_stmt -> IF expression LBRACE statements RBRACE .)
    U32             reduce using rule 68 (if_stmt -> IF expression LBRACE statements RBRACE .)
    U64             reduce using rule 68 (if_stmt -> IF expression LBRACE statements RBRACE .)
    F32             reduce using rule 68 (if_stmt -> IF expression LBRACE statements RBRACE .)
    F64             reduce using rule 68 (if_stmt -> IF expression LBRACE statements RBRACE .)
    USIZE           reduce using rule 68 (if_stmt -> IF expression LBRACE statements RBRACE .)
    ISIZE           reduce using rule 68 (if_stmt -> IF expression LBRACE statements RBRACE .)
    STR_TYPE        reduce using rule 68 (if_stmt -> IF expression LBRACE statements RBRACE .)
    BOOL_TYPE       reduce using rule 68 (if_stmt -> IF expression LBRACE statements RBRACE .)
    INT_TYPE        reduce using rule 68 (if_stmt -> IF expression LBRACE statements RBRACE .)
    CHAR_TYPE       reduce using rule 68 (if_stmt -> IF expression LBRACE statements RBRACE .)
    VOID            reduce using rule 68 (if_stmt -> IF expression LBRACE statements RBRACE .)
    $end            reduce using rule 68 (if_stmt -> IF expression LBRACE statements RBRACE .)
    RBRACE          reduce using rule 68 (if_stmt -> IF expression LBRACE statements RBRACE .)
    ELSE            shift and go to state 189


state 178

    (70) while_stmt -> WHILE expression LBRACE statements RBRACE .

    IDENT           reduce using rule 70 (while_stmt -> WHILE expression LBRACE statements RBRACE .)
    LPAREN          reduce using rule 70 (while_stmt -> WHILE expression LBRACE statements RBRACE .)
    LBRACE          reduce using rule 70 (while_stmt -> WHILE expression LBRACE statements RBRACE .)
    NOT             reduce using rule 70 (while_stmt -> WHILE expression LBRACE statements RBRACE .)
    SUB             reduce using rule 70 (while_stmt -> WHILE expression LBRACE statements RBRACE .)
    LBRACKET        reduce using rule 70 (while_stmt -> WHILE expression LBRACE statements RBRACE .)
    SET             reduce using rule 70 (while_stmt -> WHILE expression LBRACE statements RBRACE .)
    VAR             reduce using rule 70 (while_stmt -> WHILE expression LBRACE statements RBRACE .)
    IF              reduce using rule 70 (while_stmt -> WHILE expression LBRACE statements RBRACE .)
    WHILE           reduce using rule 70 (while_stmt -> WHILE expression LBRACE statements RBRACE .)
    FOR             reduce using rule 70 (while_stmt -> WHILE expression LBRACE statements RBRACE .)
    PROCEDURE       reduce using rule 70 (while_stmt -> WHILE expression LBRACE statements RBRACE .)
    BREAK           reduce using rule 70 (while_stmt -> WHILE expression LBRACE statements RBRACE .)
    CONTINUE        reduce using rule 70 (while_stmt -> WHILE expression LBRACE statements RBRACE .)
    RETURN          reduce using rule 70 (while_stmt -> WHILE expression LBRACE statements RBRACE .)
    SCAN            reduce using rule 70 (while_stmt -> WHILE expression LBRACE statements RBRACE .)
    ONSCREEN        reduce using rule 70 (while_stmt -> WHILE expression LBRACE statements RBRACE .)
    PASS            reduce using rule 70 (while_stmt -> WHILE expression LBRACE statements RBRACE .)
    STR             reduce using rule 70 (while_stmt -> WHILE expression LBRACE statements RBRACE .)
    INT             reduce using rule 70 (while_stmt -> WHILE expression LBRACE statements RBRACE .)
    FLOAT           reduce using rule 70 (while_stmt -> WHILE expression LBRACE statements RBRACE .)
    TRUE            reduce using rule 70 (while_stmt -> WHILE expression LBRACE statements RBRACE .)
    FALSE           reduce using rule 70 (while_stmt -> WHILE expression LBRACE statements RBRACE .)
    CHAR            reduce using rule 70 (while_stmt -> WHILE expression LBRACE statements RBRACE .)
    I8              reduce using rule 70 (while_stmt -> WHILE expression LBRACE statements RBRACE .)
    I16             reduce using rule 70 (while_stmt -> WHILE expression LBRACE statements RBRACE .)
    I32             reduce using rule 70 (while_stmt -> WHILE expression LBRACE statements RBRACE .)
    I64             reduce using rule 70 (while_stmt -> WHILE expression LBRACE statements RBRACE .)
    U8              reduce using rule 70 (while_stmt -> WHILE expression LBRACE statements RBRACE .)
    U16             reduce using rule 70 (while_stmt -> WHILE expression LBRACE statements RBRACE .)
    U32             reduce using rule 70 (while_stmt -> WHILE expression LBRACE statements RBRACE .)
    U64             reduce using rule 70 (while_stmt -> WHILE expression LBRACE statements RBRACE .)
    F32             reduce using rule 70 (while_stmt -> WHILE expression LBRACE statements RBRACE .)
    F64             reduce using rule 70 (while_stmt -> WHILE expression LBRACE statements RBRACE .)
    USIZE           reduce using rule 70 (while_stmt -> WHILE expression LBRACE statements RBRACE .)
    ISIZE           reduce using rule 70 (while_stmt -> WHILE expression LBRACE statements RBRACE .)
    STR_TYPE        reduce using rule 70 (while_stmt -> WHILE expression LBRACE statements RBRACE .)
    BOOL_TYPE       reduce using rule 70 (while_stmt -> WHILE expression LBRACE statements RBRACE .)
    INT_TYPE        reduce using rule 70 (while_stmt -> WHILE expression LBRACE statements RBRACE .)
    CHAR_TYPE       reduce using rule 70 (while_stmt -> WHILE expression LBRACE statements RBRACE .)
    VOID            reduce using rule 70 (while_stmt -> WHILE expression LBRACE statements RBRACE .)
    $end            reduce using rule 70 (while_stmt -> WHILE expression LBRACE statements RBRACE .)
    RBRACE          reduce using rule 70 (while_stmt -> WHILE expression LBRACE statements RBRACE .)


state 179

    (71) for_stmt -> FOR assign_stmt SEMICOLON expression SEMICOLON . assign_stmt LBRACE statements RBRACE
    (39) assign_stmt -> . SET IDENT ASSIGN expression
    (40) assign_stmt -> . SET expression ASSIGN expression
    (41) assign_stmt -> . VAR type IDENT ASSIGN expression
    (42) assign_stmt -> . VAR type IDENT
    (43) assign_stmt -> . VAR LBRACKET type COMMA INT RBRACKET IDENT ASSIGN expression

    SET             shift and go to state 25
    VAR             shift and go to state 26

    assign_stmt                    shift and go to state 190

state 180

    (72) for_stmt -> FOR assign_stmt IN expression LBRACE . statements RBRACE
    (16) statements -> . statement
    (17) statements -> . statements statement
    (2) statement -> . expression optional_semicolon
    (3) statement -> . assign_stmt optional_semicolon
    (4) statement -> . if_stmt
    (5) statement -> . while_stmt
    (6) statement -> . for_stmt
    (7) statement -> . procedure_stmt
    (8) statement -> . break_stmt
    (9) statement -> . continue_stmt
    (10) statement -> . return_stmt
    (11) statement -> . scan_stmt
    (12) statement -> . onscreen_stmt
    (13) statement -> . call_stmt
    (14) statement -> . pass_stmt
    (15) statement -> . lambda_stmt
    (18) expression -> . literal
    (19) expression -> . IDENT
    (20) expression -> . LPAREN expression RPAREN
    (21) expression -> . LBRACE expression RBRACE
    (51) expression -> . expression ADD expression
    (52) expression -> . expression SUB expression
    (53) expression -> . expression MUL expression
    (54) expression -> . expression DIV expression
    (55) expression -> . expression MOD expression
    (56) expression -> . expression POW expression
    (57) expression -> . expression AND expression
    (58) expression -> . expression OR expression
    (59) expression -> . expression XOR expression
    (60) expression -> . expression NE expression
    (61) expression -> . expression EQ expression
    (62) expression -> . expression GT expression
    (63) expression -> . expression LT expression
    (64) expression -> . expression GE expression
    (65) expression -> . expression LE expression
    (66) expression -> . NOT expression
    (67) expression -> . SUB expression
    (92) expression -> . LBRACKET element_list RBRACKET optional_semicolon
    (93) expression -> . IDENT LBRACKET expression RBRACKET
    (107) expression -> . expression DOT IDENT
    (39) assign_stmt -> . SET IDENT ASSIGN expression
    (40) assign_stmt -> . SET expression ASSIGN expression
    (41) assign_stmt -> . VAR type IDENT ASSIGN expression
    (42) assign_stmt -> . VAR type IDENT
    (43) assign_stmt -> . VAR LBRACKET type COMMA INT RBRACKET IDENT ASSIGN expression
    (68) if_stmt -> . IF expression LBRACE statements RBRACE
    (69) if_stmt -> . IF expression LBRACE statements RBRACE ELSE LBRACE statements RBRACE
    (70) while_stmt -> . WHILE expression LBRACE statements RBRACE
    (71) for_stmt -> . FOR assign_stmt SEMICOLON expression SEMICOLON assign_stmt LBRACE statements RBRACE
    (72) for_stmt -> . FOR assign_stmt IN expression LBRACE statements RBRACE
    (73) for_stmt -> . FOR expression LBRACE statements RBRACE
    (80) procedure_stmt -> . PROCEDURE IDENT LPAREN params_list RPAREN COLON type block
    (81) procedure_stmt -> . PROCEDURE IDENT LPAREN params_list RPAREN block
    (82) break_stmt -> . BREAK optional_semicolon
    (83) continue_stmt -> . CONTINUE optional_semicolon
    (84) return_stmt -> . RETURN expression optional_semicolon
    (85) return_stmt -> . RETURN optional_semicolon
    (87) scan_stmt -> . SCAN LPAREN expression RPAREN optional_semicolon
    (86) onscreen_stmt -> . ONSCREEN LPAREN expression RPAREN optional_semicolon
    (99) call_stmt -> . IDENT LPAREN argument_list RPAREN optional_semicolon
    (100) pass_stmt -> . PASS optional_semicolon
    (101) lambda_stmt -> . type LPAREN argument_list RPAREN ARROW statement
    (44) literal -> . STR
    (45) literal -> . INT
    (46) literal -> . FLOAT
    (47) literal -> . TRUE
    (48) literal -> . FALSE
    (49) literal -> . CHAR
    (50) literal -> . IDENT
    (22) type -> . I8
    (23) type -> . I16
    (24) type -> . I32
    (25) type -> . I64
    (26) type -> . U8
    (27) type -> . U16
    (28) type -> . U32
    (29) type -> . U64
    (30) type -> . F32
    (31) type -> . F64
    (32) type -> . USIZE
    (33) type -> . ISIZE
    (34) type -> . STR_TYPE
    (35) type -> . BOOL_TYPE
    (36) type -> . INT_TYPE
    (37) type -> . CHAR_TYPE
    (38) type -> . VOID

    IDENT           shift and go to state 19
    LPAREN          shift and go to state 20
    LBRACE          shift and go to state 21
    NOT             shift and go to state 23
    SUB             shift and go to state 22
    LBRACKET        shift and go to state 24
    SET             shift and go to state 25
    VAR             shift and go to state 26
    IF              shift and go to state 29
    WHILE           shift and go to state 30
    FOR             shift and go to state 31
    PROCEDURE       shift and go to state 32
    BREAK           shift and go to state 33
    CONTINUE        shift and go to state 34
    RETURN          shift and go to state 35
    SCAN            shift and go to state 36
    ONSCREEN        shift and go to state 37
    PASS            shift and go to state 38
    STR             shift and go to state 39
    INT             shift and go to state 28
    FLOAT           shift and go to state 40
    TRUE            shift and go to state 41
    FALSE           shift and go to state 42
    CHAR            shift and go to state 43
    I8              shift and go to state 44
    I16             shift and go to state 45
    I32             shift and go to state 46
    I64             shift and go to state 47
    U8              shift and go to state 48
    U16             shift and go to state 49
    U32             shift and go to state 50
    U64             shift and go to state 51
    F32             shift and go to state 52
    F64             shift and go to state 53
    USIZE           shift and go to state 54
    ISIZE           shift and go to state 55
    STR_TYPE        shift and go to state 56
    BOOL_TYPE       shift and go to state 57
    INT_TYPE        shift and go to state 58
    CHAR_TYPE       shift and go to state 59
    VOID            shift and go to state 60

    assign_stmt                    shift and go to state 5
    expression                     shift and go to state 4
    statements                     shift and go to state 191
    statement                      shift and go to state 3
    if_stmt                        shift and go to state 6
    while_stmt                     shift and go to state 7
    for_stmt                       shift and go to state 8
    procedure_stmt                 shift and go to state 9
    break_stmt                     shift and go to state 10
    continue_stmt                  shift and go to state 11
    return_stmt                    shift and go to state 12
    scan_stmt                      shift and go to state 13
    onscreen_stmt                  shift and go to state 14
    call_stmt                      shift and go to state 15
    pass_stmt                      shift and go to state 16
    lambda_stmt                    shift and go to state 17
    literal                        shift and go to state 18
    type                           shift and go to state 27

state 181

    (73) for_stmt -> FOR expression LBRACE statements RBRACE .

    IDENT           reduce using rule 73 (for_stmt -> FOR expression LBRACE statements RBRACE .)
    LPAREN          reduce using rule 73 (for_stmt -> FOR expression LBRACE statements RBRACE .)
    LBRACE          reduce using rule 73 (for_stmt -> FOR expression LBRACE statements RBRACE .)
    NOT             reduce using rule 73 (for_stmt -> FOR expression LBRACE statements RBRACE .)
    SUB             reduce using rule 73 (for_stmt -> FOR expression LBRACE statements RBRACE .)
    LBRACKET        reduce using rule 73 (for_stmt -> FOR expression LBRACE statements RBRACE .)
    SET             reduce using rule 73 (for_stmt -> FOR expression LBRACE statements RBRACE .)
    VAR             reduce using rule 73 (for_stmt -> FOR expression LBRACE statements RBRACE .)
    IF              reduce using rule 73 (for_stmt -> FOR expression LBRACE statements RBRACE .)
    WHILE           reduce using rule 73 (for_stmt -> FOR expression LBRACE statements RBRACE .)
    FOR             reduce using rule 73 (for_stmt -> FOR expression LBRACE statements RBRACE .)
    PROCEDURE       reduce using rule 73 (for_stmt -> FOR expression LBRACE statements RBRACE .)
    BREAK           reduce using rule 73 (for_stmt -> FOR expression LBRACE statements RBRACE .)
    CONTINUE        reduce using rule 73 (for_stmt -> FOR expression LBRACE statements RBRACE .)
    RETURN          reduce using rule 73 (for_stmt -> FOR expression LBRACE statements RBRACE .)
    SCAN            reduce using rule 73 (for_stmt -> FOR expression LBRACE statements RBRACE .)
    ONSCREEN        reduce using rule 73 (for_stmt -> FOR expression LBRACE statements RBRACE .)
    PASS            reduce using rule 73 (for_stmt -> FOR expression LBRACE statements RBRACE .)
    STR             reduce using rule 73 (for_stmt -> FOR expression LBRACE statements RBRACE .)
    INT             reduce using rule 73 (for_stmt -> FOR expression LBRACE statements RBRACE .)
    FLOAT           reduce using rule 73 (for_stmt -> FOR expression LBRACE statements RBRACE .)
    TRUE            reduce using rule 73 (for_stmt -> FOR expression LBRACE statements RBRACE .)
    FALSE           reduce using rule 73 (for_stmt -> FOR expression LBRACE statements RBRACE .)
    CHAR            reduce using rule 73 (for_stmt -> FOR expression LBRACE statements RBRACE .)
    I8              reduce using rule 73 (for_stmt -> FOR expression LBRACE statements RBRACE .)
    I16             reduce using rule 73 (for_stmt -> FOR expression LBRACE statements RBRACE .)
    I32             reduce using rule 73 (for_stmt -> FOR expression LBRACE statements RBRACE .)
    I64             reduce using rule 73 (for_stmt -> FOR expression LBRACE statements RBRACE .)
    U8              reduce using rule 73 (for_stmt -> FOR expression LBRACE statements RBRACE .)
    U16             reduce using rule 73 (for_stmt -> FOR expression LBRACE statements RBRACE .)
    U32             reduce using rule 73 (for_stmt -> FOR expression LBRACE statements RBRACE .)
    U64             reduce using rule 73 (for_stmt -> FOR expression LBRACE statements RBRACE .)
    F32             reduce using rule 73 (for_stmt -> FOR expression LBRACE statements RBRACE .)
    F64             reduce using rule 73 (for_stmt -> FOR expression LBRACE statements RBRACE .)
    USIZE           reduce using rule 73 (for_stmt -> FOR expression LBRACE statements RBRACE .)
    ISIZE           reduce using rule 73 (for_stmt -> FOR expression LBRACE statements RBRACE .)
    STR_TYPE        reduce using rule 73 (for_stmt -> FOR expression LBRACE statements RBRACE .)
    BOOL_TYPE       reduce using rule 73 (for_stmt -> FOR expression LBRACE statements RBRACE .)
    INT_TYPE        reduce using rule 73 (for_stmt -> FOR expression LBRACE statements RBRACE .)
    CHAR_TYPE       reduce using rule 73 (for_stmt -> FOR expression LBRACE statements RBRACE .)
    VOID            reduce using rule 73 (for_stmt -> FOR expression LBRACE statements RBRACE .)
    $end            reduce using rule 73 (for_stmt -> FOR expression LBRACE statements RBRACE .)
    RBRACE          reduce using rule 73 (for_stmt -> FOR expression LBRACE statements RBRACE .)


state 182

    (74) param -> IDENT COLON . type
    (22) type -> . I8
    (23) type -> . I16
    (24) type -> . I32
    (25) type -> . I64
    (26) type -> . U8
    (27) type -> . U16
    (28) type -> . U32
    (29) type -> . U64
    (30) type -> . F32
    (31) type -> . F64
    (32) type -> . USIZE
    (33) type -> . ISIZE
    (34) type -> . STR_TYPE
    (35) type -> . BOOL_TYPE
    (36) type -> . INT_TYPE
    (37) type -> . CHAR_TYPE
    (38) type -> . VOID

    I8              shift and go to state 44
    I16             shift and go to state 45
    I32             shift and go to state 46
    I64             shift and go to state 47
    U8              shift and go to state 48
    U16             shift and go to state 49
    U32             shift and go to state 50
    U64             shift and go to state 51
    F32             shift and go to state 52
    F64             shift and go to state 53
    USIZE           shift and go to state 54
    ISIZE           shift and go to state 55
    STR_TYPE        shift and go to state 56
    BOOL_TYPE       shift and go to state 57
    INT_TYPE        shift and go to state 58
    CHAR_TYPE       shift and go to state 59
    VOID            shift and go to state 60

    type                           shift and go to state 192

state 183

    (80) procedure_stmt -> PROCEDURE IDENT LPAREN params_list RPAREN . COLON type block
    (81) procedure_stmt -> PROCEDURE IDENT LPAREN params_list RPAREN . block
    (78) block -> . LBRACE statements RBRACE
    (79) block -> . empty
    (110) empty -> .

  ! shift/reduce conflict for LBRACE resolved as shift
    COLON           shift and go to state 193
    LBRACE          shift and go to state 195
    IDENT           reduce using rule 110 (empty -> .)
    LPAREN          reduce using rule 110 (empty -> .)
    NOT             reduce using rule 110 (empty -> .)
    SUB             reduce using rule 110 (empty -> .)
    LBRACKET        reduce using rule 110 (empty -> .)
    SET             reduce using rule 110 (empty -> .)
    VAR             reduce using rule 110 (empty -> .)
    IF              reduce using rule 110 (empty -> .)
    WHILE           reduce using rule 110 (empty -> .)
    FOR             reduce using rule 110 (empty -> .)
    PROCEDURE       reduce using rule 110 (empty -> .)
    BREAK           reduce using rule 110 (empty -> .)
    CONTINUE        reduce using rule 110 (empty -> .)
    RETURN          reduce using rule 110 (empty -> .)
    SCAN            reduce using rule 110 (empty -> .)
    ONSCREEN        reduce using rule 110 (empty -> .)
    PASS            reduce using rule 110 (empty -> .)
    STR             reduce using rule 110 (empty -> .)
    INT             reduce using rule 110 (empty -> .)
    FLOAT           reduce using rule 110 (empty -> .)
    TRUE            reduce using rule 110 (empty -> .)
    FALSE           reduce using rule 110 (empty -> .)
    CHAR            reduce using rule 110 (empty -> .)
    I8              reduce using rule 110 (empty -> .)
    I16             reduce using rule 110 (empty -> .)
    I32             reduce using rule 110 (empty -> .)
    I64             reduce using rule 110 (empty -> .)
    U8              reduce using rule 110 (empty -> .)
    U16             reduce using rule 110 (empty -> .)
    U32             reduce using rule 110 (empty -> .)
    U64             reduce using rule 110 (empty -> .)
    F32             reduce using rule 110 (empty -> .)
    F64             reduce using rule 110 (empty -> .)
    USIZE           reduce using rule 110 (empty -> .)
    ISIZE           reduce using rule 110 (empty -> .)
    STR_TYPE        reduce using rule 110 (empty -> .)
    BOOL_TYPE       reduce using rule 110 (empty -> .)
    INT_TYPE        reduce using rule 110 (empty -> .)
    CHAR_TYPE       reduce using rule 110 (empty -> .)
    VOID            reduce using rule 110 (empty -> .)
    $end            reduce using rule 110 (empty -> .)
    RBRACE          reduce using rule 110 (empty -> .)

  ! LBRACE          [ reduce using rule 110 (empty -> .) ]

    block                          shift and go to state 194
    empty                          shift and go to state 196

state 184

    (76) params_list -> params_list COMMA . param
    (74) param -> . IDENT COLON type

    IDENT           shift and go to state 165

    param                          shift and go to state 197

state 185

    (87) scan_stmt -> SCAN LPAREN expression RPAREN optional_semicolon .

    IDENT           reduce using rule 87 (scan_stmt -> SCAN LPAREN expression RPAREN optional_semicolon .)
    LPAREN          reduce using rule 87 (scan_stmt -> SCAN LPAREN expression RPAREN optional_semicolon .)
    LBRACE          reduce using rule 87 (scan_stmt -> SCAN LPAREN expression RPAREN optional_semicolon .)
    NOT             reduce using rule 87 (scan_stmt -> SCAN LPAREN expression RPAREN optional_semicolon .)
    SUB             reduce using rule 87 (scan_stmt -> SCAN LPAREN expression RPAREN optional_semicolon .)
    LBRACKET        reduce using rule 87 (scan_stmt -> SCAN LPAREN expression RPAREN optional_semicolon .)
    SET             reduce using rule 87 (scan_stmt -> SCAN LPAREN expression RPAREN optional_semicolon .)
    VAR             reduce using rule 87 (scan_stmt -> SCAN LPAREN expression RPAREN optional_semicolon .)
    IF              reduce using rule 87 (scan_stmt -> SCAN LPAREN expression RPAREN optional_semicolon .)
    WHILE           reduce using rule 87 (scan_stmt -> SCAN LPAREN expression RPAREN optional_semicolon .)
    FOR             reduce using rule 87 (scan_stmt -> SCAN LPAREN expression RPAREN optional_semicolon .)
    PROCEDURE       reduce using rule 87 (scan_stmt -> SCAN LPAREN expression RPAREN optional_semicolon .)
    BREAK           reduce using rule 87 (scan_stmt -> SCAN LPAREN expression RPAREN optional_semicolon .)
    CONTINUE        reduce using rule 87 (scan_stmt -> SCAN LPAREN expression RPAREN optional_semicolon .)
    RETURN          reduce using rule 87 (scan_stmt -> SCAN LPAREN expression RPAREN optional_semicolon .)
    SCAN            reduce using rule 87 (scan_stmt -> SCAN LPAREN expression RPAREN optional_semicolon .)
    ONSCREEN        reduce using rule 87 (scan_stmt -> SCAN LPAREN expression RPAREN optional_semicolon .)
    PASS            reduce using rule 87 (scan_stmt -> SCAN LPAREN expression RPAREN optional_semicolon .)
    STR             reduce using rule 87 (scan_stmt -> SCAN LPAREN expression RPAREN optional_semicolon .)
    INT             reduce using rule 87 (scan_stmt -> SCAN LPAREN expression RPAREN optional_semicolon .)
    FLOAT           reduce using rule 87 (scan_stmt -> SCAN LPAREN expression RPAREN optional_semicolon .)
    TRUE            reduce using rule 87 (scan_stmt -> SCAN LPAREN expression RPAREN optional_semicolon .)
    FALSE           reduce using rule 87 (scan_stmt -> SCAN LPAREN expression RPAREN optional_semicolon .)
    CHAR            reduce using rule 87 (scan_stmt -> SCAN LPAREN expression RPAREN optional_semicolon .)
    I8              reduce using rule 87 (scan_stmt -> SCAN LPAREN expression RPAREN optional_semicolon .)
    I16             reduce using rule 87 (scan_stmt -> SCAN LPAREN expression RPAREN optional_semicolon .)
    I32             reduce using rule 87 (scan_stmt -> SCAN LPAREN expression RPAREN optional_semicolon .)
    I64             reduce using rule 87 (scan_stmt -> SCAN LPAREN expression RPAREN optional_semicolon .)
    U8              reduce using rule 87 (scan_stmt -> SCAN LPAREN expression RPAREN optional_semicolon .)
    U16             reduce using rule 87 (scan_stmt -> SCAN LPAREN expression RPAREN optional_semicolon .)
    U32             reduce using rule 87 (scan_stmt -> SCAN LPAREN expression RPAREN optional_semicolon .)
    U64             reduce using rule 87 (scan_stmt -> SCAN LPAREN expression RPAREN optional_semicolon .)
    F32             reduce using rule 87 (scan_stmt -> SCAN LPAREN expression RPAREN optional_semicolon .)
    F64             reduce using rule 87 (scan_stmt -> SCAN LPAREN expression RPAREN optional_semicolon .)
    USIZE           reduce using rule 87 (scan_stmt -> SCAN LPAREN expression RPAREN optional_semicolon .)
    ISIZE           reduce using rule 87 (scan_stmt -> SCAN LPAREN expression RPAREN optional_semicolon .)
    STR_TYPE        reduce using rule 87 (scan_stmt -> SCAN LPAREN expression RPAREN optional_semicolon .)
    BOOL_TYPE       reduce using rule 87 (scan_stmt -> SCAN LPAREN expression RPAREN optional_semicolon .)
    INT_TYPE        reduce using rule 87 (scan_stmt -> SCAN LPAREN expression RPAREN optional_semicolon .)
    CHAR_TYPE       reduce using rule 87 (scan_stmt -> SCAN LPAREN expression RPAREN optional_semicolon .)
    VOID            reduce using rule 87 (scan_stmt -> SCAN LPAREN expression RPAREN optional_semicolon .)
    $end            reduce using rule 87 (scan_stmt -> SCAN LPAREN expression RPAREN optional_semicolon .)
    RBRACE          reduce using rule 87 (scan_stmt -> SCAN LPAREN expression RPAREN optional_semicolon .)


state 186

    (86) onscreen_stmt -> ONSCREEN LPAREN expression RPAREN optional_semicolon .

    IDENT           reduce using rule 86 (onscreen_stmt -> ONSCREEN LPAREN expression RPAREN optional_semicolon .)
    LPAREN          reduce using rule 86 (onscreen_stmt -> ONSCREEN LPAREN expression RPAREN optional_semicolon .)
    LBRACE          reduce using rule 86 (onscreen_stmt -> ONSCREEN LPAREN expression RPAREN optional_semicolon .)
    NOT             reduce using rule 86 (onscreen_stmt -> ONSCREEN LPAREN expression RPAREN optional_semicolon .)
    SUB             reduce using rule 86 (onscreen_stmt -> ONSCREEN LPAREN expression RPAREN optional_semicolon .)
    LBRACKET        reduce using rule 86 (onscreen_stmt -> ONSCREEN LPAREN expression RPAREN optional_semicolon .)
    SET             reduce using rule 86 (onscreen_stmt -> ONSCREEN LPAREN expression RPAREN optional_semicolon .)
    VAR             reduce using rule 86 (onscreen_stmt -> ONSCREEN LPAREN expression RPAREN optional_semicolon .)
    IF              reduce using rule 86 (onscreen_stmt -> ONSCREEN LPAREN expression RPAREN optional_semicolon .)
    WHILE           reduce using rule 86 (onscreen_stmt -> ONSCREEN LPAREN expression RPAREN optional_semicolon .)
    FOR             reduce using rule 86 (onscreen_stmt -> ONSCREEN LPAREN expression RPAREN optional_semicolon .)
    PROCEDURE       reduce using rule 86 (onscreen_stmt -> ONSCREEN LPAREN expression RPAREN optional_semicolon .)
    BREAK           reduce using rule 86 (onscreen_stmt -> ONSCREEN LPAREN expression RPAREN optional_semicolon .)
    CONTINUE        reduce using rule 86 (onscreen_stmt -> ONSCREEN LPAREN expression RPAREN optional_semicolon .)
    RETURN          reduce using rule 86 (onscreen_stmt -> ONSCREEN LPAREN expression RPAREN optional_semicolon .)
    SCAN            reduce using rule 86 (onscreen_stmt -> ONSCREEN LPAREN expression RPAREN optional_semicolon .)
    ONSCREEN        reduce using rule 86 (onscreen_stmt -> ONSCREEN LPAREN expression RPAREN optional_semicolon .)
    PASS            reduce using rule 86 (onscreen_stmt -> ONSCREEN LPAREN expression RPAREN optional_semicolon .)
    STR             reduce using rule 86 (onscreen_stmt -> ONSCREEN LPAREN expression RPAREN optional_semicolon .)
    INT             reduce using rule 86 (onscreen_stmt -> ONSCREEN LPAREN expression RPAREN optional_semicolon .)
    FLOAT           reduce using rule 86 (onscreen_stmt -> ONSCREEN LPAREN expression RPAREN optional_semicolon .)
    TRUE            reduce using rule 86 (onscreen_stmt -> ONSCREEN LPAREN expression RPAREN optional_semicolon .)
    FALSE           reduce using rule 86 (onscreen_stmt -> ONSCREEN LPAREN expression RPAREN optional_semicolon .)
    CHAR            reduce using rule 86 (onscreen_stmt -> ONSCREEN LPAREN expression RPAREN optional_semicolon .)
    I8              reduce using rule 86 (onscreen_stmt -> ONSCREEN LPAREN expression RPAREN optional_semicolon .)
    I16             reduce using rule 86 (onscreen_stmt -> ONSCREEN LPAREN expression RPAREN optional_semicolon .)
    I32             reduce using rule 86 (onscreen_stmt -> ONSCREEN LPAREN expression RPAREN optional_semicolon .)
    I64             reduce using rule 86 (onscreen_stmt -> ONSCREEN LPAREN expression RPAREN optional_semicolon .)
    U8              reduce using rule 86 (onscreen_stmt -> ONSCREEN LPAREN expression RPAREN optional_semicolon .)
    U16             reduce using rule 86 (onscreen_stmt -> ONSCREEN LPAREN expression RPAREN optional_semicolon .)
    U32             reduce using rule 86 (onscreen_stmt -> ONSCREEN LPAREN expression RPAREN optional_semicolon .)
    U64             reduce using rule 86 (onscreen_stmt -> ONSCREEN LPAREN expression RPAREN optional_semicolon .)
    F32             reduce using rule 86 (onscreen_stmt -> ONSCREEN LPAREN expression RPAREN optional_semicolon .)
    F64             reduce using rule 86 (onscreen_stmt -> ONSCREEN LPAREN expression RPAREN optional_semicolon .)
    USIZE           reduce using rule 86 (onscreen_stmt -> ONSCREEN LPAREN expression RPAREN optional_semicolon .)
    ISIZE           reduce using rule 86 (onscreen_stmt -> ONSCREEN LPAREN expression RPAREN optional_semicolon .)
    STR_TYPE        reduce using rule 86 (onscreen_stmt -> ONSCREEN LPAREN expression RPAREN optional_semicolon .)
    BOOL_TYPE       reduce using rule 86 (onscreen_stmt -> ONSCREEN LPAREN expression RPAREN optional_semicolon .)
    INT_TYPE        reduce using rule 86 (onscreen_stmt -> ONSCREEN LPAREN expression RPAREN optional_semicolon .)
    CHAR_TYPE       reduce using rule 86 (onscreen_stmt -> ONSCREEN LPAREN expression RPAREN optional_semicolon .)
    VOID            reduce using rule 86 (onscreen_stmt -> ONSCREEN LPAREN expression RPAREN optional_semicolon .)
    $end            reduce using rule 86 (onscreen_stmt -> ONSCREEN LPAREN expression RPAREN optional_semicolon .)
    RBRACE          reduce using rule 86 (onscreen_stmt -> ONSCREEN LPAREN expression RPAREN optional_semicolon .)


state 187

    (43) assign_stmt -> VAR LBRACKET type COMMA INT RBRACKET . IDENT ASSIGN expression

    IDENT           shift and go to state 198


state 188

    (101) lambda_stmt -> type LPAREN argument_list RPAREN ARROW statement .

    IDENT           reduce using rule 101 (lambda_stmt -> type LPAREN argument_list RPAREN ARROW statement .)
    LPAREN          reduce using rule 101 (lambda_stmt -> type LPAREN argument_list RPAREN ARROW statement .)
    LBRACE          reduce using rule 101 (lambda_stmt -> type LPAREN argument_list RPAREN ARROW statement .)
    NOT             reduce using rule 101 (lambda_stmt -> type LPAREN argument_list RPAREN ARROW statement .)
    SUB             reduce using rule 101 (lambda_stmt -> type LPAREN argument_list RPAREN ARROW statement .)
    LBRACKET        reduce using rule 101 (lambda_stmt -> type LPAREN argument_list RPAREN ARROW statement .)
    SET             reduce using rule 101 (lambda_stmt -> type LPAREN argument_list RPAREN ARROW statement .)
    VAR             reduce using rule 101 (lambda_stmt -> type LPAREN argument_list RPAREN ARROW statement .)
    IF              reduce using rule 101 (lambda_stmt -> type LPAREN argument_list RPAREN ARROW statement .)
    WHILE           reduce using rule 101 (lambda_stmt -> type LPAREN argument_list RPAREN ARROW statement .)
    FOR             reduce using rule 101 (lambda_stmt -> type LPAREN argument_list RPAREN ARROW statement .)
    PROCEDURE       reduce using rule 101 (lambda_stmt -> type LPAREN argument_list RPAREN ARROW statement .)
    BREAK           reduce using rule 101 (lambda_stmt -> type LPAREN argument_list RPAREN ARROW statement .)
    CONTINUE        reduce using rule 101 (lambda_stmt -> type LPAREN argument_list RPAREN ARROW statement .)
    RETURN          reduce using rule 101 (lambda_stmt -> type LPAREN argument_list RPAREN ARROW statement .)
    SCAN            reduce using rule 101 (lambda_stmt -> type LPAREN argument_list RPAREN ARROW statement .)
    ONSCREEN        reduce using rule 101 (lambda_stmt -> type LPAREN argument_list RPAREN ARROW statement .)
    PASS            reduce using rule 101 (lambda_stmt -> type LPAREN argument_list RPAREN ARROW statement .)
    STR             reduce using rule 101 (lambda_stmt -> type LPAREN argument_list RPAREN ARROW statement .)
    INT             reduce using rule 101 (lambda_stmt -> type LPAREN argument_list RPAREN ARROW statement .)
    FLOAT           reduce using rule 101 (lambda_stmt -> type LPAREN argument_list RPAREN ARROW statement .)
    TRUE            reduce using rule 101 (lambda_stmt -> type LPAREN argument_list RPAREN ARROW statement .)
    FALSE           reduce using rule 101 (lambda_stmt -> type LPAREN argument_list RPAREN ARROW statement .)
    CHAR            reduce using rule 101 (lambda_stmt -> type LPAREN argument_list RPAREN ARROW statement .)
    I8              reduce using rule 101 (lambda_stmt -> type LPAREN argument_list RPAREN ARROW statement .)
    I16             reduce using rule 101 (lambda_stmt -> type LPAREN argument_list RPAREN ARROW statement .)
    I32             reduce using rule 101 (lambda_stmt -> type LPAREN argument_list RPAREN ARROW statement .)
    I64             reduce using rule 101 (lambda_stmt -> type LPAREN argument_list RPAREN ARROW statement .)
    U8              reduce using rule 101 (lambda_stmt -> type LPAREN argument_list RPAREN ARROW statement .)
    U16             reduce using rule 101 (lambda_stmt -> type LPAREN argument_list RPAREN ARROW statement .)
    U32             reduce using rule 101 (lambda_stmt -> type LPAREN argument_list RPAREN ARROW statement .)
    U64             reduce using rule 101 (lambda_stmt -> type LPAREN argument_list RPAREN ARROW statement .)
    F32             reduce using rule 101 (lambda_stmt -> type LPAREN argument_list RPAREN ARROW statement .)
    F64             reduce using rule 101 (lambda_stmt -> type LPAREN argument_list RPAREN ARROW statement .)
    USIZE           reduce using rule 101 (lambda_stmt -> type LPAREN argument_list RPAREN ARROW statement .)
    ISIZE           reduce using rule 101 (lambda_stmt -> type LPAREN argument_list RPAREN ARROW statement .)
    STR_TYPE        reduce using rule 101 (lambda_stmt -> type LPAREN argument_list RPAREN ARROW statement .)
    BOOL_TYPE       reduce using rule 101 (lambda_stmt -> type LPAREN argument_list RPAREN ARROW statement .)
    INT_TYPE        reduce using rule 101 (lambda_stmt -> type LPAREN argument_list RPAREN ARROW statement .)
    CHAR_TYPE       reduce using rule 101 (lambda_stmt -> type LPAREN argument_list RPAREN ARROW statement .)
    VOID            reduce using rule 101 (lambda_stmt -> type LPAREN argument_list RPAREN ARROW statement .)
    $end            reduce using rule 101 (lambda_stmt -> type LPAREN argument_list RPAREN ARROW statement .)
    RBRACE          reduce using rule 101 (lambda_stmt -> type LPAREN argument_list RPAREN ARROW statement .)


state 189

    (69) if_stmt -> IF expression LBRACE statements RBRACE ELSE . LBRACE statements RBRACE

    LBRACE          shift and go to state 199


state 190

    (71) for_stmt -> FOR assign_stmt SEMICOLON expression SEMICOLON assign_stmt . LBRACE statements RBRACE

    LBRACE          shift and go to state 200


state 191

    (72) for_stmt -> FOR assign_stmt IN expression LBRACE statements . RBRACE
    (17) statements -> statements . statement
    (2) statement -> . expression optional_semicolon
    (3) statement -> . assign_stmt optional_semicolon
    (4) statement -> . if_stmt
    (5) statement -> . while_stmt
    (6) statement -> . for_stmt
    (7) statement -> . procedure_stmt
    (8) statement -> . break_stmt
    (9) statement -> . continue_stmt
    (10) statement -> . return_stmt
    (11) statement -> . scan_stmt
    (12) statement -> . onscreen_stmt
    (13) statement -> . call_stmt
    (14) statement -> . pass_stmt
    (15) statement -> . lambda_stmt
    (18) expression -> . literal
    (19) expression -> . IDENT
    (20) expression -> . LPAREN expression RPAREN
    (21) expression -> . LBRACE expression RBRACE
    (51) expression -> . expression ADD expression
    (52) expression -> . expression SUB expression
    (53) expression -> . expression MUL expression
    (54) expression -> . expression DIV expression
    (55) expression -> . expression MOD expression
    (56) expression -> . expression POW expression
    (57) expression -> . expression AND expression
    (58) expression -> . expression OR expression
    (59) expression -> . expression XOR expression
    (60) expression -> . expression NE expression
    (61) expression -> . expression EQ expression
    (62) expression -> . expression GT expression
    (63) expression -> . expression LT expression
    (64) expression -> . expression GE expression
    (65) expression -> . expression LE expression
    (66) expression -> . NOT expression
    (67) expression -> . SUB expression
    (92) expression -> . LBRACKET element_list RBRACKET optional_semicolon
    (93) expression -> . IDENT LBRACKET expression RBRACKET
    (107) expression -> . expression DOT IDENT
    (39) assign_stmt -> . SET IDENT ASSIGN expression
    (40) assign_stmt -> . SET expression ASSIGN expression
    (41) assign_stmt -> . VAR type IDENT ASSIGN expression
    (42) assign_stmt -> . VAR type IDENT
    (43) assign_stmt -> . VAR LBRACKET type COMMA INT RBRACKET IDENT ASSIGN expression
    (68) if_stmt -> . IF expression LBRACE statements RBRACE
    (69) if_stmt -> . IF expression LBRACE statements RBRACE ELSE LBRACE statements RBRACE
    (70) while_stmt -> . WHILE expression LBRACE statements RBRACE
    (71) for_stmt -> . FOR assign_stmt SEMICOLON expression SEMICOLON assign_stmt LBRACE statements RBRACE
    (72) for_stmt -> . FOR assign_stmt IN expression LBRACE statements RBRACE
    (73) for_stmt -> . FOR expression LBRACE statements RBRACE
    (80) procedure_stmt -> . PROCEDURE IDENT LPAREN params_list RPAREN COLON type block
    (81) procedure_stmt -> . PROCEDURE IDENT LPAREN params_list RPAREN block
    (82) break_stmt -> . BREAK optional_semicolon
    (83) continue_stmt -> . CONTINUE optional_semicolon
    (84) return_stmt -> . RETURN expression optional_semicolon
    (85) return_stmt -> . RETURN optional_semicolon
    (87) scan_stmt -> . SCAN LPAREN expression RPAREN optional_semicolon
    (86) onscreen_stmt -> . ONSCREEN LPAREN expression RPAREN optional_semicolon
    (99) call_stmt -> . IDENT LPAREN argument_list RPAREN optional_semicolon
    (100) pass_stmt -> . PASS optional_semicolon
    (101) lambda_stmt -> . type LPAREN argument_list RPAREN ARROW statement
    (44) literal -> . STR
    (45) literal -> . INT
    (46) literal -> . FLOAT
    (47) literal -> . TRUE
    (48) literal -> . FALSE
    (49) literal -> . CHAR
    (50) literal -> . IDENT
    (22) type -> . I8
    (23) type -> . I16
    (24) type -> . I32
    (25) type -> . I64
    (26) type -> . U8
    (27) type -> . U16
    (28) type -> . U32
    (29) type -> . U64
    (30) type -> . F32
    (31) type -> . F64
    (32) type -> . USIZE
    (33) type -> . ISIZE
    (34) type -> . STR_TYPE
    (35) type -> . BOOL_TYPE
    (36) type -> . INT_TYPE
    (37) type -> . CHAR_TYPE
    (38) type -> . VOID

    RBRACE          shift and go to state 201
    IDENT           shift and go to state 19
    LPAREN          shift and go to state 20
    LBRACE          shift and go to state 21
    NOT             shift and go to state 23
    SUB             shift and go to state 22
    LBRACKET        shift and go to state 24
    SET             shift and go to state 25
    VAR             shift and go to state 26
    IF              shift and go to state 29
    WHILE           shift and go to state 30
    FOR             shift and go to state 31
    PROCEDURE       shift and go to state 32
    BREAK           shift and go to state 33
    CONTINUE        shift and go to state 34
    RETURN          shift and go to state 35
    SCAN            shift and go to state 36
    ONSCREEN        shift and go to state 37
    PASS            shift and go to state 38
    STR             shift and go to state 39
    INT             shift and go to state 28
    FLOAT           shift and go to state 40
    TRUE            shift and go to state 41
    FALSE           shift and go to state 42
    CHAR            shift and go to state 43
    I8              shift and go to state 44
    I16             shift and go to state 45
    I32             shift and go to state 46
    I64             shift and go to state 47
    U8              shift and go to state 48
    U16             shift and go to state 49
    U32             shift and go to state 50
    U64             shift and go to state 51
    F32             shift and go to state 52
    F64             shift and go to state 53
    USIZE           shift and go to state 54
    ISIZE           shift and go to state 55
    STR_TYPE        shift and go to state 56
    BOOL_TYPE       shift and go to state 57
    INT_TYPE        shift and go to state 58
    CHAR_TYPE       shift and go to state 59
    VOID            shift and go to state 60

    assign_stmt                    shift and go to state 5
    expression                     shift and go to state 4
    statement                      shift and go to state 61
    if_stmt                        shift and go to state 6
    while_stmt                     shift and go to state 7
    for_stmt                       shift and go to state 8
    procedure_stmt                 shift and go to state 9
    break_stmt                     shift and go to state 10
    continue_stmt                  shift and go to state 11
    return_stmt                    shift and go to state 12
    scan_stmt                      shift and go to state 13
    onscreen_stmt                  shift and go to state 14
    call_stmt                      shift and go to state 15
    pass_stmt                      shift and go to state 16
    lambda_stmt                    shift and go to state 17
    literal                        shift and go to state 18
    type                           shift and go to state 27

state 192

    (74) param -> IDENT COLON type .

    RPAREN          reduce using rule 74 (param -> IDENT COLON type .)
    COMMA           reduce using rule 74 (param -> IDENT COLON type .)


state 193

    (80) procedure_stmt -> PROCEDURE IDENT LPAREN params_list RPAREN COLON . type block
    (22) type -> . I8
    (23) type -> . I16
    (24) type -> . I32
    (25) type -> . I64
    (26) type -> . U8
    (27) type -> . U16
    (28) type -> . U32
    (29) type -> . U64
    (30) type -> . F32
    (31) type -> . F64
    (32) type -> . USIZE
    (33) type -> . ISIZE
    (34) type -> . STR_TYPE
    (35) type -> . BOOL_TYPE
    (36) type -> . INT_TYPE
    (37) type -> . CHAR_TYPE
    (38) type -> . VOID

    I8              shift and go to state 44
    I16             shift and go to state 45
    I32             shift and go to state 46
    I64             shift and go to state 47
    U8              shift and go to state 48
    U16             shift and go to state 49
    U32             shift and go to state 50
    U64             shift and go to state 51
    F32             shift and go to state 52
    F64             shift and go to state 53
    USIZE           shift and go to state 54
    ISIZE           shift and go to state 55
    STR_TYPE        shift and go to state 56
    BOOL_TYPE       shift and go to state 57
    INT_TYPE        shift and go to state 58
    CHAR_TYPE       shift and go to state 59
    VOID            shift and go to state 60

    type                           shift and go to state 202

state 194

    (81) procedure_stmt -> PROCEDURE IDENT LPAREN params_list RPAREN block .

    IDENT           reduce using rule 81 (procedure_stmt -> PROCEDURE IDENT LPAREN params_list RPAREN block .)
    LPAREN          reduce using rule 81 (procedure_stmt -> PROCEDURE IDENT LPAREN params_list RPAREN block .)
    LBRACE          reduce using rule 81 (procedure_stmt -> PROCEDURE IDENT LPAREN params_list RPAREN block .)
    NOT             reduce using rule 81 (procedure_stmt -> PROCEDURE IDENT LPAREN params_list RPAREN block .)
    SUB             reduce using rule 81 (procedure_stmt -> PROCEDURE IDENT LPAREN params_list RPAREN block .)
    LBRACKET        reduce using rule 81 (procedure_stmt -> PROCEDURE IDENT LPAREN params_list RPAREN block .)
    SET             reduce using rule 81 (procedure_stmt -> PROCEDURE IDENT LPAREN params_list RPAREN block .)
    VAR             reduce using rule 81 (procedure_stmt -> PROCEDURE IDENT LPAREN params_list RPAREN block .)
    IF              reduce using rule 81 (procedure_stmt -> PROCEDURE IDENT LPAREN params_list RPAREN block .)
    WHILE           reduce using rule 81 (procedure_stmt -> PROCEDURE IDENT LPAREN params_list RPAREN block .)
    FOR             reduce using rule 81 (procedure_stmt -> PROCEDURE IDENT LPAREN params_list RPAREN block .)
    PROCEDURE       reduce using rule 81 (procedure_stmt -> PROCEDURE IDENT LPAREN params_list RPAREN block .)
    BREAK           reduce using rule 81 (procedure_stmt -> PROCEDURE IDENT LPAREN params_list RPAREN block .)
    CONTINUE        reduce using rule 81 (procedure_stmt -> PROCEDURE IDENT LPAREN params_list RPAREN block .)
    RETURN          reduce using rule 81 (procedure_stmt -> PROCEDURE IDENT LPAREN params_list RPAREN block .)
    SCAN            reduce using rule 81 (procedure_stmt -> PROCEDURE IDENT LPAREN params_list RPAREN block .)
    ONSCREEN        reduce using rule 81 (procedure_stmt -> PROCEDURE IDENT LPAREN params_list RPAREN block .)
    PASS            reduce using rule 81 (procedure_stmt -> PROCEDURE IDENT LPAREN params_list RPAREN block .)
    STR             reduce using rule 81 (procedure_stmt -> PROCEDURE IDENT LPAREN params_list RPAREN block .)
    INT             reduce using rule 81 (procedure_stmt -> PROCEDURE IDENT LPAREN params_list RPAREN block .)
    FLOAT           reduce using rule 81 (procedure_stmt -> PROCEDURE IDENT LPAREN params_list RPAREN block .)
    TRUE            reduce using rule 81 (procedure_stmt -> PROCEDURE IDENT LPAREN params_list RPAREN block .)
    FALSE           reduce using rule 81 (procedure_stmt -> PROCEDURE IDENT LPAREN params_list RPAREN block .)
    CHAR            reduce using rule 81 (procedure_stmt -> PROCEDURE IDENT LPAREN params_list RPAREN block .)
    I8              reduce using rule 81 (procedure_stmt -> PROCEDURE IDENT LPAREN params_list RPAREN block .)
    I16             reduce using rule 81 (procedure_stmt -> PROCEDURE IDENT LPAREN params_list RPAREN block .)
    I32             reduce using rule 81 (procedure_stmt -> PROCEDURE IDENT LPAREN params_list RPAREN block .)
    I64             reduce using rule 81 (procedure_stmt -> PROCEDURE IDENT LPAREN params_list RPAREN block .)
    U8              reduce using rule 81 (procedure_stmt -> PROCEDURE IDENT LPAREN params_list RPAREN block .)
    U16             reduce using rule 81 (procedure_stmt -> PROCEDURE IDENT LPAREN params_list RPAREN block .)
    U32             reduce using rule 81 (procedure_stmt -> PROCEDURE IDENT LPAREN params_list RPAREN block .)
    U64             reduce using rule 81 (procedure_stmt -> PROCEDURE IDENT LPAREN params_list RPAREN block .)
    F32             reduce using rule 81 (procedure_stmt -> PROCEDURE IDENT LPAREN params_list RPAREN block .)
    F64             reduce using rule 81 (procedure_stmt -> PROCEDURE IDENT LPAREN params_list RPAREN block .)
    USIZE           reduce using rule 81 (procedure_stmt -> PROCEDURE IDENT LPAREN params_list RPAREN block .)
    ISIZE           reduce using rule 81 (procedure_stmt -> PROCEDURE IDENT LPAREN params_list RPAREN block .)
    STR_TYPE        reduce using rule 81 (procedure_stmt -> PROCEDURE IDENT LPAREN params_list RPAREN block .)
    BOOL_TYPE       reduce using rule 81 (procedure_stmt -> PROCEDURE IDENT LPAREN params_list RPAREN block .)
    INT_TYPE        reduce using rule 81 (procedure_stmt -> PROCEDURE IDENT LPAREN params_list RPAREN block .)
    CHAR_TYPE       reduce using rule 81 (procedure_stmt -> PROCEDURE IDENT LPAREN params_list RPAREN block .)
    VOID            reduce using rule 81 (procedure_stmt -> PROCEDURE IDENT LPAREN params_list RPAREN block .)
    $end            reduce using rule 81 (procedure_stmt -> PROCEDURE IDENT LPAREN params_list RPAREN block .)
    RBRACE          reduce using rule 81 (procedure_stmt -> PROCEDURE IDENT LPAREN params_list RPAREN block .)


state 195

    (78) block -> LBRACE . statements RBRACE
    (16) statements -> . statement
    (17) statements -> . statements statement
    (2) statement -> . expression optional_semicolon
    (3) statement -> . assign_stmt optional_semicolon
    (4) statement -> . if_stmt
    (5) statement -> . while_stmt
    (6) statement -> . for_stmt
    (7) statement -> . procedure_stmt
    (8) statement -> . break_stmt
    (9) statement -> . continue_stmt
    (10) statement -> . return_stmt
    (11) statement -> . scan_stmt
    (12) statement -> . onscreen_stmt
    (13) statement -> . call_stmt
    (14) statement -> . pass_stmt
    (15) statement -> . lambda_stmt
    (18) expression -> . literal
    (19) expression -> . IDENT
    (20) expression -> . LPAREN expression RPAREN
    (21) expression -> . LBRACE expression RBRACE
    (51) expression -> . expression ADD expression
    (52) expression -> . expression SUB expression
    (53) expression -> . expression MUL expression
    (54) expression -> . expression DIV expression
    (55) expression -> . expression MOD expression
    (56) expression -> . expression POW expression
    (57) expression -> . expression AND expression
    (58) expression -> . expression OR expression
    (59) expression -> . expression XOR expression
    (60) expression -> . expression NE expression
    (61) expression -> . expression EQ expression
    (62) expression -> . expression GT expression
    (63) expression -> . expression LT expression
    (64) expression -> . expression GE expression
    (65) expression -> . expression LE expression
    (66) expression -> . NOT expression
    (67) expression -> . SUB expression
    (92) expression -> . LBRACKET element_list RBRACKET optional_semicolon
    (93) expression -> . IDENT LBRACKET expression RBRACKET
    (107) expression -> . expression DOT IDENT
    (39) assign_stmt -> . SET IDENT ASSIGN expression
    (40) assign_stmt -> . SET expression ASSIGN expression
    (41) assign_stmt -> . VAR type IDENT ASSIGN expression
    (42) assign_stmt -> . VAR type IDENT
    (43) assign_stmt -> . VAR LBRACKET type COMMA INT RBRACKET IDENT ASSIGN expression
    (68) if_stmt -> . IF expression LBRACE statements RBRACE
    (69) if_stmt -> . IF expression LBRACE statements RBRACE ELSE LBRACE statements RBRACE
    (70) while_stmt -> . WHILE expression LBRACE statements RBRACE
    (71) for_stmt -> . FOR assign_stmt SEMICOLON expression SEMICOLON assign_stmt LBRACE statements RBRACE
    (72) for_stmt -> . FOR assign_stmt IN expression LBRACE statements RBRACE
    (73) for_stmt -> . FOR expression LBRACE statements RBRACE
    (80) procedure_stmt -> . PROCEDURE IDENT LPAREN params_list RPAREN COLON type block
    (81) procedure_stmt -> . PROCEDURE IDENT LPAREN params_list RPAREN block
    (82) break_stmt -> . BREAK optional_semicolon
    (83) continue_stmt -> . CONTINUE optional_semicolon
    (84) return_stmt -> . RETURN expression optional_semicolon
    (85) return_stmt -> . RETURN optional_semicolon
    (87) scan_stmt -> . SCAN LPAREN expression RPAREN optional_semicolon
    (86) onscreen_stmt -> . ONSCREEN LPAREN expression RPAREN optional_semicolon
    (99) call_stmt -> . IDENT LPAREN argument_list RPAREN optional_semicolon
    (100) pass_stmt -> . PASS optional_semicolon
    (101) lambda_stmt -> . type LPAREN argument_list RPAREN ARROW statement
    (44) literal -> . STR
    (45) literal -> . INT
    (46) literal -> . FLOAT
    (47) literal -> . TRUE
    (48) literal -> . FALSE
    (49) literal -> . CHAR
    (50) literal -> . IDENT
    (22) type -> . I8
    (23) type -> . I16
    (24) type -> . I32
    (25) type -> . I64
    (26) type -> . U8
    (27) type -> . U16
    (28) type -> . U32
    (29) type -> . U64
    (30) type -> . F32
    (31) type -> . F64
    (32) type -> . USIZE
    (33) type -> . ISIZE
    (34) type -> . STR_TYPE
    (35) type -> . BOOL_TYPE
    (36) type -> . INT_TYPE
    (37) type -> . CHAR_TYPE
    (38) type -> . VOID

    IDENT           shift and go to state 19
    LPAREN          shift and go to state 20
    LBRACE          shift and go to state 21
    NOT             shift and go to state 23
    SUB             shift and go to state 22
    LBRACKET        shift and go to state 24
    SET             shift and go to state 25
    VAR             shift and go to state 26
    IF              shift and go to state 29
    WHILE           shift and go to state 30
    FOR             shift and go to state 31
    PROCEDURE       shift and go to state 32
    BREAK           shift and go to state 33
    CONTINUE        shift and go to state 34
    RETURN          shift and go to state 35
    SCAN            shift and go to state 36
    ONSCREEN        shift and go to state 37
    PASS            shift and go to state 38
    STR             shift and go to state 39
    INT             shift and go to state 28
    FLOAT           shift and go to state 40
    TRUE            shift and go to state 41
    FALSE           shift and go to state 42
    CHAR            shift and go to state 43
    I8              shift and go to state 44
    I16             shift and go to state 45
    I32             shift and go to state 46
    I64             shift and go to state 47
    U8              shift and go to state 48
    U16             shift and go to state 49
    U32             shift and go to state 50
    U64             shift and go to state 51
    F32             shift and go to state 52
    F64             shift and go to state 53
    USIZE           shift and go to state 54
    ISIZE           shift and go to state 55
    STR_TYPE        shift and go to state 56
    BOOL_TYPE       shift and go to state 57
    INT_TYPE        shift and go to state 58
    CHAR_TYPE       shift and go to state 59
    VOID            shift and go to state 60

    statements                     shift and go to state 203
    statement                      shift and go to state 3
    expression                     shift and go to state 4
    assign_stmt                    shift and go to state 5
    if_stmt                        shift and go to state 6
    while_stmt                     shift and go to state 7
    for_stmt                       shift and go to state 8
    procedure_stmt                 shift and go to state 9
    break_stmt                     shift and go to state 10
    continue_stmt                  shift and go to state 11
    return_stmt                    shift and go to state 12
    scan_stmt                      shift and go to state 13
    onscreen_stmt                  shift and go to state 14
    call_stmt                      shift and go to state 15
    pass_stmt                      shift and go to state 16
    lambda_stmt                    shift and go to state 17
    literal                        shift and go to state 18
    type                           shift and go to state 27

state 196

    (79) block -> empty .

    IDENT           reduce using rule 79 (block -> empty .)
    LPAREN          reduce using rule 79 (block -> empty .)
    LBRACE          reduce using rule 79 (block -> empty .)
    NOT             reduce using rule 79 (block -> empty .)
    SUB             reduce using rule 79 (block -> empty .)
    LBRACKET        reduce using rule 79 (block -> empty .)
    SET             reduce using rule 79 (block -> empty .)
    VAR             reduce using rule 79 (block -> empty .)
    IF              reduce using rule 79 (block -> empty .)
    WHILE           reduce using rule 79 (block -> empty .)
    FOR             reduce using rule 79 (block -> empty .)
    PROCEDURE       reduce using rule 79 (block -> empty .)
    BREAK           reduce using rule 79 (block -> empty .)
    CONTINUE        reduce using rule 79 (block -> empty .)
    RETURN          reduce using rule 79 (block -> empty .)
    SCAN            reduce using rule 79 (block -> empty .)
    ONSCREEN        reduce using rule 79 (block -> empty .)
    PASS            reduce using rule 79 (block -> empty .)
    STR             reduce using rule 79 (block -> empty .)
    INT             reduce using rule 79 (block -> empty .)
    FLOAT           reduce using rule 79 (block -> empty .)
    TRUE            reduce using rule 79 (block -> empty .)
    FALSE           reduce using rule 79 (block -> empty .)
    CHAR            reduce using rule 79 (block -> empty .)
    I8              reduce using rule 79 (block -> empty .)
    I16             reduce using rule 79 (block -> empty .)
    I32             reduce using rule 79 (block -> empty .)
    I64             reduce using rule 79 (block -> empty .)
    U8              reduce using rule 79 (block -> empty .)
    U16             reduce using rule 79 (block -> empty .)
    U32             reduce using rule 79 (block -> empty .)
    U64             reduce using rule 79 (block -> empty .)
    F32             reduce using rule 79 (block -> empty .)
    F64             reduce using rule 79 (block -> empty .)
    USIZE           reduce using rule 79 (block -> empty .)
    ISIZE           reduce using rule 79 (block -> empty .)
    STR_TYPE        reduce using rule 79 (block -> empty .)
    BOOL_TYPE       reduce using rule 79 (block -> empty .)
    INT_TYPE        reduce using rule 79 (block -> empty .)
    CHAR_TYPE       reduce using rule 79 (block -> empty .)
    VOID            reduce using rule 79 (block -> empty .)
    $end            reduce using rule 79 (block -> empty .)
    RBRACE          reduce using rule 79 (block -> empty .)


state 197

    (76) params_list -> params_list COMMA param .

    RPAREN          reduce using rule 76 (params_list -> params_list COMMA param .)
    COMMA           reduce using rule 76 (params_list -> params_list COMMA param .)


state 198

    (43) assign_stmt -> VAR LBRACKET type COMMA INT RBRACKET IDENT . ASSIGN expression

    ASSIGN          shift and go to state 204


state 199

    (69) if_stmt -> IF expression LBRACE statements RBRACE ELSE LBRACE . statements RBRACE
    (16) statements -> . statement
    (17) statements -> . statements statement
    (2) statement -> . expression optional_semicolon
    (3) statement -> . assign_stmt optional_semicolon
    (4) statement -> . if_stmt
    (5) statement -> . while_stmt
    (6) statement -> . for_stmt
    (7) statement -> . procedure_stmt
    (8) statement -> . break_stmt
    (9) statement -> . continue_stmt
    (10) statement -> . return_stmt
    (11) statement -> . scan_stmt
    (12) statement -> . onscreen_stmt
    (13) statement -> . call_stmt
    (14) statement -> . pass_stmt
    (15) statement -> . lambda_stmt
    (18) expression -> . literal
    (19) expression -> . IDENT
    (20) expression -> . LPAREN expression RPAREN
    (21) expression -> . LBRACE expression RBRACE
    (51) expression -> . expression ADD expression
    (52) expression -> . expression SUB expression
    (53) expression -> . expression MUL expression
    (54) expression -> . expression DIV expression
    (55) expression -> . expression MOD expression
    (56) expression -> . expression POW expression
    (57) expression -> . expression AND expression
    (58) expression -> . expression OR expression
    (59) expression -> . expression XOR expression
    (60) expression -> . expression NE expression
    (61) expression -> . expression EQ expression
    (62) expression -> . expression GT expression
    (63) expression -> . expression LT expression
    (64) expression -> . expression GE expression
    (65) expression -> . expression LE expression
    (66) expression -> . NOT expression
    (67) expression -> . SUB expression
    (92) expression -> . LBRACKET element_list RBRACKET optional_semicolon
    (93) expression -> . IDENT LBRACKET expression RBRACKET
    (107) expression -> . expression DOT IDENT
    (39) assign_stmt -> . SET IDENT ASSIGN expression
    (40) assign_stmt -> . SET expression ASSIGN expression
    (41) assign_stmt -> . VAR type IDENT ASSIGN expression
    (42) assign_stmt -> . VAR type IDENT
    (43) assign_stmt -> . VAR LBRACKET type COMMA INT RBRACKET IDENT ASSIGN expression
    (68) if_stmt -> . IF expression LBRACE statements RBRACE
    (69) if_stmt -> . IF expression LBRACE statements RBRACE ELSE LBRACE statements RBRACE
    (70) while_stmt -> . WHILE expression LBRACE statements RBRACE
    (71) for_stmt -> . FOR assign_stmt SEMICOLON expression SEMICOLON assign_stmt LBRACE statements RBRACE
    (72) for_stmt -> . FOR assign_stmt IN expression LBRACE statements RBRACE
    (73) for_stmt -> . FOR expression LBRACE statements RBRACE
    (80) procedure_stmt -> . PROCEDURE IDENT LPAREN params_list RPAREN COLON type block
    (81) procedure_stmt -> . PROCEDURE IDENT LPAREN params_list RPAREN block
    (82) break_stmt -> . BREAK optional_semicolon
    (83) continue_stmt -> . CONTINUE optional_semicolon
    (84) return_stmt -> . RETURN expression optional_semicolon
    (85) return_stmt -> . RETURN optional_semicolon
    (87) scan_stmt -> . SCAN LPAREN expression RPAREN optional_semicolon
    (86) onscreen_stmt -> . ONSCREEN LPAREN expression RPAREN optional_semicolon
    (99) call_stmt -> . IDENT LPAREN argument_list RPAREN optional_semicolon
    (100) pass_stmt -> . PASS optional_semicolon
    (101) lambda_stmt -> . type LPAREN argument_list RPAREN ARROW statement
    (44) literal -> . STR
    (45) literal -> . INT
    (46) literal -> . FLOAT
    (47) literal -> . TRUE
    (48) literal -> . FALSE
    (49) literal -> . CHAR
    (50) literal -> . IDENT
    (22) type -> . I8
    (23) type -> . I16
    (24) type -> . I32
    (25) type -> . I64
    (26) type -> . U8
    (27) type -> . U16
    (28) type -> . U32
    (29) type -> . U64
    (30) type -> . F32
    (31) type -> . F64
    (32) type -> . USIZE
    (33) type -> . ISIZE
    (34) type -> . STR_TYPE
    (35) type -> . BOOL_TYPE
    (36) type -> . INT_TYPE
    (37) type -> . CHAR_TYPE
    (38) type -> . VOID

    IDENT           shift and go to state 19
    LPAREN          shift and go to state 20
    LBRACE          shift and go to state 21
    NOT             shift and go to state 23
    SUB             shift and go to state 22
    LBRACKET        shift and go to state 24
    SET             shift and go to state 25
    VAR             shift and go to state 26
    IF              shift and go to state 29
    WHILE           shift and go to state 30
    FOR             shift and go to state 31
    PROCEDURE       shift and go to state 32
    BREAK           shift and go to state 33
    CONTINUE        shift and go to state 34
    RETURN          shift and go to state 35
    SCAN            shift and go to state 36
    ONSCREEN        shift and go to state 37
    PASS            shift and go to state 38
    STR             shift and go to state 39
    INT             shift and go to state 28
    FLOAT           shift and go to state 40
    TRUE            shift and go to state 41
    FALSE           shift and go to state 42
    CHAR            shift and go to state 43
    I8              shift and go to state 44
    I16             shift and go to state 45
    I32             shift and go to state 46
    I64             shift and go to state 47
    U8              shift and go to state 48
    U16             shift and go to state 49
    U32             shift and go to state 50
    U64             shift and go to state 51
    F32             shift and go to state 52
    F64             shift and go to state 53
    USIZE           shift and go to state 54
    ISIZE           shift and go to state 55
    STR_TYPE        shift and go to state 56
    BOOL_TYPE       shift and go to state 57
    INT_TYPE        shift and go to state 58
    CHAR_TYPE       shift and go to state 59
    VOID            shift and go to state 60

    expression                     shift and go to state 4
    statements                     shift and go to state 205
    statement                      shift and go to state 3
    assign_stmt                    shift and go to state 5
    if_stmt                        shift and go to state 6
    while_stmt                     shift and go to state 7
    for_stmt                       shift and go to state 8
    procedure_stmt                 shift and go to state 9
    break_stmt                     shift and go to state 10
    continue_stmt                  shift and go to state 11
    return_stmt                    shift and go to state 12
    scan_stmt                      shift and go to state 13
    onscreen_stmt                  shift and go to state 14
    call_stmt                      shift and go to state 15
    pass_stmt                      shift and go to state 16
    lambda_stmt                    shift and go to state 17
    literal                        shift and go to state 18
    type                           shift and go to state 27

state 200

    (71) for_stmt -> FOR assign_stmt SEMICOLON expression SEMICOLON assign_stmt LBRACE . statements RBRACE
    (16) statements -> . statement
    (17) statements -> . statements statement
    (2) statement -> . expression optional_semicolon
    (3) statement -> . assign_stmt optional_semicolon
    (4) statement -> . if_stmt
    (5) statement -> . while_stmt
    (6) statement -> . for_stmt
    (7) statement -> . procedure_stmt
    (8) statement -> . break_stmt
    (9) statement -> . continue_stmt
    (10) statement -> . return_stmt
    (11) statement -> . scan_stmt
    (12) statement -> . onscreen_stmt
    (13) statement -> . call_stmt
    (14) statement -> . pass_stmt
    (15) statement -> . lambda_stmt
    (18) expression -> . literal
    (19) expression -> . IDENT
    (20) expression -> . LPAREN expression RPAREN
    (21) expression -> . LBRACE expression RBRACE
    (51) expression -> . expression ADD expression
    (52) expression -> . expression SUB expression
    (53) expression -> . expression MUL expression
    (54) expression -> . expression DIV expression
    (55) expression -> . expression MOD expression
    (56) expression -> . expression POW expression
    (57) expression -> . expression AND expression
    (58) expression -> . expression OR expression
    (59) expression -> . expression XOR expression
    (60) expression -> . expression NE expression
    (61) expression -> . expression EQ expression
    (62) expression -> . expression GT expression
    (63) expression -> . expression LT expression
    (64) expression -> . expression GE expression
    (65) expression -> . expression LE expression
    (66) expression -> . NOT expression
    (67) expression -> . SUB expression
    (92) expression -> . LBRACKET element_list RBRACKET optional_semicolon
    (93) expression -> . IDENT LBRACKET expression RBRACKET
    (107) expression -> . expression DOT IDENT
    (39) assign_stmt -> . SET IDENT ASSIGN expression
    (40) assign_stmt -> . SET expression ASSIGN expression
    (41) assign_stmt -> . VAR type IDENT ASSIGN expression
    (42) assign_stmt -> . VAR type IDENT
    (43) assign_stmt -> . VAR LBRACKET type COMMA INT RBRACKET IDENT ASSIGN expression
    (68) if_stmt -> . IF expression LBRACE statements RBRACE
    (69) if_stmt -> . IF expression LBRACE statements RBRACE ELSE LBRACE statements RBRACE
    (70) while_stmt -> . WHILE expression LBRACE statements RBRACE
    (71) for_stmt -> . FOR assign_stmt SEMICOLON expression SEMICOLON assign_stmt LBRACE statements RBRACE
    (72) for_stmt -> . FOR assign_stmt IN expression LBRACE statements RBRACE
    (73) for_stmt -> . FOR expression LBRACE statements RBRACE
    (80) procedure_stmt -> . PROCEDURE IDENT LPAREN params_list RPAREN COLON type block
    (81) procedure_stmt -> . PROCEDURE IDENT LPAREN params_list RPAREN block
    (82) break_stmt -> . BREAK optional_semicolon
    (83) continue_stmt -> . CONTINUE optional_semicolon
    (84) return_stmt -> . RETURN expression optional_semicolon
    (85) return_stmt -> . RETURN optional_semicolon
    (87) scan_stmt -> . SCAN LPAREN expression RPAREN optional_semicolon
    (86) onscreen_stmt -> . ONSCREEN LPAREN expression RPAREN optional_semicolon
    (99) call_stmt -> . IDENT LPAREN argument_list RPAREN optional_semicolon
    (100) pass_stmt -> . PASS optional_semicolon
    (101) lambda_stmt -> . type LPAREN argument_list RPAREN ARROW statement
    (44) literal -> . STR
    (45) literal -> . INT
    (46) literal -> . FLOAT
    (47) literal -> . TRUE
    (48) literal -> . FALSE
    (49) literal -> . CHAR
    (50) literal -> . IDENT
    (22) type -> . I8
    (23) type -> . I16
    (24) type -> . I32
    (25) type -> . I64
    (26) type -> . U8
    (27) type -> . U16
    (28) type -> . U32
    (29) type -> . U64
    (30) type -> . F32
    (31) type -> . F64
    (32) type -> . USIZE
    (33) type -> . ISIZE
    (34) type -> . STR_TYPE
    (35) type -> . BOOL_TYPE
    (36) type -> . INT_TYPE
    (37) type -> . CHAR_TYPE
    (38) type -> . VOID

    IDENT           shift and go to state 19
    LPAREN          shift and go to state 20
    LBRACE          shift and go to state 21
    NOT             shift and go to state 23
    SUB             shift and go to state 22
    LBRACKET        shift and go to state 24
    SET             shift and go to state 25
    VAR             shift and go to state 26
    IF              shift and go to state 29
    WHILE           shift and go to state 30
    FOR             shift and go to state 31
    PROCEDURE       shift and go to state 32
    BREAK           shift and go to state 33
    CONTINUE        shift and go to state 34
    RETURN          shift and go to state 35
    SCAN            shift and go to state 36
    ONSCREEN        shift and go to state 37
    PASS            shift and go to state 38
    STR             shift and go to state 39
    INT             shift and go to state 28
    FLOAT           shift and go to state 40
    TRUE            shift and go to state 41
    FALSE           shift and go to state 42
    CHAR            shift and go to state 43
    I8              shift and go to state 44
    I16             shift and go to state 45
    I32             shift and go to state 46
    I64             shift and go to state 47
    U8              shift and go to state 48
    U16             shift and go to state 49
    U32             shift and go to state 50
    U64             shift and go to state 51
    F32             shift and go to state 52
    F64             shift and go to state 53
    USIZE           shift and go to state 54
    ISIZE           shift and go to state 55
    STR_TYPE        shift and go to state 56
    BOOL_TYPE       shift and go to state 57
    INT_TYPE        shift and go to state 58
    CHAR_TYPE       shift and go to state 59
    VOID            shift and go to state 60

    assign_stmt                    shift and go to state 5
    expression                     shift and go to state 4
    statements                     shift and go to state 206
    statement                      shift and go to state 3
    if_stmt                        shift and go to state 6
    while_stmt                     shift and go to state 7
    for_stmt                       shift and go to state 8
    procedure_stmt                 shift and go to state 9
    break_stmt                     shift and go to state 10
    continue_stmt                  shift and go to state 11
    return_stmt                    shift and go to state 12
    scan_stmt                      shift and go to state 13
    onscreen_stmt                  shift and go to state 14
    call_stmt                      shift and go to state 15
    pass_stmt                      shift and go to state 16
    lambda_stmt                    shift and go to state 17
    literal                        shift and go to state 18
    type                           shift and go to state 27

state 201

    (72) for_stmt -> FOR assign_stmt IN expression LBRACE statements RBRACE .

    IDENT           reduce using rule 72 (for_stmt -> FOR assign_stmt IN expression LBRACE statements RBRACE .)
    LPAREN          reduce using rule 72 (for_stmt -> FOR assign_stmt IN expression LBRACE statements RBRACE .)
    LBRACE          reduce using rule 72 (for_stmt -> FOR assign_stmt IN expression LBRACE statements RBRACE .)
    NOT             reduce using rule 72 (for_stmt -> FOR assign_stmt IN expression LBRACE statements RBRACE .)
    SUB             reduce using rule 72 (for_stmt -> FOR assign_stmt IN expression LBRACE statements RBRACE .)
    LBRACKET        reduce using rule 72 (for_stmt -> FOR assign_stmt IN expression LBRACE statements RBRACE .)
    SET             reduce using rule 72 (for_stmt -> FOR assign_stmt IN expression LBRACE statements RBRACE .)
    VAR             reduce using rule 72 (for_stmt -> FOR assign_stmt IN expression LBRACE statements RBRACE .)
    IF              reduce using rule 72 (for_stmt -> FOR assign_stmt IN expression LBRACE statements RBRACE .)
    WHILE           reduce using rule 72 (for_stmt -> FOR assign_stmt IN expression LBRACE statements RBRACE .)
    FOR             reduce using rule 72 (for_stmt -> FOR assign_stmt IN expression LBRACE statements RBRACE .)
    PROCEDURE       reduce using rule 72 (for_stmt -> FOR assign_stmt IN expression LBRACE statements RBRACE .)
    BREAK           reduce using rule 72 (for_stmt -> FOR assign_stmt IN expression LBRACE statements RBRACE .)
    CONTINUE        reduce using rule 72 (for_stmt -> FOR assign_stmt IN expression LBRACE statements RBRACE .)
    RETURN          reduce using rule 72 (for_stmt -> FOR assign_stmt IN expression LBRACE statements RBRACE .)
    SCAN            reduce using rule 72 (for_stmt -> FOR assign_stmt IN expression LBRACE statements RBRACE .)
    ONSCREEN        reduce using rule 72 (for_stmt -> FOR assign_stmt IN expression LBRACE statements RBRACE .)
    PASS            reduce using rule 72 (for_stmt -> FOR assign_stmt IN expression LBRACE statements RBRACE .)
    STR             reduce using rule 72 (for_stmt -> FOR assign_stmt IN expression LBRACE statements RBRACE .)
    INT             reduce using rule 72 (for_stmt -> FOR assign_stmt IN expression LBRACE statements RBRACE .)
    FLOAT           reduce using rule 72 (for_stmt -> FOR assign_stmt IN expression LBRACE statements RBRACE .)
    TRUE            reduce using rule 72 (for_stmt -> FOR assign_stmt IN expression LBRACE statements RBRACE .)
    FALSE           reduce using rule 72 (for_stmt -> FOR assign_stmt IN expression LBRACE statements RBRACE .)
    CHAR            reduce using rule 72 (for_stmt -> FOR assign_stmt IN expression LBRACE statements RBRACE .)
    I8              reduce using rule 72 (for_stmt -> FOR assign_stmt IN expression LBRACE statements RBRACE .)
    I16             reduce using rule 72 (for_stmt -> FOR assign_stmt IN expression LBRACE statements RBRACE .)
    I32             reduce using rule 72 (for_stmt -> FOR assign_stmt IN expression LBRACE statements RBRACE .)
    I64             reduce using rule 72 (for_stmt -> FOR assign_stmt IN expression LBRACE statements RBRACE .)
    U8              reduce using rule 72 (for_stmt -> FOR assign_stmt IN expression LBRACE statements RBRACE .)
    U16             reduce using rule 72 (for_stmt -> FOR assign_stmt IN expression LBRACE statements RBRACE .)
    U32             reduce using rule 72 (for_stmt -> FOR assign_stmt IN expression LBRACE statements RBRACE .)
    U64             reduce using rule 72 (for_stmt -> FOR assign_stmt IN expression LBRACE statements RBRACE .)
    F32             reduce using rule 72 (for_stmt -> FOR assign_stmt IN expression LBRACE statements RBRACE .)
    F64             reduce using rule 72 (for_stmt -> FOR assign_stmt IN expression LBRACE statements RBRACE .)
    USIZE           reduce using rule 72 (for_stmt -> FOR assign_stmt IN expression LBRACE statements RBRACE .)
    ISIZE           reduce using rule 72 (for_stmt -> FOR assign_stmt IN expression LBRACE statements RBRACE .)
    STR_TYPE        reduce using rule 72 (for_stmt -> FOR assign_stmt IN expression LBRACE statements RBRACE .)
    BOOL_TYPE       reduce using rule 72 (for_stmt -> FOR assign_stmt IN expression LBRACE statements RBRACE .)
    INT_TYPE        reduce using rule 72 (for_stmt -> FOR assign_stmt IN expression LBRACE statements RBRACE .)
    CHAR_TYPE       reduce using rule 72 (for_stmt -> FOR assign_stmt IN expression LBRACE statements RBRACE .)
    VOID            reduce using rule 72 (for_stmt -> FOR assign_stmt IN expression LBRACE statements RBRACE .)
    $end            reduce using rule 72 (for_stmt -> FOR assign_stmt IN expression LBRACE statements RBRACE .)
    RBRACE          reduce using rule 72 (for_stmt -> FOR assign_stmt IN expression LBRACE statements RBRACE .)


state 202

    (80) procedure_stmt -> PROCEDURE IDENT LPAREN params_list RPAREN COLON type . block
    (78) block -> . LBRACE statements RBRACE
    (79) block -> . empty
    (110) empty -> .

  ! shift/reduce conflict for LBRACE resolved as shift
    LBRACE          shift and go to state 195
    IDENT           reduce using rule 110 (empty -> .)
    LPAREN          reduce using rule 110 (empty -> .)
    NOT             reduce using rule 110 (empty -> .)
    SUB             reduce using rule 110 (empty -> .)
    LBRACKET        reduce using rule 110 (empty -> .)
    SET             reduce using rule 110 (empty -> .)
    VAR             reduce using rule 110 (empty -> .)
    IF              reduce using rule 110 (empty -> .)
    WHILE           reduce using rule 110 (empty -> .)
    FOR             reduce using rule 110 (empty -> .)
    PROCEDURE       reduce using rule 110 (empty -> .)
    BREAK           reduce using rule 110 (empty -> .)
    CONTINUE        reduce using rule 110 (empty -> .)
    RETURN          reduce using rule 110 (empty -> .)
    SCAN            reduce using rule 110 (empty -> .)
    ONSCREEN        reduce using rule 110 (empty -> .)
    PASS            reduce using rule 110 (empty -> .)
    STR             reduce using rule 110 (empty -> .)
    INT             reduce using rule 110 (empty -> .)
    FLOAT           reduce using rule 110 (empty -> .)
    TRUE            reduce using rule 110 (empty -> .)
    FALSE           reduce using rule 110 (empty -> .)
    CHAR            reduce using rule 110 (empty -> .)
    I8              reduce using rule 110 (empty -> .)
    I16             reduce using rule 110 (empty -> .)
    I32             reduce using rule 110 (empty -> .)
    I64             reduce using rule 110 (empty -> .)
    U8              reduce using rule 110 (empty -> .)
    U16             reduce using rule 110 (empty -> .)
    U32             reduce using rule 110 (empty -> .)
    U64             reduce using rule 110 (empty -> .)
    F32             reduce using rule 110 (empty -> .)
    F64             reduce using rule 110 (empty -> .)
    USIZE           reduce using rule 110 (empty -> .)
    ISIZE           reduce using rule 110 (empty -> .)
    STR_TYPE        reduce using rule 110 (empty -> .)
    BOOL_TYPE       reduce using rule 110 (empty -> .)
    INT_TYPE        reduce using rule 110 (empty -> .)
    CHAR_TYPE       reduce using rule 110 (empty -> .)
    VOID            reduce using rule 110 (empty -> .)
    $end            reduce using rule 110 (empty -> .)
    RBRACE          reduce using rule 110 (empty -> .)

  ! LBRACE          [ reduce using rule 110 (empty -> .) ]

    block                          shift and go to state 207
    empty                          shift and go to state 196

state 203

    (78) block -> LBRACE statements . RBRACE
    (17) statements -> statements . statement
    (2) statement -> . expression optional_semicolon
    (3) statement -> . assign_stmt optional_semicolon
    (4) statement -> . if_stmt
    (5) statement -> . while_stmt
    (6) statement -> . for_stmt
    (7) statement -> . procedure_stmt
    (8) statement -> . break_stmt
    (9) statement -> . continue_stmt
    (10) statement -> . return_stmt
    (11) statement -> . scan_stmt
    (12) statement -> . onscreen_stmt
    (13) statement -> . call_stmt
    (14) statement -> . pass_stmt
    (15) statement -> . lambda_stmt
    (18) expression -> . literal
    (19) expression -> . IDENT
    (20) expression -> . LPAREN expression RPAREN
    (21) expression -> . LBRACE expression RBRACE
    (51) expression -> . expression ADD expression
    (52) expression -> . expression SUB expression
    (53) expression -> . expression MUL expression
    (54) expression -> . expression DIV expression
    (55) expression -> . expression MOD expression
    (56) expression -> . expression POW expression
    (57) expression -> . expression AND expression
    (58) expression -> . expression OR expression
    (59) expression -> . expression XOR expression
    (60) expression -> . expression NE expression
    (61) expression -> . expression EQ expression
    (62) expression -> . expression GT expression
    (63) expression -> . expression LT expression
    (64) expression -> . expression GE expression
    (65) expression -> . expression LE expression
    (66) expression -> . NOT expression
    (67) expression -> . SUB expression
    (92) expression -> . LBRACKET element_list RBRACKET optional_semicolon
    (93) expression -> . IDENT LBRACKET expression RBRACKET
    (107) expression -> . expression DOT IDENT
    (39) assign_stmt -> . SET IDENT ASSIGN expression
    (40) assign_stmt -> . SET expression ASSIGN expression
    (41) assign_stmt -> . VAR type IDENT ASSIGN expression
    (42) assign_stmt -> . VAR type IDENT
    (43) assign_stmt -> . VAR LBRACKET type COMMA INT RBRACKET IDENT ASSIGN expression
    (68) if_stmt -> . IF expression LBRACE statements RBRACE
    (69) if_stmt -> . IF expression LBRACE statements RBRACE ELSE LBRACE statements RBRACE
    (70) while_stmt -> . WHILE expression LBRACE statements RBRACE
    (71) for_stmt -> . FOR assign_stmt SEMICOLON expression SEMICOLON assign_stmt LBRACE statements RBRACE
    (72) for_stmt -> . FOR assign_stmt IN expression LBRACE statements RBRACE
    (73) for_stmt -> . FOR expression LBRACE statements RBRACE
    (80) procedure_stmt -> . PROCEDURE IDENT LPAREN params_list RPAREN COLON type block
    (81) procedure_stmt -> . PROCEDURE IDENT LPAREN params_list RPAREN block
    (82) break_stmt -> . BREAK optional_semicolon
    (83) continue_stmt -> . CONTINUE optional_semicolon
    (84) return_stmt -> . RETURN expression optional_semicolon
    (85) return_stmt -> . RETURN optional_semicolon
    (87) scan_stmt -> . SCAN LPAREN expression RPAREN optional_semicolon
    (86) onscreen_stmt -> . ONSCREEN LPAREN expression RPAREN optional_semicolon
    (99) call_stmt -> . IDENT LPAREN argument_list RPAREN optional_semicolon
    (100) pass_stmt -> . PASS optional_semicolon
    (101) lambda_stmt -> . type LPAREN argument_list RPAREN ARROW statement
    (44) literal -> . STR
    (45) literal -> . INT
    (46) literal -> . FLOAT
    (47) literal -> . TRUE
    (48) literal -> . FALSE
    (49) literal -> . CHAR
    (50) literal -> . IDENT
    (22) type -> . I8
    (23) type -> . I16
    (24) type -> . I32
    (25) type -> . I64
    (26) type -> . U8
    (27) type -> . U16
    (28) type -> . U32
    (29) type -> . U64
    (30) type -> . F32
    (31) type -> . F64
    (32) type -> . USIZE
    (33) type -> . ISIZE
    (34) type -> . STR_TYPE
    (35) type -> . BOOL_TYPE
    (36) type -> . INT_TYPE
    (37) type -> . CHAR_TYPE
    (38) type -> . VOID

    RBRACE          shift and go to state 208
    IDENT           shift and go to state 19
    LPAREN          shift and go to state 20
    LBRACE          shift and go to state 21
    NOT             shift and go to state 23
    SUB             shift and go to state 22
    LBRACKET        shift and go to state 24
    SET             shift and go to state 25
    VAR             shift and go to state 26
    IF              shift and go to state 29
    WHILE           shift and go to state 30
    FOR             shift and go to state 31
    PROCEDURE       shift and go to state 32
    BREAK           shift and go to state 33
    CONTINUE        shift and go to state 34
    RETURN          shift and go to state 35
    SCAN            shift and go to state 36
    ONSCREEN        shift and go to state 37
    PASS            shift and go to state 38
    STR             shift and go to state 39
    INT             shift and go to state 28
    FLOAT           shift and go to state 40
    TRUE            shift and go to state 41
    FALSE           shift and go to state 42
    CHAR            shift and go to state 43
    I8              shift and go to state 44
    I16             shift and go to state 45
    I32             shift and go to state 46
    I64             shift and go to state 47
    U8              shift and go to state 48
    U16             shift and go to state 49
    U32             shift and go to state 50
    U64             shift and go to state 51
    F32             shift and go to state 52
    F64             shift and go to state 53
    USIZE           shift and go to state 54
    ISIZE           shift and go to state 55
    STR_TYPE        shift and go to state 56
    BOOL_TYPE       shift and go to state 57
    INT_TYPE        shift and go to state 58
    CHAR_TYPE       shift and go to state 59
    VOID            shift and go to state 60

    statement                      shift and go to state 61
    expression                     shift and go to state 4
    assign_stmt                    shift and go to state 5
    if_stmt                        shift and go to state 6
    while_stmt                     shift and go to state 7
    for_stmt                       shift and go to state 8
    procedure_stmt                 shift and go to state 9
    break_stmt                     shift and go to state 10
    continue_stmt                  shift and go to state 11
    return_stmt                    shift and go to state 12
    scan_stmt                      shift and go to state 13
    onscreen_stmt                  shift and go to state 14
    call_stmt                      shift and go to state 15
    pass_stmt                      shift and go to state 16
    lambda_stmt                    shift and go to state 17
    literal                        shift and go to state 18
    type                           shift and go to state 27

state 204

    (43) assign_stmt -> VAR LBRACKET type COMMA INT RBRACKET IDENT ASSIGN . expression
    (18) expression -> . literal
    (19) expression -> . IDENT
    (20) expression -> . LPAREN expression RPAREN
    (21) expression -> . LBRACE expression RBRACE
    (51) expression -> . expression ADD expression
    (52) expression -> . expression SUB expression
    (53) expression -> . expression MUL expression
    (54) expression -> . expression DIV expression
    (55) expression -> . expression MOD expression
    (56) expression -> . expression POW expression
    (57) expression -> . expression AND expression
    (58) expression -> . expression OR expression
    (59) expression -> . expression XOR expression
    (60) expression -> . expression NE expression
    (61) expression -> . expression EQ expression
    (62) expression -> . expression GT expression
    (63) expression -> . expression LT expression
    (64) expression -> . expression GE expression
    (65) expression -> . expression LE expression
    (66) expression -> . NOT expression
    (67) expression -> . SUB expression
    (92) expression -> . LBRACKET element_list RBRACKET optional_semicolon
    (93) expression -> . IDENT LBRACKET expression RBRACKET
    (107) expression -> . expression DOT IDENT
    (44) literal -> . STR
    (45) literal -> . INT
    (46) literal -> . FLOAT
    (47) literal -> . TRUE
    (48) literal -> . FALSE
    (49) literal -> . CHAR
    (50) literal -> . IDENT

    IDENT           shift and go to state 85
    LPAREN          shift and go to state 20
    LBRACE          shift and go to state 21
    NOT             shift and go to state 23
    SUB             shift and go to state 22
    LBRACKET        shift and go to state 24
    STR             shift and go to state 39
    INT             shift and go to state 28
    FLOAT           shift and go to state 40
    TRUE            shift and go to state 41
    FALSE           shift and go to state 42
    CHAR            shift and go to state 43

    expression                     shift and go to state 209
    literal                        shift and go to state 18

state 205

    (69) if_stmt -> IF expression LBRACE statements RBRACE ELSE LBRACE statements . RBRACE
    (17) statements -> statements . statement
    (2) statement -> . expression optional_semicolon
    (3) statement -> . assign_stmt optional_semicolon
    (4) statement -> . if_stmt
    (5) statement -> . while_stmt
    (6) statement -> . for_stmt
    (7) statement -> . procedure_stmt
    (8) statement -> . break_stmt
    (9) statement -> . continue_stmt
    (10) statement -> . return_stmt
    (11) statement -> . scan_stmt
    (12) statement -> . onscreen_stmt
    (13) statement -> . call_stmt
    (14) statement -> . pass_stmt
    (15) statement -> . lambda_stmt
    (18) expression -> . literal
    (19) expression -> . IDENT
    (20) expression -> . LPAREN expression RPAREN
    (21) expression -> . LBRACE expression RBRACE
    (51) expression -> . expression ADD expression
    (52) expression -> . expression SUB expression
    (53) expression -> . expression MUL expression
    (54) expression -> . expression DIV expression
    (55) expression -> . expression MOD expression
    (56) expression -> . expression POW expression
    (57) expression -> . expression AND expression
    (58) expression -> . expression OR expression
    (59) expression -> . expression XOR expression
    (60) expression -> . expression NE expression
    (61) expression -> . expression EQ expression
    (62) expression -> . expression GT expression
    (63) expression -> . expression LT expression
    (64) expression -> . expression GE expression
    (65) expression -> . expression LE expression
    (66) expression -> . NOT expression
    (67) expression -> . SUB expression
    (92) expression -> . LBRACKET element_list RBRACKET optional_semicolon
    (93) expression -> . IDENT LBRACKET expression RBRACKET
    (107) expression -> . expression DOT IDENT
    (39) assign_stmt -> . SET IDENT ASSIGN expression
    (40) assign_stmt -> . SET expression ASSIGN expression
    (41) assign_stmt -> . VAR type IDENT ASSIGN expression
    (42) assign_stmt -> . VAR type IDENT
    (43) assign_stmt -> . VAR LBRACKET type COMMA INT RBRACKET IDENT ASSIGN expression
    (68) if_stmt -> . IF expression LBRACE statements RBRACE
    (69) if_stmt -> . IF expression LBRACE statements RBRACE ELSE LBRACE statements RBRACE
    (70) while_stmt -> . WHILE expression LBRACE statements RBRACE
    (71) for_stmt -> . FOR assign_stmt SEMICOLON expression SEMICOLON assign_stmt LBRACE statements RBRACE
    (72) for_stmt -> . FOR assign_stmt IN expression LBRACE statements RBRACE
    (73) for_stmt -> . FOR expression LBRACE statements RBRACE
    (80) procedure_stmt -> . PROCEDURE IDENT LPAREN params_list RPAREN COLON type block
    (81) procedure_stmt -> . PROCEDURE IDENT LPAREN params_list RPAREN block
    (82) break_stmt -> . BREAK optional_semicolon
    (83) continue_stmt -> . CONTINUE optional_semicolon
    (84) return_stmt -> . RETURN expression optional_semicolon
    (85) return_stmt -> . RETURN optional_semicolon
    (87) scan_stmt -> . SCAN LPAREN expression RPAREN optional_semicolon
    (86) onscreen_stmt -> . ONSCREEN LPAREN expression RPAREN optional_semicolon
    (99) call_stmt -> . IDENT LPAREN argument_list RPAREN optional_semicolon
    (100) pass_stmt -> . PASS optional_semicolon
    (101) lambda_stmt -> . type LPAREN argument_list RPAREN ARROW statement
    (44) literal -> . STR
    (45) literal -> . INT
    (46) literal -> . FLOAT
    (47) literal -> . TRUE
    (48) literal -> . FALSE
    (49) literal -> . CHAR
    (50) literal -> . IDENT
    (22) type -> . I8
    (23) type -> . I16
    (24) type -> . I32
    (25) type -> . I64
    (26) type -> . U8
    (27) type -> . U16
    (28) type -> . U32
    (29) type -> . U64
    (30) type -> . F32
    (31) type -> . F64
    (32) type -> . USIZE
    (33) type -> . ISIZE
    (34) type -> . STR_TYPE
    (35) type -> . BOOL_TYPE
    (36) type -> . INT_TYPE
    (37) type -> . CHAR_TYPE
    (38) type -> . VOID

    RBRACE          shift and go to state 210
    IDENT           shift and go to state 19
    LPAREN          shift and go to state 20
    LBRACE          shift and go to state 21
    NOT             shift and go to state 23
    SUB             shift and go to state 22
    LBRACKET        shift and go to state 24
    SET             shift and go to state 25
    VAR             shift and go to state 26
    IF              shift and go to state 29
    WHILE           shift and go to state 30
    FOR             shift and go to state 31
    PROCEDURE       shift and go to state 32
    BREAK           shift and go to state 33
    CONTINUE        shift and go to state 34
    RETURN          shift and go to state 35
    SCAN            shift and go to state 36
    ONSCREEN        shift and go to state 37
    PASS            shift and go to state 38
    STR             shift and go to state 39
    INT             shift and go to state 28
    FLOAT           shift and go to state 40
    TRUE            shift and go to state 41
    FALSE           shift and go to state 42
    CHAR            shift and go to state 43
    I8              shift and go to state 44
    I16             shift and go to state 45
    I32             shift and go to state 46
    I64             shift and go to state 47
    U8              shift and go to state 48
    U16             shift and go to state 49
    U32             shift and go to state 50
    U64             shift and go to state 51
    F32             shift and go to state 52
    F64             shift and go to state 53
    USIZE           shift and go to state 54
    ISIZE           shift and go to state 55
    STR_TYPE        shift and go to state 56
    BOOL_TYPE       shift and go to state 57
    INT_TYPE        shift and go to state 58
    CHAR_TYPE       shift and go to state 59
    VOID            shift and go to state 60

    expression                     shift and go to state 4
    statement                      shift and go to state 61
    assign_stmt                    shift and go to state 5
    if_stmt                        shift and go to state 6
    while_stmt                     shift and go to state 7
    for_stmt                       shift and go to state 8
    procedure_stmt                 shift and go to state 9
    break_stmt                     shift and go to state 10
    continue_stmt                  shift and go to state 11
    return_stmt                    shift and go to state 12
    scan_stmt                      shift and go to state 13
    onscreen_stmt                  shift and go to state 14
    call_stmt                      shift and go to state 15
    pass_stmt                      shift and go to state 16
    lambda_stmt                    shift and go to state 17
    literal                        shift and go to state 18
    type                           shift and go to state 27

state 206

    (71) for_stmt -> FOR assign_stmt SEMICOLON expression SEMICOLON assign_stmt LBRACE statements . RBRACE
    (17) statements -> statements . statement
    (2) statement -> . expression optional_semicolon
    (3) statement -> . assign_stmt optional_semicolon
    (4) statement -> . if_stmt
    (5) statement -> . while_stmt
    (6) statement -> . for_stmt
    (7) statement -> . procedure_stmt
    (8) statement -> . break_stmt
    (9) statement -> . continue_stmt
    (10) statement -> . return_stmt
    (11) statement -> . scan_stmt
    (12) statement -> . onscreen_stmt
    (13) statement -> . call_stmt
    (14) statement -> . pass_stmt
    (15) statement -> . lambda_stmt
    (18) expression -> . literal
    (19) expression -> . IDENT
    (20) expression -> . LPAREN expression RPAREN
    (21) expression -> . LBRACE expression RBRACE
    (51) expression -> . expression ADD expression
    (52) expression -> . expression SUB expression
    (53) expression -> . expression MUL expression
    (54) expression -> . expression DIV expression
    (55) expression -> . expression MOD expression
    (56) expression -> . expression POW expression
    (57) expression -> . expression AND expression
    (58) expression -> . expression OR expression
    (59) expression -> . expression XOR expression
    (60) expression -> . expression NE expression
    (61) expression -> . expression EQ expression
    (62) expression -> . expression GT expression
    (63) expression -> . expression LT expression
    (64) expression -> . expression GE expression
    (65) expression -> . expression LE expression
    (66) expression -> . NOT expression
    (67) expression -> . SUB expression
    (92) expression -> . LBRACKET element_list RBRACKET optional_semicolon
    (93) expression -> . IDENT LBRACKET expression RBRACKET
    (107) expression -> . expression DOT IDENT
    (39) assign_stmt -> . SET IDENT ASSIGN expression
    (40) assign_stmt -> . SET expression ASSIGN expression
    (41) assign_stmt -> . VAR type IDENT ASSIGN expression
    (42) assign_stmt -> . VAR type IDENT
    (43) assign_stmt -> . VAR LBRACKET type COMMA INT RBRACKET IDENT ASSIGN expression
    (68) if_stmt -> . IF expression LBRACE statements RBRACE
    (69) if_stmt -> . IF expression LBRACE statements RBRACE ELSE LBRACE statements RBRACE
    (70) while_stmt -> . WHILE expression LBRACE statements RBRACE
    (71) for_stmt -> . FOR assign_stmt SEMICOLON expression SEMICOLON assign_stmt LBRACE statements RBRACE
    (72) for_stmt -> . FOR assign_stmt IN expression LBRACE statements RBRACE
    (73) for_stmt -> . FOR expression LBRACE statements RBRACE
    (80) procedure_stmt -> . PROCEDURE IDENT LPAREN params_list RPAREN COLON type block
    (81) procedure_stmt -> . PROCEDURE IDENT LPAREN params_list RPAREN block
    (82) break_stmt -> . BREAK optional_semicolon
    (83) continue_stmt -> . CONTINUE optional_semicolon
    (84) return_stmt -> . RETURN expression optional_semicolon
    (85) return_stmt -> . RETURN optional_semicolon
    (87) scan_stmt -> . SCAN LPAREN expression RPAREN optional_semicolon
    (86) onscreen_stmt -> . ONSCREEN LPAREN expression RPAREN optional_semicolon
    (99) call_stmt -> . IDENT LPAREN argument_list RPAREN optional_semicolon
    (100) pass_stmt -> . PASS optional_semicolon
    (101) lambda_stmt -> . type LPAREN argument_list RPAREN ARROW statement
    (44) literal -> . STR
    (45) literal -> . INT
    (46) literal -> . FLOAT
    (47) literal -> . TRUE
    (48) literal -> . FALSE
    (49) literal -> . CHAR
    (50) literal -> . IDENT
    (22) type -> . I8
    (23) type -> . I16
    (24) type -> . I32
    (25) type -> . I64
    (26) type -> . U8
    (27) type -> . U16
    (28) type -> . U32
    (29) type -> . U64
    (30) type -> . F32
    (31) type -> . F64
    (32) type -> . USIZE
    (33) type -> . ISIZE
    (34) type -> . STR_TYPE
    (35) type -> . BOOL_TYPE
    (36) type -> . INT_TYPE
    (37) type -> . CHAR_TYPE
    (38) type -> . VOID

    RBRACE          shift and go to state 211
    IDENT           shift and go to state 19
    LPAREN          shift and go to state 20
    LBRACE          shift and go to state 21
    NOT             shift and go to state 23
    SUB             shift and go to state 22
    LBRACKET        shift and go to state 24
    SET             shift and go to state 25
    VAR             shift and go to state 26
    IF              shift and go to state 29
    WHILE           shift and go to state 30
    FOR             shift and go to state 31
    PROCEDURE       shift and go to state 32
    BREAK           shift and go to state 33
    CONTINUE        shift and go to state 34
    RETURN          shift and go to state 35
    SCAN            shift and go to state 36
    ONSCREEN        shift and go to state 37
    PASS            shift and go to state 38
    STR             shift and go to state 39
    INT             shift and go to state 28
    FLOAT           shift and go to state 40
    TRUE            shift and go to state 41
    FALSE           shift and go to state 42
    CHAR            shift and go to state 43
    I8              shift and go to state 44
    I16             shift and go to state 45
    I32             shift and go to state 46
    I64             shift and go to state 47
    U8              shift and go to state 48
    U16             shift and go to state 49
    U32             shift and go to state 50
    U64             shift and go to state 51
    F32             shift and go to state 52
    F64             shift and go to state 53
    USIZE           shift and go to state 54
    ISIZE           shift and go to state 55
    STR_TYPE        shift and go to state 56
    BOOL_TYPE       shift and go to state 57
    INT_TYPE        shift and go to state 58
    CHAR_TYPE       shift and go to state 59
    VOID            shift and go to state 60

    assign_stmt                    shift and go to state 5
    expression                     shift and go to state 4
    statement                      shift and go to state 61
    if_stmt                        shift and go to state 6
    while_stmt                     shift and go to state 7
    for_stmt                       shift and go to state 8
    procedure_stmt                 shift and go to state 9
    break_stmt                     shift and go to state 10
    continue_stmt                  shift and go to state 11
    return_stmt                    shift and go to state 12
    scan_stmt                      shift and go to state 13
    onscreen_stmt                  shift and go to state 14
    call_stmt                      shift and go to state 15
    pass_stmt                      shift and go to state 16
    lambda_stmt                    shift and go to state 17
    literal                        shift and go to state 18
    type                           shift and go to state 27

state 207

    (80) procedure_stmt -> PROCEDURE IDENT LPAREN params_list RPAREN COLON type block .

    IDENT           reduce using rule 80 (procedure_stmt -> PROCEDURE IDENT LPAREN params_list RPAREN COLON type block .)
    LPAREN          reduce using rule 80 (procedure_stmt -> PROCEDURE IDENT LPAREN params_list RPAREN COLON type block .)
    LBRACE          reduce using rule 80 (procedure_stmt -> PROCEDURE IDENT LPAREN params_list RPAREN COLON type block .)
    NOT             reduce using rule 80 (procedure_stmt -> PROCEDURE IDENT LPAREN params_list RPAREN COLON type block .)
    SUB             reduce using rule 80 (procedure_stmt -> PROCEDURE IDENT LPAREN params_list RPAREN COLON type block .)
    LBRACKET        reduce using rule 80 (procedure_stmt -> PROCEDURE IDENT LPAREN params_list RPAREN COLON type block .)
    SET             reduce using rule 80 (procedure_stmt -> PROCEDURE IDENT LPAREN params_list RPAREN COLON type block .)
    VAR             reduce using rule 80 (procedure_stmt -> PROCEDURE IDENT LPAREN params_list RPAREN COLON type block .)
    IF              reduce using rule 80 (procedure_stmt -> PROCEDURE IDENT LPAREN params_list RPAREN COLON type block .)
    WHILE           reduce using rule 80 (procedure_stmt -> PROCEDURE IDENT LPAREN params_list RPAREN COLON type block .)
    FOR             reduce using rule 80 (procedure_stmt -> PROCEDURE IDENT LPAREN params_list RPAREN COLON type block .)
    PROCEDURE       reduce using rule 80 (procedure_stmt -> PROCEDURE IDENT LPAREN params_list RPAREN COLON type block .)
    BREAK           reduce using rule 80 (procedure_stmt -> PROCEDURE IDENT LPAREN params_list RPAREN COLON type block .)
    CONTINUE        reduce using rule 80 (procedure_stmt -> PROCEDURE IDENT LPAREN params_list RPAREN COLON type block .)
    RETURN          reduce using rule 80 (procedure_stmt -> PROCEDURE IDENT LPAREN params_list RPAREN COLON type block .)
    SCAN            reduce using rule 80 (procedure_stmt -> PROCEDURE IDENT LPAREN params_list RPAREN COLON type block .)
    ONSCREEN        reduce using rule 80 (procedure_stmt -> PROCEDURE IDENT LPAREN params_list RPAREN COLON type block .)
    PASS            reduce using rule 80 (procedure_stmt -> PROCEDURE IDENT LPAREN params_list RPAREN COLON type block .)
    STR             reduce using rule 80 (procedure_stmt -> PROCEDURE IDENT LPAREN params_list RPAREN COLON type block .)
    INT             reduce using rule 80 (procedure_stmt -> PROCEDURE IDENT LPAREN params_list RPAREN COLON type block .)
    FLOAT           reduce using rule 80 (procedure_stmt -> PROCEDURE IDENT LPAREN params_list RPAREN COLON type block .)
    TRUE            reduce using rule 80 (procedure_stmt -> PROCEDURE IDENT LPAREN params_list RPAREN COLON type block .)
    FALSE           reduce using rule 80 (procedure_stmt -> PROCEDURE IDENT LPAREN params_list RPAREN COLON type block .)
    CHAR            reduce using rule 80 (procedure_stmt -> PROCEDURE IDENT LPAREN params_list RPAREN COLON type block .)
    I8              reduce using rule 80 (procedure_stmt -> PROCEDURE IDENT LPAREN params_list RPAREN COLON type block .)
    I16             reduce using rule 80 (procedure_stmt -> PROCEDURE IDENT LPAREN params_list RPAREN COLON type block .)
    I32             reduce using rule 80 (procedure_stmt -> PROCEDURE IDENT LPAREN params_list RPAREN COLON type block .)
    I64             reduce using rule 80 (procedure_stmt -> PROCEDURE IDENT LPAREN params_list RPAREN COLON type block .)
    U8              reduce using rule 80 (procedure_stmt -> PROCEDURE IDENT LPAREN params_list RPAREN COLON type block .)
    U16             reduce using rule 80 (procedure_stmt -> PROCEDURE IDENT LPAREN params_list RPAREN COLON type block .)
    U32             reduce using rule 80 (procedure_stmt -> PROCEDURE IDENT LPAREN params_list RPAREN COLON type block .)
    U64             reduce using rule 80 (procedure_stmt -> PROCEDURE IDENT LPAREN params_list RPAREN COLON type block .)
    F32             reduce using rule 80 (procedure_stmt -> PROCEDURE IDENT LPAREN params_list RPAREN COLON type block .)
    F64             reduce using rule 80 (procedure_stmt -> PROCEDURE IDENT LPAREN params_list RPAREN COLON type block .)
    USIZE           reduce using rule 80 (procedure_stmt -> PROCEDURE IDENT LPAREN params_list RPAREN COLON type block .)
    ISIZE           reduce using rule 80 (procedure_stmt -> PROCEDURE IDENT LPAREN params_list RPAREN COLON type block .)
    STR_TYPE        reduce using rule 80 (procedure_stmt -> PROCEDURE IDENT LPAREN params_list RPAREN COLON type block .)
    BOOL_TYPE       reduce using rule 80 (procedure_stmt -> PROCEDURE IDENT LPAREN params_list RPAREN COLON type block .)
    INT_TYPE        reduce using rule 80 (procedure_stmt -> PROCEDURE IDENT LPAREN params_list RPAREN COLON type block .)
    CHAR_TYPE       reduce using rule 80 (procedure_stmt -> PROCEDURE IDENT LPAREN params_list RPAREN COLON type block .)
    VOID            reduce using rule 80 (procedure_stmt -> PROCEDURE IDENT LPAREN params_list RPAREN COLON type block .)
    $end            reduce using rule 80 (procedure_stmt -> PROCEDURE IDENT LPAREN params_list RPAREN COLON type block .)
    RBRACE          reduce using rule 80 (procedure_stmt -> PROCEDURE IDENT LPAREN params_list RPAREN COLON type block .)


state 208

    (78) block -> LBRACE statements RBRACE .

    IDENT           reduce using rule 78 (block -> LBRACE statements RBRACE .)
    LPAREN          reduce using rule 78 (block -> LBRACE statements RBRACE .)
    LBRACE          reduce using rule 78 (block -> LBRACE statements RBRACE .)
    NOT             reduce using rule 78 (block -> LBRACE statements RBRACE .)
    SUB             reduce using rule 78 (block -> LBRACE statements RBRACE .)
    LBRACKET        reduce using rule 78 (block -> LBRACE statements RBRACE .)
    SET             reduce using rule 78 (block -> LBRACE statements RBRACE .)
    VAR             reduce using rule 78 (block -> LBRACE statements RBRACE .)
    IF              reduce using rule 78 (block -> LBRACE statements RBRACE .)
    WHILE           reduce using rule 78 (block -> LBRACE statements RBRACE .)
    FOR             reduce using rule 78 (block -> LBRACE statements RBRACE .)
    PROCEDURE       reduce using rule 78 (block -> LBRACE statements RBRACE .)
    BREAK           reduce using rule 78 (block -> LBRACE statements RBRACE .)
    CONTINUE        reduce using rule 78 (block -> LBRACE statements RBRACE .)
    RETURN          reduce using rule 78 (block -> LBRACE statements RBRACE .)
    SCAN            reduce using rule 78 (block -> LBRACE statements RBRACE .)
    ONSCREEN        reduce using rule 78 (block -> LBRACE statements RBRACE .)
    PASS            reduce using rule 78 (block -> LBRACE statements RBRACE .)
    STR             reduce using rule 78 (block -> LBRACE statements RBRACE .)
    INT             reduce using rule 78 (block -> LBRACE statements RBRACE .)
    FLOAT           reduce using rule 78 (block -> LBRACE statements RBRACE .)
    TRUE            reduce using rule 78 (block -> LBRACE statements RBRACE .)
    FALSE           reduce using rule 78 (block -> LBRACE statements RBRACE .)
    CHAR            reduce using rule 78 (block -> LBRACE statements RBRACE .)
    I8              reduce using rule 78 (block -> LBRACE statements RBRACE .)
    I16             reduce using rule 78 (block -> LBRACE statements RBRACE .)
    I32             reduce using rule 78 (block -> LBRACE statements RBRACE .)
    I64             reduce using rule 78 (block -> LBRACE statements RBRACE .)
    U8              reduce using rule 78 (block -> LBRACE statements RBRACE .)
    U16             reduce using rule 78 (block -> LBRACE statements RBRACE .)
    U32             reduce using rule 78 (block -> LBRACE statements RBRACE .)
    U64             reduce using rule 78 (block -> LBRACE statements RBRACE .)
    F32             reduce using rule 78 (block -> LBRACE statements RBRACE .)
    F64             reduce using rule 78 (block -> LBRACE statements RBRACE .)
    USIZE           reduce using rule 78 (block -> LBRACE statements RBRACE .)
    ISIZE           reduce using rule 78 (block -> LBRACE statements RBRACE .)
    STR_TYPE        reduce using rule 78 (block -> LBRACE statements RBRACE .)
    BOOL_TYPE       reduce using rule 78 (block -> LBRACE statements RBRACE .)
    INT_TYPE        reduce using rule 78 (block -> LBRACE statements RBRACE .)
    CHAR_TYPE       reduce using rule 78 (block -> LBRACE statements RBRACE .)
    VOID            reduce using rule 78 (block -> LBRACE statements RBRACE .)
    $end            reduce using rule 78 (block -> LBRACE statements RBRACE .)
    RBRACE          reduce using rule 78 (block -> LBRACE statements RBRACE .)


state 209

    (43) assign_stmt -> VAR LBRACKET type COMMA INT RBRACKET IDENT ASSIGN expression .
    (51) expression -> expression . ADD expression
    (52) expression -> expression . SUB expression
    (53) expression -> expression . MUL expression
    (54) expression -> expression . DIV expression
    (55) expression -> expression . MOD expression
    (56) expression -> expression . POW expression
    (57) expression -> expression . AND expression
    (58) expression -> expression . OR expression
    (59) expression -> expression . XOR expression
    (60) expression -> expression . NE expression
    (61) expression -> expression . EQ expression
    (62) expression -> expression . GT expression
    (63) expression -> expression . LT expression
    (64) expression -> expression . GE expression
    (65) expression -> expression . LE expression
    (107) expression -> expression . DOT IDENT

  ! shift/reduce conflict for SUB resolved as shift
    SEMICOLON       reduce using rule 43 (assign_stmt -> VAR LBRACKET type COMMA INT RBRACKET IDENT ASSIGN expression .)
    IDENT           reduce using rule 43 (assign_stmt -> VAR LBRACKET type COMMA INT RBRACKET IDENT ASSIGN expression .)
    LPAREN          reduce using rule 43 (assign_stmt -> VAR LBRACKET type COMMA INT RBRACKET IDENT ASSIGN expression .)
    LBRACE          reduce using rule 43 (assign_stmt -> VAR LBRACKET type COMMA INT RBRACKET IDENT ASSIGN expression .)
    NOT             reduce using rule 43 (assign_stmt -> VAR LBRACKET type COMMA INT RBRACKET IDENT ASSIGN expression .)
    LBRACKET        reduce using rule 43 (assign_stmt -> VAR LBRACKET type COMMA INT RBRACKET IDENT ASSIGN expression .)
    SET             reduce using rule 43 (assign_stmt -> VAR LBRACKET type COMMA INT RBRACKET IDENT ASSIGN expression .)
    VAR             reduce using rule 43 (assign_stmt -> VAR LBRACKET type COMMA INT RBRACKET IDENT ASSIGN expression .)
    IF              reduce using rule 43 (assign_stmt -> VAR LBRACKET type COMMA INT RBRACKET IDENT ASSIGN expression .)
    WHILE           reduce using rule 43 (assign_stmt -> VAR LBRACKET type COMMA INT RBRACKET IDENT ASSIGN expression .)
    FOR             reduce using rule 43 (assign_stmt -> VAR LBRACKET type COMMA INT RBRACKET IDENT ASSIGN expression .)
    PROCEDURE       reduce using rule 43 (assign_stmt -> VAR LBRACKET type COMMA INT RBRACKET IDENT ASSIGN expression .)
    BREAK           reduce using rule 43 (assign_stmt -> VAR LBRACKET type COMMA INT RBRACKET IDENT ASSIGN expression .)
    CONTINUE        reduce using rule 43 (assign_stmt -> VAR LBRACKET type COMMA INT RBRACKET IDENT ASSIGN expression .)
    RETURN          reduce using rule 43 (assign_stmt -> VAR LBRACKET type COMMA INT RBRACKET IDENT ASSIGN expression .)
    SCAN            reduce using rule 43 (assign_stmt -> VAR LBRACKET type COMMA INT RBRACKET IDENT ASSIGN expression .)
    ONSCREEN        reduce using rule 43 (assign_stmt -> VAR LBRACKET type COMMA INT RBRACKET IDENT ASSIGN expression .)
    PASS            reduce using rule 43 (assign_stmt -> VAR LBRACKET type COMMA INT RBRACKET IDENT ASSIGN expression .)
    STR             reduce using rule 43 (assign_stmt -> VAR LBRACKET type COMMA INT RBRACKET IDENT ASSIGN expression .)
    INT             reduce using rule 43 (assign_stmt -> VAR LBRACKET type COMMA INT RBRACKET IDENT ASSIGN expression .)
    FLOAT           reduce using rule 43 (assign_stmt -> VAR LBRACKET type COMMA INT RBRACKET IDENT ASSIGN expression .)
    TRUE            reduce using rule 43 (assign_stmt -> VAR LBRACKET type COMMA INT RBRACKET IDENT ASSIGN expression .)
    FALSE           reduce using rule 43 (assign_stmt -> VAR LBRACKET type COMMA INT RBRACKET IDENT ASSIGN expression .)
    CHAR            reduce using rule 43 (assign_stmt -> VAR LBRACKET type COMMA INT RBRACKET IDENT ASSIGN expression .)
    I8              reduce using rule 43 (assign_stmt -> VAR LBRACKET type COMMA INT RBRACKET IDENT ASSIGN expression .)
    I16             reduce using rule 43 (assign_stmt -> VAR LBRACKET type COMMA INT RBRACKET IDENT ASSIGN expression .)
    I32             reduce using rule 43 (assign_stmt -> VAR LBRACKET type COMMA INT RBRACKET IDENT ASSIGN expression .)
    I64             reduce using rule 43 (assign_stmt -> VAR LBRACKET type COMMA INT RBRACKET IDENT ASSIGN expression .)
    U8              reduce using rule 43 (assign_stmt -> VAR LBRACKET type COMMA INT RBRACKET IDENT ASSIGN expression .)
    U16             reduce using rule 43 (assign_stmt -> VAR LBRACKET type COMMA INT RBRACKET IDENT ASSIGN expression .)
    U32             reduce using rule 43 (assign_stmt -> VAR LBRACKET type COMMA INT RBRACKET IDENT ASSIGN expression .)
    U64             reduce using rule 43 (assign_stmt -> VAR LBRACKET type COMMA INT RBRACKET IDENT ASSIGN expression .)
    F32             reduce using rule 43 (assign_stmt -> VAR LBRACKET type COMMA INT RBRACKET IDENT ASSIGN expression .)
    F64             reduce using rule 43 (assign_stmt -> VAR LBRACKET type COMMA INT RBRACKET IDENT ASSIGN expression .)
    USIZE           reduce using rule 43 (assign_stmt -> VAR LBRACKET type COMMA INT RBRACKET IDENT ASSIGN expression .)
    ISIZE           reduce using rule 43 (assign_stmt -> VAR LBRACKET type COMMA INT RBRACKET IDENT ASSIGN expression .)
    STR_TYPE        reduce using rule 43 (assign_stmt -> VAR LBRACKET type COMMA INT RBRACKET IDENT ASSIGN expression .)
    BOOL_TYPE       reduce using rule 43 (assign_stmt -> VAR LBRACKET type COMMA INT RBRACKET IDENT ASSIGN expression .)
    INT_TYPE        reduce using rule 43 (assign_stmt -> VAR LBRACKET type COMMA INT RBRACKET IDENT ASSIGN expression .)
    CHAR_TYPE       reduce using rule 43 (assign_stmt -> VAR LBRACKET type COMMA INT RBRACKET IDENT ASSIGN expression .)
    VOID            reduce using rule 43 (assign_stmt -> VAR LBRACKET type COMMA INT RBRACKET IDENT ASSIGN expression .)
    $end            reduce using rule 43 (assign_stmt -> VAR LBRACKET type COMMA INT RBRACKET IDENT ASSIGN expression .)
    IN              reduce using rule 43 (assign_stmt -> VAR LBRACKET type COMMA INT RBRACKET IDENT ASSIGN expression .)
    RBRACE          reduce using rule 43 (assign_stmt -> VAR LBRACKET type COMMA INT RBRACKET IDENT ASSIGN expression .)
    ADD             shift and go to state 63
    SUB             shift and go to state 64
    MUL             shift and go to state 65
    DIV             shift and go to state 66
    MOD             shift and go to state 67
    POW             shift and go to state 68
    AND             shift and go to state 69
    OR              shift and go to state 70
    XOR             shift and go to state 71
    NE              shift and go to state 72
    EQ              shift and go to state 73
    GT              shift and go to state 74
    LT              shift and go to state 75
    GE              shift and go to state 76
    LE              shift and go to state 77
    DOT             shift and go to state 78

  ! SUB             [ reduce using rule 43 (assign_stmt -> VAR LBRACKET type COMMA INT RBRACKET IDENT ASSIGN expression .) ]


state 210

    (69) if_stmt -> IF expression LBRACE statements RBRACE ELSE LBRACE statements RBRACE .

    IDENT           reduce using rule 69 (if_stmt -> IF expression LBRACE statements RBRACE ELSE LBRACE statements RBRACE .)
    LPAREN          reduce using rule 69 (if_stmt -> IF expression LBRACE statements RBRACE ELSE LBRACE statements RBRACE .)
    LBRACE          reduce using rule 69 (if_stmt -> IF expression LBRACE statements RBRACE ELSE LBRACE statements RBRACE .)
    NOT             reduce using rule 69 (if_stmt -> IF expression LBRACE statements RBRACE ELSE LBRACE statements RBRACE .)
    SUB             reduce using rule 69 (if_stmt -> IF expression LBRACE statements RBRACE ELSE LBRACE statements RBRACE .)
    LBRACKET        reduce using rule 69 (if_stmt -> IF expression LBRACE statements RBRACE ELSE LBRACE statements RBRACE .)
    SET             reduce using rule 69 (if_stmt -> IF expression LBRACE statements RBRACE ELSE LBRACE statements RBRACE .)
    VAR             reduce using rule 69 (if_stmt -> IF expression LBRACE statements RBRACE ELSE LBRACE statements RBRACE .)
    IF              reduce using rule 69 (if_stmt -> IF expression LBRACE statements RBRACE ELSE LBRACE statements RBRACE .)
    WHILE           reduce using rule 69 (if_stmt -> IF expression LBRACE statements RBRACE ELSE LBRACE statements RBRACE .)
    FOR             reduce using rule 69 (if_stmt -> IF expression LBRACE statements RBRACE ELSE LBRACE statements RBRACE .)
    PROCEDURE       reduce using rule 69 (if_stmt -> IF expression LBRACE statements RBRACE ELSE LBRACE statements RBRACE .)
    BREAK           reduce using rule 69 (if_stmt -> IF expression LBRACE statements RBRACE ELSE LBRACE statements RBRACE .)
    CONTINUE        reduce using rule 69 (if_stmt -> IF expression LBRACE statements RBRACE ELSE LBRACE statements RBRACE .)
    RETURN          reduce using rule 69 (if_stmt -> IF expression LBRACE statements RBRACE ELSE LBRACE statements RBRACE .)
    SCAN            reduce using rule 69 (if_stmt -> IF expression LBRACE statements RBRACE ELSE LBRACE statements RBRACE .)
    ONSCREEN        reduce using rule 69 (if_stmt -> IF expression LBRACE statements RBRACE ELSE LBRACE statements RBRACE .)
    PASS            reduce using rule 69 (if_stmt -> IF expression LBRACE statements RBRACE ELSE LBRACE statements RBRACE .)
    STR             reduce using rule 69 (if_stmt -> IF expression LBRACE statements RBRACE ELSE LBRACE statements RBRACE .)
    INT             reduce using rule 69 (if_stmt -> IF expression LBRACE statements RBRACE ELSE LBRACE statements RBRACE .)
    FLOAT           reduce using rule 69 (if_stmt -> IF expression LBRACE statements RBRACE ELSE LBRACE statements RBRACE .)
    TRUE            reduce using rule 69 (if_stmt -> IF expression LBRACE statements RBRACE ELSE LBRACE statements RBRACE .)
    FALSE           reduce using rule 69 (if_stmt -> IF expression LBRACE statements RBRACE ELSE LBRACE statements RBRACE .)
    CHAR            reduce using rule 69 (if_stmt -> IF expression LBRACE statements RBRACE ELSE LBRACE statements RBRACE .)
    I8              reduce using rule 69 (if_stmt -> IF expression LBRACE statements RBRACE ELSE LBRACE statements RBRACE .)
    I16             reduce using rule 69 (if_stmt -> IF expression LBRACE statements RBRACE ELSE LBRACE statements RBRACE .)
    I32             reduce using rule 69 (if_stmt -> IF expression LBRACE statements RBRACE ELSE LBRACE statements RBRACE .)
    I64             reduce using rule 69 (if_stmt -> IF expression LBRACE statements RBRACE ELSE LBRACE statements RBRACE .)
    U8              reduce using rule 69 (if_stmt -> IF expression LBRACE statements RBRACE ELSE LBRACE statements RBRACE .)
    U16             reduce using rule 69 (if_stmt -> IF expression LBRACE statements RBRACE ELSE LBRACE statements RBRACE .)
    U32             reduce using rule 69 (if_stmt -> IF expression LBRACE statements RBRACE ELSE LBRACE statements RBRACE .)
    U64             reduce using rule 69 (if_stmt -> IF expression LBRACE statements RBRACE ELSE LBRACE statements RBRACE .)
    F32             reduce using rule 69 (if_stmt -> IF expression LBRACE statements RBRACE ELSE LBRACE statements RBRACE .)
    F64             reduce using rule 69 (if_stmt -> IF expression LBRACE statements RBRACE ELSE LBRACE statements RBRACE .)
    USIZE           reduce using rule 69 (if_stmt -> IF expression LBRACE statements RBRACE ELSE LBRACE statements RBRACE .)
    ISIZE           reduce using rule 69 (if_stmt -> IF expression LBRACE statements RBRACE ELSE LBRACE statements RBRACE .)
    STR_TYPE        reduce using rule 69 (if_stmt -> IF expression LBRACE statements RBRACE ELSE LBRACE statements RBRACE .)
    BOOL_TYPE       reduce using rule 69 (if_stmt -> IF expression LBRACE statements RBRACE ELSE LBRACE statements RBRACE .)
    INT_TYPE        reduce using rule 69 (if_stmt -> IF expression LBRACE statements RBRACE ELSE LBRACE statements RBRACE .)
    CHAR_TYPE       reduce using rule 69 (if_stmt -> IF expression LBRACE statements RBRACE ELSE LBRACE statements RBRACE .)
    VOID            reduce using rule 69 (if_stmt -> IF expression LBRACE statements RBRACE ELSE LBRACE statements RBRACE .)
    $end            reduce using rule 69 (if_stmt -> IF expression LBRACE statements RBRACE ELSE LBRACE statements RBRACE .)
    RBRACE          reduce using rule 69 (if_stmt -> IF expression LBRACE statements RBRACE ELSE LBRACE statements RBRACE .)


state 211

    (71) for_stmt -> FOR assign_stmt SEMICOLON expression SEMICOLON assign_stmt LBRACE statements RBRACE .

    IDENT           reduce using rule 71 (for_stmt -> FOR assign_stmt SEMICOLON expression SEMICOLON assign_stmt LBRACE statements RBRACE .)
    LPAREN          reduce using rule 71 (for_stmt -> FOR assign_stmt SEMICOLON expression SEMICOLON assign_stmt LBRACE statements RBRACE .)
    LBRACE          reduce using rule 71 (for_stmt -> FOR assign_stmt SEMICOLON expression SEMICOLON assign_stmt LBRACE statements RBRACE .)
    NOT             reduce using rule 71 (for_stmt -> FOR assign_stmt SEMICOLON expression SEMICOLON assign_stmt LBRACE statements RBRACE .)
    SUB             reduce using rule 71 (for_stmt -> FOR assign_stmt SEMICOLON expression SEMICOLON assign_stmt LBRACE statements RBRACE .)
    LBRACKET        reduce using rule 71 (for_stmt -> FOR assign_stmt SEMICOLON expression SEMICOLON assign_stmt LBRACE statements RBRACE .)
    SET             reduce using rule 71 (for_stmt -> FOR assign_stmt SEMICOLON expression SEMICOLON assign_stmt LBRACE statements RBRACE .)
    VAR             reduce using rule 71 (for_stmt -> FOR assign_stmt SEMICOLON expression SEMICOLON assign_stmt LBRACE statements RBRACE .)
    IF              reduce using rule 71 (for_stmt -> FOR assign_stmt SEMICOLON expression SEMICOLON assign_stmt LBRACE statements RBRACE .)
    WHILE           reduce using rule 71 (for_stmt -> FOR assign_stmt SEMICOLON expression SEMICOLON assign_stmt LBRACE statements RBRACE .)
    FOR             reduce using rule 71 (for_stmt -> FOR assign_stmt SEMICOLON expression SEMICOLON assign_stmt LBRACE statements RBRACE .)
    PROCEDURE       reduce using rule 71 (for_stmt -> FOR assign_stmt SEMICOLON expression SEMICOLON assign_stmt LBRACE statements RBRACE .)
    BREAK           reduce using rule 71 (for_stmt -> FOR assign_stmt SEMICOLON expression SEMICOLON assign_stmt LBRACE statements RBRACE .)
    CONTINUE        reduce using rule 71 (for_stmt -> FOR assign_stmt SEMICOLON expression SEMICOLON assign_stmt LBRACE statements RBRACE .)
    RETURN          reduce using rule 71 (for_stmt -> FOR assign_stmt SEMICOLON expression SEMICOLON assign_stmt LBRACE statements RBRACE .)
    SCAN            reduce using rule 71 (for_stmt -> FOR assign_stmt SEMICOLON expression SEMICOLON assign_stmt LBRACE statements RBRACE .)
    ONSCREEN        reduce using rule 71 (for_stmt -> FOR assign_stmt SEMICOLON expression SEMICOLON assign_stmt LBRACE statements RBRACE .)
    PASS            reduce using rule 71 (for_stmt -> FOR assign_stmt SEMICOLON expression SEMICOLON assign_stmt LBRACE statements RBRACE .)
    STR             reduce using rule 71 (for_stmt -> FOR assign_stmt SEMICOLON expression SEMICOLON assign_stmt LBRACE statements RBRACE .)
    INT             reduce using rule 71 (for_stmt -> FOR assign_stmt SEMICOLON expression SEMICOLON assign_stmt LBRACE statements RBRACE .)
    FLOAT           reduce using rule 71 (for_stmt -> FOR assign_stmt SEMICOLON expression SEMICOLON assign_stmt LBRACE statements RBRACE .)
    TRUE            reduce using rule 71 (for_stmt -> FOR assign_stmt SEMICOLON expression SEMICOLON assign_stmt LBRACE statements RBRACE .)
    FALSE           reduce using rule 71 (for_stmt -> FOR assign_stmt SEMICOLON expression SEMICOLON assign_stmt LBRACE statements RBRACE .)
    CHAR            reduce using rule 71 (for_stmt -> FOR assign_stmt SEMICOLON expression SEMICOLON assign_stmt LBRACE statements RBRACE .)
    I8              reduce using rule 71 (for_stmt -> FOR assign_stmt SEMICOLON expression SEMICOLON assign_stmt LBRACE statements RBRACE .)
    I16             reduce using rule 71 (for_stmt -> FOR assign_stmt SEMICOLON expression SEMICOLON assign_stmt LBRACE statements RBRACE .)
    I32             reduce using rule 71 (for_stmt -> FOR assign_stmt SEMICOLON expression SEMICOLON assign_stmt LBRACE statements RBRACE .)
    I64             reduce using rule 71 (for_stmt -> FOR assign_stmt SEMICOLON expression SEMICOLON assign_stmt LBRACE statements RBRACE .)
    U8              reduce using rule 71 (for_stmt -> FOR assign_stmt SEMICOLON expression SEMICOLON assign_stmt LBRACE statements RBRACE .)
    U16             reduce using rule 71 (for_stmt -> FOR assign_stmt SEMICOLON expression SEMICOLON assign_stmt LBRACE statements RBRACE .)
    U32             reduce using rule 71 (for_stmt -> FOR assign_stmt SEMICOLON expression SEMICOLON assign_stmt LBRACE statements RBRACE .)
    U64             reduce using rule 71 (for_stmt -> FOR assign_stmt SEMICOLON expression SEMICOLON assign_stmt LBRACE statements RBRACE .)
    F32             reduce using rule 71 (for_stmt -> FOR assign_stmt SEMICOLON expression SEMICOLON assign_stmt LBRACE statements RBRACE .)
    F64             reduce using rule 71 (for_stmt -> FOR assign_stmt SEMICOLON expression SEMICOLON assign_stmt LBRACE statements RBRACE .)
    USIZE           reduce using rule 71 (for_stmt -> FOR assign_stmt SEMICOLON expression SEMICOLON assign_stmt LBRACE statements RBRACE .)
    ISIZE           reduce using rule 71 (for_stmt -> FOR assign_stmt SEMICOLON expression SEMICOLON assign_stmt LBRACE statements RBRACE .)
    STR_TYPE        reduce using rule 71 (for_stmt -> FOR assign_stmt SEMICOLON expression SEMICOLON assign_stmt LBRACE statements RBRACE .)
    BOOL_TYPE       reduce using rule 71 (for_stmt -> FOR assign_stmt SEMICOLON expression SEMICOLON assign_stmt LBRACE statements RBRACE .)
    INT_TYPE        reduce using rule 71 (for_stmt -> FOR assign_stmt SEMICOLON expression SEMICOLON assign_stmt LBRACE statements RBRACE .)
    CHAR_TYPE       reduce using rule 71 (for_stmt -> FOR assign_stmt SEMICOLON expression SEMICOLON assign_stmt LBRACE statements RBRACE .)
    VOID            reduce using rule 71 (for_stmt -> FOR assign_stmt SEMICOLON expression SEMICOLON assign_stmt LBRACE statements RBRACE .)
    $end            reduce using rule 71 (for_stmt -> FOR assign_stmt SEMICOLON expression SEMICOLON assign_stmt LBRACE statements RBRACE .)
    RBRACE          reduce using rule 71 (for_stmt -> FOR assign_stmt SEMICOLON expression SEMICOLON assign_stmt LBRACE statements RBRACE .)

WARNING: 
WARNING: Conflicts:
WARNING: 
WARNING: shift/reduce conflict for SUB in state 4 resolved as shift
WARNING: shift/reduce conflict for LBRACKET in state 19 resolved as shift
WARNING: shift/reduce conflict for LPAREN in state 19 resolved as shift
WARNING: shift/reduce conflict for LPAREN in state 19 resolved as shift
WARNING: shift/reduce conflict for LBRACKET in state 19 resolved as shift
WARNING: shift/reduce conflict for IDENT in state 35 resolved as shift
WARNING: shift/reduce conflict for LPAREN in state 35 resolved as shift
WARNING: shift/reduce conflict for LBRACE in state 35 resolved as shift
WARNING: shift/reduce conflict for NOT in state 35 resolved as shift
WARNING: shift/reduce conflict for SUB in state 35 resolved as shift
WARNING: shift/reduce conflict for LBRACKET in state 35 resolved as shift
WARNING: shift/reduce conflict for STR in state 35 resolved as shift
WARNING: shift/reduce conflict for INT in state 35 resolved as shift
WARNING: shift/reduce conflict for FLOAT in state 35 resolved as shift
WARNING: shift/reduce conflict for TRUE in state 35 resolved as shift
WARNING: shift/reduce conflict for FALSE in state 35 resolved as shift
WARNING: shift/reduce conflict for CHAR in state 35 resolved as shift
WARNING: shift/reduce conflict for LBRACKET in state 85 resolved as shift
WARNING: shift/reduce conflict for LBRACKET in state 85 resolved as shift
WARNING: shift/reduce conflict for ASSIGN in state 93 resolved as shift
WARNING: shift/reduce conflict for ASSIGN in state 93 resolved as shift
WARNING: shift/reduce conflict for SUB in state 105 resolved as shift
WARNING: shift/reduce conflict for SEMICOLON in state 133 resolved as shift
WARNING: shift/reduce conflict for SUB in state 155 resolved as shift
WARNING: shift/reduce conflict for SUB in state 156 resolved as shift
WARNING: shift/reduce conflict for SUB in state 174 resolved as shift
WARNING: shift/reduce conflict for LBRACE in state 183 resolved as shift
WARNING: shift/reduce conflict for LBRACE in state 202 resolved as shift
WARNING: shift/reduce conflict for SUB in state 209 resolved as shift
WARNING: reduce/reduce conflict in state 19 resolved using rule (expression -> IDENT)
WARNING: rejected rule (literal -> IDENT) in state 19
WARNING: reduce/reduce conflict in state 85 resolved using rule (expression -> IDENT)
WARNING: rejected rule (literal -> IDENT) in state 85
WARNING: reduce/reduce conflict in state 93 resolved using rule (expression -> IDENT)
WARNING: rejected rule (literal -> IDENT) in state 93
WARNING: Rule (literal -> IDENT) is never reduced
